id,ts,symbol,decision,setup,entry_price,tp1,tp2,sl,ai_score,flow_score,pre_score,oi_change,rs_1h,is_compressed,status,reason,probability,market_health,news_score,btc_regime,funding,exit_reason,pnl,pnl_pct,max_profit_pct,max_drawdown_pct,trade_state,exit_price,trigger_price,duration_minutes,outcome_trigger_hit,outcome_tp1_hit,outcome_tp2_hit,outcome_sl_hit,outcome_max_up_pct,outcome_max_down_pct,outcome_checked,outcome_trigger_min,outcome_tp1_min,outcome_tp2_min,outcome_sl_min,outcome_highest_price,outcome_lowest_price,outcome_status,first_tp_hit_time,last_update_time,outcome_mfe,outcome_mae,time_to_trigger_min,time_to_tp1_min,time_to_sl_min,shadow_rs,pnl_r,mfe_r,mae_r,exit_time,direction,shadow_tags,was_executed,execution_timestamp,actual_fill_price,execution_delay_sec,skip_reason,buy_intent_time,rs_bucket,ai_bucket,first_outcome_type,ambiguous_bar,entry_candle_ambiguous,pnl_pct_method,entry_slippage_pct,tp1_alert_sent,tp2_alert_sent,sl_alert_sent
1,2026-07-20T18:23:54.897603+00:00,AKEUSDT,WATCH,,0.0,0.0,0.0,0.0,84.6,43.9,26.9,184.32,3.803,False,WATCH,R:R too low (1.07),53.3,46.8,39.0,RANGE,0.0,,,0.0,0.0,0.0,ACTIVE,0.0,0.0,0,0,0,0,0,0.0,0.0,0,0.0,0.0,0.0,0.0,0.0,0.0,PENDING,0.0,,0.0,0.0,0.0,0.0,0.0,UNKNOWN,,,,,LONG,[],0,,,,,,RS>1,AI_80_100,,0,0,,,0,0,0
2,2026-07-20T18:23:54.899252+00:00,FARTCOINUSDT,WATCH,,0.0,0.0,0.0,0.0,100.0,44.5,38.7,308.73,1.7,False,WATCH,No valid setup,50.3,46.8,39.0,RANGE,0.0,,,0.0,0.0,0.0,ACTIVE,0.0,0.0,0,0,0,0,0,0.0,0.0,0,0.0,0.0,0.0,0.0,0.0,0.0,PENDING,0.0,,0.0,0.0,0.0,0.0,0.0,UNKNOWN,,,,,LONG,[],0,,,,,,RS>1,AI_80_100,,0,0,,,0,0,0
3,2026-07-20T18:23:54.900861+00:00,SNXUSDT,WATCH,BREAKOUT,0.0,0.0,0.0,0.0,100.0,53.2,40.0,140.85,0.833,False,WATCH,BREAKOUT setup — waiting for trigger,47.8,46.8,39.0,RANGE,0.0,,,0.0,0.0,0.0,ACTIVE,0.0,0.0,0,0,0,0,0,0.0,0.0,0,0.0,0.0,0.0,0.0,0.0,0.0,PENDING,0.0,,0.0,0.0,0.0,0.0,0.0,UNKNOWN,,,,,LONG,[],0,,,,,,RS_0.5_1,AI_80_100,,0,0,,,0,0,0
4,2026-07-20T18:23:54.902590+00:00,YBUSDT,WATCH,BREAKOUT,0.0,0.0,0.0,0.0,63.0,39.8,34.3,7425.52,1.116,False,WATCH,BREAKOUT setup — waiting for trigger,46.3,46.8,39.0,RANGE,0.0,,,0.0,0.0,0.0,ACTIVE,0.0,0.0,0,0,0,0,0,0.0,0.0,0,0.0,0.0,0.0,0.0,0.0,0.0,PENDING,0.0,,0.0,0.0,0.0,0.0,0.0,UNKNOWN,,,,,LONG,[],0,,,,,,RS>1,AI_60_80,,0,0,,,0,0,0
5,2026-07-20T18:23:54.904276+00:00,TRACUSDT,WATCH,,0.0,0.0,0.0,0.0,85.0,46.3,32.3,1387.15,0.689,False,WATCH,No valid setup,45.3,46.8,39.0,RANGE,0.0,,,0.0,0.0,0.0,ACTIVE,0.0,0.0,0,0,0,0,0,0.0,0.0,0,0.0,0.0,0.0,0.0,0.0,0.0,PENDING,0.0,,0.0,0.0,0.0,0.0,0.0,UNKNOWN,,,,,LONG,[],0,,,,,,RS_0.5_1,AI_80_100,,0,0,,,0,0,0
6,2026-07-20T18:31:54.856737+00:00,ALICEUSDT,PREPARE,,0.0,0.0,0.0,0.0,100.0,57.9,45.1,157.79,3.433,False,PREPARE,No valid setup,60.5,46.8,39.0,RANGE,0.0,,,0.0,0.0,0.0,ACTIVE,0.0,0.0,0,0,0,0,0,0.0,0.0,0,0.0,0.0,0.0,0.0,0.0,0.0,PENDING,0.0,,0.0,0.0,0.0,0.0,0.0,UNKNOWN,,,,,LONG,[],0,,,,,,RS>1,AI_80_100,,0,0,,,0,0,0
7,2026-07-20T18:31:54.858547+00:00,AGTUSDT,WATCH,,0.0,0.0,0.0,0.0,60.5,43.9,43.0,219.11,0.483,False,WATCH,No valid setup,29.8,46.8,39.0,RANGE,0.0,,,0.0,0.0,0.0,ACTIVE,0.0,0.0,0,0,0,0,0,0.0,0.0,0,0.0,0.0,0.0,0.0,0.0,0.0,PENDING,0.0,,0.0,0.0,0.0,0.0,0.0,UNKNOWN,,,,,LONG,[],0,,,,,,RS_0_0.5,AI_60_80,,0,0,,,0,0,0
8,2026-07-20T18:31:54.861004+00:00,APTUSDT,WATCH,BREAKOUT,0.0,0.0,0.0,0.0,90.5,34.8,47.1,86.35,0.098,False,WATCH,BREAKOUT setup — waiting for trigger,27.7,46.8,39.0,RANGE,0.0,,,0.0,0.0,0.0,ACTIVE,0.0,0.0,0,0,0,0,0,0.0,0.0,0,0.0,0.0,0.0,0.0,0.0,0.0,PENDING,0.0,,0.0,0.0,0.0,0.0,0.0,UNKNOWN,,,,,LONG,[],0,,,,,,RS_0_0.5,AI_80_100,,0,0,,,0,0,0
9,2026-07-20T18:31:54.863402+00:00,XMRUSDT,WATCH,,0.0,0.0,0.0,0.0,84.5,34.9,40.8,219.97,-0.147,False,WATCH,No valid setup,27.1,46.8,39.0,RANGE,0.0,,,0.0,0.0,0.0,ACTIVE,0.0,0.0,0,0,0,0,0,0.0,0.0,0,0.0,0.0,0.0,0.0,0.0,0.0,PENDING,0.0,,0.0,0.0,0.0,0.0,0.0,UNKNOWN,,,,,LONG,[],0,,,,,,RS<0,AI_80_100,,0,0,,,0,0,0
10,2026-07-20T18:31:54.865802+00:00,ADAUSDT,WATCH,,0.0,0.0,0.0,0.0,61.2,43.1,34.0,6.12,0.834,False,WATCH,No valid setup,23.7,46.8,39.0,RANGE,0.0,,,0.0,0.0,0.0,ACTIVE,0.0,0.0,0,0,0,0,0,0.0,0.0,0,0.0,0.0,0.0,0.0,0.0,0.0,PENDING,0.0,,0.0,0.0,0.0,0.0,0.0,UNKNOWN,,,,,LONG,[],0,,,,,,RS_0.5_1,AI_60_80,,0,0,,,0,0,0
11,2026-07-20T20:04:21.537324+00:00,ORDIUSDT,PREPARE,BREAKOUT,0.0,0.0,0.0,0.0,60.0,55.0,71.6,110.78,-0.398,True,PREPARE,BREAKOUT setup — waiting for trigger,58.4,46.8,39.0,RANGE,0.0,,,0.0,0.0,0.0,ACTIVE,0.0,0.0,0,0,0,0,0,0.0,0.0,0,0.0,0.0,0.0,0.0,0.0,0.0,PENDING,0.0,,0.0,0.0,0.0,0.0,0.0,UNKNOWN,,,,,LONG,[],0,,,,,,RS<0,AI_60_80,,0,0,,,0,0,0
12,2026-07-20T20:04:21.539428+00:00,AGTUSDT,BUY,DIP_BUY,0.011525,0.01210125,0.01325375,0.01141265,92.7,61.9,63.5,175.98,0.223,False,BUY,DIP_BUY trigger confirmed,47.3,46.8,39.0,RANGE,0.0,,,0.0,0.0,0.0,ACTIVE,0.0,0.011525,0,1,1,1,0,38.88,25.38,0,7350.6,7350.6,7350.6,,0.016006,0.01445,FINAL,7350.6,2026-07-26T06:53:22.696348,0.0,0.0,0.0,0.0,0.0,UNKNOWN,,,,,LONG,[],0,,,,,,RS_0_0.5,AI_80_100,,0,0,,,0,0,0
13,2026-07-20T20:04:21.541492+00:00,JSTUSDT,WATCH,BREAKOUT,0.0,0.0,0.0,0.0,79.6,42.2,36.8,1627.02,0.712,False,WATCH,BREAKOUT setup — waiting for trigger,44.4,46.8,39.0,RANGE,0.0,,,0.0,0.0,0.0,ACTIVE,0.0,0.0,0,0,0,0,0,0.0,0.0,0,0.0,0.0,0.0,0.0,0.0,0.0,PENDING,0.0,,0.0,0.0,0.0,0.0,0.0,UNKNOWN,,,,,LONG,[],0,,,,,,RS_0.5_1,AI_60_80,,0,0,,,0,0,0
14,2026-07-20T20:04:21.543558+00:00,SPKUSDT,WATCH,BREAKOUT,0.0,0.0,0.0,0.0,97.3,38.3,45.5,113.78,0.356,False,WATCH,BREAKOUT setup — waiting for trigger,28.9,46.8,39.0,RANGE,0.0,,,0.0,0.0,0.0,ACTIVE,0.0,0.0,0,0,0,0,0,0.0,0.0,0,0.0,0.0,0.0,0.0,0.0,0.0,PENDING,0.0,,0.0,0.0,0.0,0.0,0.0,UNKNOWN,,,,,LONG,[],0,,,,,,RS_0_0.5,AI_80_100,,0,0,,,0,0,0
15,2026-07-20T20:04:21.545695+00:00,ICPUSDT,WATCH,BREAKOUT,0.0,0.0,0.0,0.0,87.1,38.0,43.0,-12.11,0.152,False,WATCH,BREAKOUT setup — waiting for trigger,16.1,46.8,39.0,RANGE,0.0,,,0.0,0.0,0.0,ACTIVE,0.0,0.0,0,0,0,0,0,0.0,0.0,0,0.0,0.0,0.0,0.0,0.0,0.0,PENDING,0.0,,0.0,0.0,0.0,0.0,0.0,UNKNOWN,,,,,LONG,[],0,,,,,,RS_0_0.5,AI_80_100,,0,0,,,0,0,0
16,2026-07-20T21:19:40.024169+00:00,AVAXUSDT,BUY,DIP_BUY,6.615,6.94575,7.60725,6.55108,67.2,22.4,44.3,26.89,0.339,False,Pending ⏳,DIP_BUY trigger confirmed,21.4,46.8,39.0,RANGE,0.0,,,0.0,0.0,0.0,ACTIVE,0.0,0.0,0,1,0,0,0,3.08,1.66,0,7275.3,,,,6.819,6.725,FINAL,,2026-07-26T06:53:22.698143,0.0,0.0,0.0,0.0,0.0,UNKNOWN,,,,,LONG,[],0,,,,,,RS_0_0.5,AI_60_80,,0,0,,,0,0,0
17,2026-07-20T21:21:05.330103+00:00,SYNUSDT,WATCH,,0.0,0.0,0.0,0.0,82.3,52.4,55.3,115.32,-0.072,True,WATCH,No valid setup,57.0,46.8,39.0,RANGE,0.0,,,0.0,0.0,0.0,ACTIVE,0.0,0.0,0,0,0,0,0,0.0,0.0,0,0.0,0.0,0.0,0.0,0.0,0.0,PENDING,0.0,,0.0,0.0,0.0,0.0,0.0,UNKNOWN,,,,,LONG,[],0,,,,,,RS<0,AI_80_100,,0,0,,,0,0,0
18,2026-07-20T21:21:05.332455+00:00,RUNEUSDT,WATCH,BREAKOUT,0.0,0.0,0.0,0.0,86.3,51.7,52.3,161.23,-0.024,False,WATCH,BREAKOUT setup — waiting for trigger,29.7,46.8,39.0,RANGE,0.0,,,0.0,0.0,0.0,ACTIVE,0.0,0.0,0,0,0,0,0,0.0,0.0,0,0.0,0.0,0.0,0.0,0.0,0.0,PENDING,0.0,,0.0,0.0,0.0,0.0,0.0,UNKNOWN,,,,,LONG,[],0,,,,,,RS<0,AI_80_100,,0,0,,,0,0,0
19,2026-07-20T21:21:05.334945+00:00,XPLUSDT,WATCH,BREAKOUT,0.0,0.0,0.0,0.0,85.8,45.0,42.7,4061.89,0.299,False,WATCH,BREAKOUT setup — waiting for trigger,29.4,46.8,39.0,RANGE,0.0,,,0.0,0.0,0.0,ACTIVE,0.0,0.0,0,0,0,0,0,0.0,0.0,0,0.0,0.0,0.0,0.0,0.0,0.0,PENDING,0.0,,0.0,0.0,0.0,0.0,0.0,UNKNOWN,,,,,LONG,[],0,,,,,,RS_0_0.5,AI_80_100,,0,0,,,0,0,0
20,2026-07-20T21:21:05.337231+00:00,ASTERUSDT,WATCH,BREAKOUT,0.0,0.0,0.0,0.0,100.0,39.3,37.7,240.93,0.034,False,WATCH,BREAKOUT setup — waiting for trigger,27.6,46.8,39.0,RANGE,0.0,,,0.0,0.0,0.0,ACTIVE,0.0,0.0,0,0,0,0,0,0.0,0.0,0,0.0,0.0,0.0,0.0,0.0,0.0,PENDING,0.0,,0.0,0.0,0.0,0.0,0.0,UNKNOWN,,,,,LONG,[],0,,,,,,RS_0_0.5,AI_80_100,,0,0,,,0,0,0
21,2026-07-20T21:21:05.339586+00:00,AVAXUSDT,BUY,DIP_BUY,6.615,6.94575,7.60725,6.55108,67.2,22.4,44.3,26.89,0.339,False,BUY,DIP_BUY trigger confirmed,21.4,46.8,39.0,RANGE,0.0,,,0.0,0.0,0.0,ACTIVE,0.0,6.615,0,1,0,0,0,3.08,1.66,0,7273.9,,,,6.819,6.725,FINAL,,2026-07-26T06:53:22.699672,0.0,0.0,0.0,0.0,0.0,UNKNOWN,,,,,LONG,[],0,,,,,,RS_0_0.5,AI_60_80,,0,0,,,0,0,0
22,2026-07-20T22:20:19.026742+00:00,HANAUSDT,WATCH,,0.0,0.0,0.0,0.0,78.5,35.1,26.5,123.44,3.78,False,WATCH,No valid setup,51.0,46.8,39.0,RANGE,0.0,,,0.0,0.0,0.0,ACTIVE,0.0,0.0,0,0,0,0,0,0.0,0.0,0,0.0,0.0,0.0,0.0,0.0,0.0,PENDING,0.0,,0.0,0.0,0.0,0.0,0.0,UNKNOWN,,,,,LONG,[],0,,,,,,RS>1,AI_60_80,,0,0,,,0,0,0
23,2026-07-20T22:20:19.029338+00:00,AGTUSDT,PREPARE,,0.0,0.0,0.0,0.0,75.2,68.7,56.8,1056.32,0.309,False,PREPARE,No valid setup,48.2,46.8,39.0,RANGE,0.0,,,0.0,0.0,0.0,ACTIVE,0.0,0.0,0,0,0,0,0,0.0,0.0,0,0.0,0.0,0.0,0.0,0.0,0.0,PENDING,0.0,,0.0,0.0,0.0,0.0,0.0,UNKNOWN,,,,,LONG,[],0,,,,,,RS_0_0.5,AI_60_80,,0,0,,,0,0,0
24,2026-07-20T22:20:19.031601+00:00,NESUSDT,WATCH,BREAKOUT,0.0,0.0,0.0,0.0,97.3,45.5,50.5,287.62,0.275,False,WATCH,BREAKOUT setup — waiting for trigger,29.5,46.8,39.0,RANGE,0.0,,,0.0,0.0,0.0,ACTIVE,0.0,0.0,0,0,0,0,0,0.0,0.0,0,0.0,0.0,0.0,0.0,0.0,0.0,PENDING,0.0,,0.0,0.0,0.0,0.0,0.0,UNKNOWN,,,,,LONG,[],0,,,,,,RS_0_0.5,AI_80_100,,0,0,,,0,0,0
25,2026-07-20T22:20:19.033940+00:00,KAITOUSDT,WATCH,BREAKOUT,0.0,0.0,0.0,0.0,96.4,37.5,45.2,1166.83,0.381,False,WATCH,BREAKOUT setup — waiting for trigger,28.6,46.8,39.0,RANGE,0.0,,,0.0,0.0,0.0,ACTIVE,0.0,0.0,0,0,0,0,0,0.0,0.0,0,0.0,0.0,0.0,0.0,0.0,0.0,PENDING,0.0,,0.0,0.0,0.0,0.0,0.0,UNKNOWN,,,,,LONG,[],0,,,,,,RS_0_0.5,AI_80_100,,0,0,,,0,0,0
26,2026-07-20T22:20:19.036356+00:00,OPUSDT,WATCH,BREAKOUT,0.0,0.0,0.0,0.0,94.2,50.0,29.9,-38.63,0.037,False,WATCH,BREAKOUT setup — waiting for trigger,16.7,46.8,39.0,RANGE,0.0,,,0.0,0.0,0.0,ACTIVE,0.0,0.0,0,0,0,0,0,0.0,0.0,0,0.0,0.0,0.0,0.0,0.0,0.0,PENDING,0.0,,0.0,0.0,0.0,0.0,0.0,UNKNOWN,,,,,LONG,[],0,,,,,,RS_0_0.5,AI_80_100,,0,0,,,0,0,0
27,2026-07-20T23:19:37.044374+00:00,ETHUSDT,BUY,DIP_BUY,1902.06,1997.163,2187.369,1884.7688,70.4,25.8,20.3,-40.28,0.183,False,Pending ⏳,DIP_BUY trigger confirmed,8.7,46.8,39.0,RANGE,0.0,,,0.0,0.0,0.0,ACTIVE,0.0,0.0,0,0,0,0,1,-0.69,-1.5,0,,,,7155.4,1888.87,1873.47,FINAL,7155.4,2026-07-26T06:53:22.701260,0.0,0.0,0.0,0.0,0.0,UNKNOWN,,,,,LONG,[],0,,,,,,RS_0_0.5,AI_60_80,,0,0,,,0,0,0
28,2026-07-20T23:19:38.916420+00:00,SOLUSDT,BUY,VWAP_RECLAIM,77.71,80.42985,83.9268,76.82351579,66.7,20.8,19.1,-52.42,0.18,False,Pending ⏳,VWAP_RECLAIM trigger confirmed,9.4,46.8,39.0,RANGE,0.0,,,0.0,0.0,0.0,ACTIVE,0.0,0.0,0,0,0,0,1,-3.19,-4.3,0,,,,7155.4,75.23,74.37,FINAL,7155.4,2026-07-26T06:53:22.702789,0.0,0.0,0.0,0.0,0.0,UNKNOWN,,,,,LONG,[],0,,,,,,RS_0_0.5,AI_60_80,,0,0,,,0,0,0
29,2026-07-20T23:19:40.412876+00:00,BNBUSDT,BUY,DIP_BUY,570.552,599.0796,656.1348,566.90125,61.4,29.9,36.9,362.24,-0.047,False,Pending ⏳,DIP_BUY trigger confirmed,25.1,46.8,39.0,RANGE,0.0,,,0.0,0.0,0.0,ACTIVE,0.0,0.0,0,1,0,0,0,0.27,-0.31,0,7525.3,,,,572.094,568.768,FINAL,,2026-07-26T06:53:22.704348,0.0,0.0,0.0,0.0,0.0,UNKNOWN,,,,,LONG,[],0,,,,,,RS<0,AI_60_80,,0,0,,,0,0,0
30,2026-07-20T23:19:45.487681+00:00,SUIUSDT,BUY,DIP_BUY,0.7644,0.80262,0.87906,0.7561005,58.1,27.1,14.3,-43.39,0.238,False,Pending ⏳,DIP_BUY trigger confirmed,9.4,46.8,39.0,RANGE,0.0,,,0.0,0.0,0.0,ACTIVE,0.0,0.0,0,0,0,0,1,-5.47,-6.99,0,,,,7155.2,0.7226,0.711,FINAL,7155.2,2026-07-26T06:53:22.705887,0.0,0.0,0.0,0.0,0.0,UNKNOWN,,,,,LONG,[],0,,,,,,RS_0_0.5,AI_40_60,,0,0,,,0,0,0
31,2026-07-20T23:19:50.881210+00:00,AAVEUSDT,BUY,DIP_BUY,89.805,94.29525,103.27575,88.79778,68.0,37.6,45.3,194.3,0.087,False,Pending ⏳,DIP_BUY trigger confirmed,25.9,46.8,39.0,RANGE,0.0,,,0.0,0.0,0.0,ACTIVE,0.0,0.0,0,1,0,0,0,4.46,1.94,0,7155.2,,,,93.812,91.544,FINAL,,2026-07-26T06:53:22.707460,0.0,0.0,0.0,0.0,0.0,UNKNOWN,,,,,LONG,[],0,,,,,,RS_0_0.5,AI_60_80,,0,0,,,0,0,0
32,2026-07-20T23:19:57.191804+00:00,ENAUSDT,BUY,VWAP_RECLAIM,0.0829,0.0858015,0.089532,0.08203673,79.6,21.4,20.6,-22.09,0.696,False,Pending ⏳,VWAP_RECLAIM trigger confirmed,11.7,46.8,39.0,RANGE,0.0,,,0.0,0.0,0.0,ACTIVE,0.0,0.0,0,1,1,0,0,4.1,2.29,0,7155.0,7155.0,,,0.0863,0.0848,FINAL,7155.0,2026-07-26T06:53:22.709197,0.0,0.0,0.0,0.0,0.0,UNKNOWN,,,,,LONG,[],0,,,,,,RS_0.5_1,AI_60_80,,0,0,,,0,0,0
33,2026-07-20T23:20:18.631927+00:00,FETUSDT,BUY,DIP_BUY,0.1538,0.16149,0.17687,0.152235,68.7,28.4,48.4,105.22,0.17,False,Pending ⏳,DIP_BUY trigger confirmed,27.4,46.8,39.0,RANGE,0.0,,,0.0,0.0,0.0,ACTIVE,0.0,0.0,0,1,0,0,0,4.55,2.67,0,7154.7,,,,0.1608,0.1579,FINAL,,2026-07-26T06:53:22.710722,0.0,0.0,0.0,0.0,0.0,UNKNOWN,,,,,LONG,[],0,,,,,,RS_0_0.5,AI_60_80,,0,0,,,0,0,0
34,2026-07-20T23:20:19.832461+00:00,ETCUSDT,BUY,DIP_BUY,6.9201,7.266105,7.958115,6.868087,48.7,10.3,17.1,-25.89,-0.021,False,Pending ⏳,DIP_BUY trigger confirmed,11.2,46.8,39.0,RANGE,0.0,,,0.0,0.0,0.0,ACTIVE,0.0,0.0,0,1,0,0,1,0.27,-3.09,0,7574.7,,,7154.7,6.9386,6.7063,FINAL,7154.7,2026-07-26T06:53:22.712450,0.0,0.0,0.0,0.0,0.0,UNKNOWN,,,,,LONG,[],0,,,,,,RS<0,AI_40_60,,0,0,,,0,0,0
35,2026-07-20T23:21:40.295806+00:00,KAITOUSDT,PREPARE,BREAKOUT,0.0,0.0,0.0,0.0,66.9,62.1,49.2,526.63,0.44,False,PREPARE,BREAKOUT setup — waiting for trigger,48.1,46.8,39.0,RANGE,0.0,,,0.0,0.0,0.0,ACTIVE,0.0,0.0,0,0,0,0,0,0.0,0.0,0,0.0,0.0,0.0,0.0,0.0,0.0,PENDING,0.0,,0.0,0.0,0.0,0.0,0.0,UNKNOWN,,,,,LONG,[],0,,,,,,RS_0_0.5,AI_60_80,,0,0,,,0,0,0
36,2026-07-20T23:21:40.299140+00:00,HBARUSDT,WATCH,BREAKOUT,0.0,0.0,0.0,0.0,74.6,36.9,44.7,487.53,0.024,False,WATCH,BREAKOUT setup — waiting for trigger,27.9,46.8,39.0,RANGE,0.0,,,0.0,0.0,0.0,ACTIVE,0.0,0.0,0,0,0,0,0,0.0,0.0,0,0.0,0.0,0.0,0.0,0.0,0.0,PENDING,0.0,,0.0,0.0,0.0,0.0,0.0,UNKNOWN,,,,,LONG,[],0,,,,,,RS_0_0.5,AI_60_80,,0,0,,,0,0,0
37,2026-07-20T23:21:40.302074+00:00,FETUSDT,BUY,DIP_BUY,0.1538,0.16149,0.17687,0.152235,68.7,28.4,48.4,105.22,0.17,False,BUY,DIP_BUY trigger confirmed,27.4,46.8,39.0,RANGE,0.0,,,0.0,0.0,0.0,ACTIVE,0.0,0.1538,0,1,0,0,0,4.55,2.67,0,7153.3,,,,0.1608,0.1579,FINAL,,2026-07-26T06:53:22.713984,0.0,0.0,0.0,0.0,0.0,UNKNOWN,,,,,LONG,[],0,,,,,,RS_0_0.5,AI_60_80,,0,0,,,0,0,0
38,2026-07-20T23:21:40.305045+00:00,AAVEUSDT,BUY,DIP_BUY,89.805,94.29525,103.27575,88.79778,68.0,37.6,45.3,194.3,0.087,False,BUY,DIP_BUY trigger confirmed,25.9,46.8,39.0,RANGE,0.0,,,0.0,0.0,0.0,ACTIVE,0.0,89.805,0,1,0,0,0,4.46,1.94,0,7153.3,,,,93.812,91.544,FINAL,,2026-07-26T06:53:22.715499,0.0,0.0,0.0,0.0,0.0,UNKNOWN,,,,,LONG,[],0,,,,,,RS_0_0.5,AI_60_80,,0,0,,,0,0,0
39,2026-07-20T23:21:40.308418+00:00,BNBUSDT,BUY,DIP_BUY,570.552,599.0796,656.1348,566.90125,61.4,29.9,36.9,362.24,-0.047,False,BUY,DIP_BUY trigger confirmed,25.1,46.8,39.0,RANGE,0.0,,,0.0,0.0,0.0,ACTIVE,0.0,570.552,0,1,0,0,0,0.27,-0.31,0,7433.3,,,,572.094,568.768,FINAL,,2026-07-26T06:53:22.717111,0.0,0.0,0.0,0.0,0.0,UNKNOWN,,,,,LONG,[],0,,,,,,RS<0,AI_60_80,,0,0,,,0,0,0
40,2026-07-21T00:17:08.817626+00:00,VIRTUALUSDT,BUY,DIP_BUY,0.644,0.6762,0.7406,0.6370985,77.9,47.7,44.7,989.6,0.489,False,CLOSED 🏁,DIP_BUY trigger confirmed,44.5,46.0,35.0,RANGE,0.0,EMERGENCY: VWAP and EMA20 lost,0.0,0.0,0.0,0.0,CLOSED,0.6028,0.0,0,0,0,0,1,-8.17,-9.63,0,,,,7097.9,0.5914,0.582,FINAL,7097.9,2026-07-26T06:53:22.718569,0.0,0.0,0.0,0.0,0.0,UNKNOWN,,,,,LONG,[],0,,,,,,RS_0_0.5,AI_60_80,,0,0,,,0,0,0
41,2026-07-21T00:17:10.922478+00:00,FILUSDT,BUY,DIP_BUY,0.7357,0.772485,0.846055,0.7300315,64.1,19.2,31.0,4.05,0.251,False,Pending ⏳,DIP_BUY trigger confirmed,13.9,46.0,35.0,RANGE,0.0,,,0.0,0.0,0.0,ACTIVE,0.0,0.0,0,1,0,0,0,1.7,-0.37,0,7097.8,,,,0.7482,0.733,FINAL,,2026-07-26T06:53:22.720110,0.0,0.0,0.0,0.0,0.0,UNKNOWN,,,,,LONG,[],0,,,,,,RS_0_0.5,AI_60_80,,0,0,,,0,0,0
42,2026-07-21T00:17:19.552160+00:00,TLMUSDT,BUY,DIP_BUY,0.00183,0.0019215,0.0021045,0.00178205,72.3,32.1,34.7,182.2,1.332,False,Pending ⏳,DIP_BUY trigger confirmed,45.2,46.0,35.0,RANGE,0.0,,,0.0,0.0,0.0,ACTIVE,0.0,0.0,0,0,0,0,1,-6.61,-11.69,0,,,,7097.7,0.001709,0.001616,FINAL,7097.7,2026-07-26T06:53:22.721575,0.0,0.0,0.0,0.0,0.0,UNKNOWN,,,,,LONG,[],0,,,,,,RS>1,AI_60_80,,0,0,,,0,0,0
43,2026-07-21T00:18:54.634166+00:00,LDOUSDT,WATCH,BREAKOUT,0.0,0.0,0.0,0.0,72.0,51.6,36.6,176.61,0.873,False,WATCH,BREAKOUT setup — waiting for trigger,46.8,46.0,35.0,RANGE,0.0,,,0.0,0.0,0.0,ACTIVE,0.0,0.0,0,0,0,0,0,0.0,0.0,0,0.0,0.0,0.0,0.0,0.0,0.0,PENDING,0.0,,0.0,0.0,0.0,0.0,0.0,UNKNOWN,,,,,LONG,[],0,,,,,,RS_0.5_1,AI_60_80,,0,0,,,0,0,0
44,2026-07-21T00:18:54.636940+00:00,TLMUSDT,BUY,DIP_BUY,0.00183,0.0019215,0.0021045,0.00178205,72.3,32.1,34.7,182.2,1.332,False,BUY,DIP_BUY trigger confirmed,45.2,46.0,35.0,RANGE,0.0,,,0.0,0.0,0.0,ACTIVE,0.0,0.00183,0,0,0,0,1,-6.61,-11.69,0,,,,7096.1,0.001709,0.001616,FINAL,7096.1,2026-07-26T06:53:22.723064,0.0,0.0,0.0,0.0,0.0,UNKNOWN,,,,,LONG,[],0,,,,,,RS>1,AI_60_80,,0,0,,,0,0,0
45,2026-07-21T00:18:54.639633+00:00,VIRTUALUSDT,BUY,DIP_BUY,0.644,0.6762,0.7406,0.6370985,77.9,47.7,44.7,989.6,0.489,False,CLOSED 🏁,DIP_BUY trigger confirmed,44.5,46.0,35.0,RANGE,0.0,EMERGENCY: VWAP and EMA20 lost,0.0,0.0,0.0,0.0,CLOSED,0.6028,0.644,0,0,0,0,1,-8.17,-9.63,0,,,,7096.1,0.5914,0.582,FINAL,7096.1,2026-07-26T06:53:22.724513,0.0,0.0,0.0,0.0,0.0,UNKNOWN,,,,,LONG,[],0,,,,,,RS_0_0.5,AI_60_80,,0,0,,,0,0,0
46,2026-07-21T00:18:54.642360+00:00,RUNEUSDT,BUY,VWAP_RECLAIM,0.4452,0.460782,0.480816,0.44055027,98.4,30.8,47.7,121.73,0.205,False,BUY,VWAP_RECLAIM trigger confirmed,27.2,46.0,35.0,RANGE,0.0,,,0.0,0.0,0.0,ACTIVE,0.0,0.4452,0,0,0,0,1,-3.75,-4.27,0,,,,7096.1,0.4285,0.4262,FINAL,7096.1,2026-07-26T06:53:22.725993,0.0,0.0,0.0,0.0,0.0,UNKNOWN,,,,,LONG,[],0,,,,,,RS_0_0.5,AI_80_100,,0,0,,,0,0,0
47,2026-07-21T00:18:54.645074+00:00,HANAUSDT,BUY,DIP_BUY,0.04254,0.044667,0.048921,0.0420089,87.2,24.6,47.2,215.62,0.303,False,BUY,DIP_BUY trigger confirmed,26.8,46.0,35.0,RANGE,0.0,,,0.0,0.0,0.0,ACTIVE,0.0,0.04254,0,0,0,0,1,-30.96,-36.46,0,,,,7096.1,0.02937,0.02703,FINAL,7096.1,2026-07-26T06:53:22.727449,0.0,0.0,0.0,0.0,0.0,UNKNOWN,,,,,LONG,[],0,,,,,,RS_0_0.5,AI_80_100,,0,0,,,0,0,0
48,2026-07-21T03:51:50.273539+00:00,WETHUSDT,BUY,DIP_BUY,1878.84,1972.782,2160.666,1833.69545,64.8,18.0,21.9,0.0,0.416,False,Pending ⏳,DIP_BUY trigger confirmed,9.2,46.0,35.0,RANGE,0.0,,,0.0,0.0,0.0,ACTIVE,0.0,0.0,0,1,0,0,0,0.34,-1.39,0,7208.2,,,,1885.21,1852.67,FINAL,,2026-07-26T06:53:22.728882,0.0,0.0,0.0,0.0,0.0,UNKNOWN,,,,,LONG,[],0,,,,,,RS_0_0.5,AI_60_80,,0,0,,,0,0,0
49,2026-07-21T03:52:21.034024+00:00,JUPUSDT,BUY,DIP_BUY,0.2002,0.21021,0.23023,0.1973085,70.0,18.0,21.4,-71.47,0.982,False,Pending ⏳,DIP_BUY trigger confirmed,10.6,46.0,35.0,RANGE,0.0,,,0.0,0.0,0.0,ACTIVE,0.0,0.0,0,0,0,0,1,-6.19,-7.54,0,,,,6882.6,0.1878,0.1851,FINAL,6882.6,2026-07-26T06:53:22.730360,0.0,0.0,0.0,0.0,0.0,UNKNOWN,,,,,LONG,[],0,,,,,,RS_0.5_1,AI_60_80,,0,0,,,0,0,0
50,2026-07-21T03:53:17.589480+00:00,PARTIUSDT,PREPARE,BREAKOUT,0.0,0.0,0.0,0.0,73.3,68.0,45.5,1122.13,1.956,False,PREPARE,BREAKOUT setup — waiting for trigger,56.5,46.0,35.0,RANGE,0.0,,,0.0,0.0,0.0,ACTIVE,0.0,0.0,0,0,0,0,0,0.0,0.0,0,0.0,0.0,0.0,0.0,0.0,0.0,PENDING,0.0,,0.0,0.0,0.0,0.0,0.0,UNKNOWN,,,,,LONG,[],0,,,,,,RS>1,AI_60_80,,0,0,,,0,0,0
51,2026-07-21T03:53:17.593115+00:00,ARBUSDT,WATCH,BREAKOUT,0.0,0.0,0.0,0.0,100.0,44.8,51.1,148.63,0.032,True,WATCH,BREAKOUT setup — waiting for trigger,55.8,46.0,35.0,RANGE,0.0,,,0.0,0.0,0.0,ACTIVE,0.0,0.0,0,0,0,0,0,0.0,0.0,0,0.0,0.0,0.0,0.0,0.0,0.0,PENDING,0.0,,0.0,0.0,0.0,0.0,0.0,UNKNOWN,,,,,LONG,[],0,,,,,,RS_0_0.5,AI_80_100,,0,0,,,0,0,0
52,2026-07-21T03:53:17.597122+00:00,VVVUSDT,WATCH,BREAKOUT,0.0,0.0,0.0,0.0,88.7,48.0,39.2,4760.68,1.539,False,WATCH,BREAKOUT setup — waiting for trigger,50.2,46.0,35.0,RANGE,0.0,,,0.0,0.0,0.0,ACTIVE,0.0,0.0,0,0,0,0,0,0.0,0.0,0,0.0,0.0,0.0,0.0,0.0,0.0,PENDING,0.0,,0.0,0.0,0.0,0.0,0.0,UNKNOWN,,,,,LONG,[],0,,,,,,RS>1,AI_80_100,,0,0,,,0,0,0
53,2026-07-21T03:53:17.727151+00:00,HBARUSDT,BUY,DIP_BUY,0.06715,0.0705075,0.0772225,0.06667495,71.1,40.4,33.7,-55.2,0.146,True,BUY,DIP_BUY trigger confirmed,20.4,46.0,35.0,RANGE,0.0,,,0.0,0.0,0.0,ACTIVE,0.0,0.06715,0,1,1,0,0,5.99,3.8,0,6881.7,6881.7,,,0.07117,0.0697,FINAL,6881.7,2026-07-26T06:53:22.732032,0.0,0.0,0.0,0.0,0.0,UNKNOWN,,,,,LONG,[],0,,,,,,RS_0_0.5,AI_60_80,,0,0,,,0,0,0
54,2026-07-21T03:53:17.731145+00:00,VIRTUALUSDT,WATCH,DIP_BUY,0.6545,0.687225,0.752675,0.6424715,75.6,19.2,22.5,-52.61,1.285,False,CLOSED 🏁,DIP_BUY trigger confirmed,12.2,46.0,35.0,RANGE,0.0,EMERGENCY: VWAP and EMA20 lost,0.0,0.0,0.0,0.0,CLOSED,0.6028,0.6545,0,0,0,0,1,-9.64,-11.08,0,,,,6881.7,0.5914,0.582,FINAL,6881.7,2026-07-26T06:53:22.733492,0.0,0.0,0.0,0.0,0.0,UNKNOWN,,,,,LONG,[],0,,,,,,RS>1,AI_60_80,,0,0,,,0,0,0
55,2026-07-21T06:20:40.580189+00:00,ZECUSDT,BUY,DIP_BUY,550.166,577.6743,632.6909,544.124705,73.7,41.1,58.2,11.64,0.129,False,Pending ⏳,DIP_BUY trigger confirmed,25.5,46.0,35.0,RANGE,0.0,,,0.0,0.0,0.0,ACTIVE,0.0,0.0,0,0,0,0,1,-10.14,-12.13,0,,,,6734.3,494.4,483.404,FINAL,6734.3,2026-07-26T06:53:22.734956,0.0,0.0,0.0,0.0,0.0,UNKNOWN,,,,,LONG,[],0,,,,,,RS_0_0.5,AI_60_80,,0,0,,,0,0,0
56,2026-07-21T06:20:47.604315+00:00,NEARUSDT,BUY,DIP_BUY,2.0563,2.159115,2.364745,2.021243,82.7,23.8,32.7,4.99,0.858,False,Pending ⏳,DIP_BUY trigger confirmed,19.3,46.0,35.0,RANGE,0.0,,,0.0,0.0,0.0,ACTIVE,0.0,0.0,0,0,0,0,1,-12.21,-13.13,0,,,,6734.2,1.8052,1.7863,FINAL,6734.2,2026-07-26T06:53:22.736417,0.0,0.0,0.0,0.0,0.0,UNKNOWN,,,,,LONG,[],0,,,,,,RS_0.5_1,AI_80_100,,0,0,,,0,0,0
57,2026-07-21T06:22:06.417096+00:00,AEROUSDT,BUY,DIP_BUY,0.436,0.4578,0.5014,0.4327255,66.5,25.1,28.5,-42.0,0.243,True,Pending ⏳,DIP_BUY trigger confirmed,21.9,46.0,35.0,RANGE,0.0,,,0.0,0.0,0.0,ACTIVE,0.0,0.0,0,0,0,0,1,-2.36,-5.5,0,,,,6732.9,0.4257,0.412,FINAL,6732.9,2026-07-26T06:53:22.737947,0.0,0.0,0.0,0.0,0.0,UNKNOWN,,,,,LONG,[],0,,,,,,RS_0_0.5,AI_60_80,,0,0,,,0,0,0
58,2026-07-21T06:23:01.373805+00:00,VVVUSDT,PREPARE,,0.0,0.0,0.0,0.0,82.1,60.7,41.0,496.9,3.649,False,PREPARE,No valid setup,58.3,46.0,35.0,RANGE,0.0,,,0.0,0.0,0.0,ACTIVE,0.0,0.0,0,0,0,0,0,0.0,0.0,0,0.0,0.0,0.0,0.0,0.0,0.0,PENDING,0.0,,0.0,0.0,0.0,0.0,0.0,UNKNOWN,,,,,LONG,[],0,,,,,,RS>1,AI_80_100,,0,0,,,0,0,0
59,2026-07-21T06:23:01.377587+00:00,TREEUSDT,WATCH,,0.0,0.0,0.0,0.0,69.6,50.9,42.1,308.99,3.314,False,WATCH,No valid setup,54.6,46.0,35.0,RANGE,0.0,,,0.0,0.0,0.0,ACTIVE,0.0,0.0,0,0,0,0,0,0.0,0.0,0,0.0,0.0,0.0,0.0,0.0,0.0,PENDING,0.0,,0.0,0.0,0.0,0.0,0.0,UNKNOWN,,,,,LONG,[],0,,,,,,RS>1,AI_60_80,,0,0,,,0,0,0
60,2026-07-21T06:23:01.381124+00:00,ZECUSDT,BUY,DIP_BUY,550.166,577.6743,632.6909,544.124705,73.7,41.1,58.2,11.64,0.129,False,BUY,DIP_BUY trigger confirmed,25.5,46.0,35.0,RANGE,0.0,,,0.0,0.0,0.0,ACTIVE,0.0,550.166,0,0,0,0,1,-10.14,-12.13,0,,,,6732.0,494.4,483.404,FINAL,6732.0,2026-07-26T06:53:22.739419,0.0,0.0,0.0,0.0,0.0,UNKNOWN,,,,,LONG,[],0,,,,,,RS_0_0.5,AI_60_80,,0,0,,,0,0,0
61,2026-07-21T06:23:01.384669+00:00,AEROUSDT,WATCH,DIP_BUY,0.436,0.4578,0.5014,0.4327255,66.5,25.1,28.5,-42.0,0.243,True,WATCH,DIP_BUY trigger confirmed,21.9,46.0,35.0,RANGE,0.0,,,0.0,0.0,0.0,ACTIVE,0.0,0.436,0,0,0,0,1,-2.36,-5.5,0,,,,6732.0,0.4257,0.412,FINAL,6732.0,2026-07-26T06:53:22.740938,0.0,0.0,0.0,0.0,0.0,UNKNOWN,,,,,LONG,[],0,,,,,,RS_0_0.5,AI_60_80,,0,0,,,0,0,0
62,2026-07-21T06:23:01.388218+00:00,NEARUSDT,BUY,DIP_BUY,2.0563,2.159115,2.364745,2.021243,82.7,23.8,32.7,4.99,0.858,False,BUY,DIP_BUY trigger confirmed,19.3,46.0,35.0,RANGE,0.0,,,0.0,0.0,0.0,ACTIVE,0.0,2.0563,0,0,0,0,1,-12.21,-13.13,0,,,,6732.0,1.8052,1.7863,FINAL,6732.0,2026-07-26T06:53:22.742413,0.0,0.0,0.0,0.0,0.0,UNKNOWN,,,,,LONG,[],0,,,,,,RS_0.5_1,AI_80_100,,0,0,,,0,0,0
63,2026-07-21T09:08:42.265453+00:00,PYTHUSDT,BUY,DIP_BUY,0.04751,0.0498855,0.0546365,0.0472426,60.0,28.0,26.2,-38.12,0.086,True,Pending ⏳,DIP_BUY trigger confirmed,22.9,46.0,35.0,RANGE,0.0,,,0.0,0.0,0.0,ACTIVE,0.0,0.0,0,0,0,0,1,-8.71,-10.38,0,,,,6566.3,0.04337,0.04258,FINAL,6566.3,2026-07-26T06:53:22.743897,0.0,0.0,0.0,0.0,0.0,UNKNOWN,,,,,LONG,[],0,,,,,,RS_0_0.5,AI_60_80,,0,0,,,0,0,0
64,2026-07-21T09:08:46.782211+00:00,CASHCATUSDT,BUY,DIP_BUY,0.0826,0.08673,0.09499,0.080396,61.2,50.8,45.1,162.37,1.125,False,Pending ⏳,DIP_BUY trigger confirmed,48.7,46.0,35.0,RANGE,0.0,,,25.06,0.0,0.0,ACTIVE,0.0,0.0,0,1,1,1,0,30.51,22.03,0,0.0,0.0,40066.2,0.0,0.1078,0.1008,FINAL,40066.2,2026-08-18T13:14:49.102699,30.51,22.03,40066.2,40066.2,,UNKNOWN,,,,,LONG,[],0,,,,,,RS>1,AI_60_80,,0,0,,,0,0,0
65,2026-07-21T09:08:54.150354+00:00,CASHCATUSDT,BUY,DIP_BUY,0.0826,0.08673,0.09499,0.080396,61.2,50.8,45.1,162.37,1.125,False,BUY,DIP_BUY trigger confirmed,48.7,46.0,35.0,RANGE,0.0,,,25.06,0.0,0.0,ACTIVE,0.0,0.0826,0,1,1,1,0,30.51,22.03,0,0.0,0.0,40066.1,0.0,0.1078,0.1008,FINAL,40066.1,2026-08-18T13:14:49.106510,30.51,22.03,40066.1,40066.1,,UNKNOWN,,,,,LONG,[],0,,,,,,RS>1,AI_60_80,,0,0,,,0,0,0
66,2026-07-21T09:08:54.154301+00:00,UPUSDT,PREPARE,BREAKOUT,0.0,0.0,0.0,0.0,100.0,55.4,42.6,1499.5,0.172,False,PREPARE,BREAKOUT setup — waiting for trigger,44.6,46.0,35.0,RANGE,0.0,,,0.0,0.0,0.0,ACTIVE,0.0,0.0,0,0,0,0,0,0.0,0.0,0,0.0,0.0,0.0,0.0,0.0,0.0,PENDING,0.0,,0.0,0.0,0.0,0.0,0.0,UNKNOWN,,,,,LONG,[],0,,,,,,RS_0_0.5,AI_80_100,,0,0,,,0,0,0
67,2026-07-21T09:08:54.158276+00:00,AEROUSDT,WATCH,BREAKOUT,0.0,0.0,0.0,0.0,62.9,34.8,45.6,251.77,0.341,False,WATCH,BREAKOUT setup — waiting for trigger,28.4,46.0,35.0,RANGE,0.0,,,0.0,0.0,0.0,ACTIVE,0.0,0.0,0,0,0,0,0,0.0,0.0,0,0.0,0.0,0.0,0.0,0.0,0.0,PENDING,0.0,,0.0,0.0,0.0,0.0,0.0,UNKNOWN,,,,,LONG,[],0,,,,,,RS_0_0.5,AI_60_80,,0,0,,,0,0,0
68,2026-07-21T09:08:54.162248+00:00,PYTHUSDT,WATCH,DIP_BUY,0.04751,0.0498855,0.0546365,0.0472426,60.0,28.0,26.2,-38.12,0.086,True,WATCH,DIP_BUY trigger confirmed,22.9,46.0,35.0,RANGE,0.0,,,0.0,0.0,0.0,ACTIVE,0.0,0.04751,0,0,0,0,1,-8.71,-10.38,0,,,,6566.1,0.04337,0.04258,FINAL,6566.1,2026-07-26T06:53:22.745945,0.0,0.0,0.0,0.0,0.0,UNKNOWN,,,,,LONG,[],0,,,,,,RS_0_0.5,AI_60_80,,0,0,,,0,0,0
69,2026-07-21T09:08:54.166196+00:00,AAVEUSDT,WATCH,DIP_BUY,95.229,99.99045,109.51335,94.09118,76.8,19.6,25.6,-14.95,0.35,False,WATCH,DIP_BUY trigger confirmed,8.5,46.0,35.0,RANGE,0.0,,,0.0,0.0,0.0,ACTIVE,0.0,95.229,0,0,0,0,1,-1.49,-3.87,0,,,,6566.1,93.812,91.544,FINAL,6566.1,2026-07-26T06:53:22.747413,0.0,0.0,0.0,0.0,0.0,UNKNOWN,,,,,LONG,[],0,,,,,,RS_0_0.5,AI_60_80,,0,0,,,0,0,0
70,2026-07-21T11:20:41.393238+00:00,OPUSDT,BUY,DIP_BUY,0.0967,0.101535,0.111205,0.095918,87.8,42.5,44.3,200.63,0.108,True,BUY,DIP_BUY trigger confirmed,55.4,46.0,35.0,RANGE,0.0,,,0.0,0.0,0.0,ACTIVE,0.0,0.0967,0,0,0,0,1,-3.52,-4.76,0,,,,6434.3,0.0933,0.0921,FINAL,6434.3,2026-07-26T06:53:22.748887,0.0,0.0,0.0,0.0,0.0,UNKNOWN,,,,,LONG,[],0,,,,,,RS_0_0.5,AI_80_100,,0,0,,,0,0,0
71,2026-07-21T11:20:41.397125+00:00,KITEUSDT,WATCH,BREAKOUT,0.0,0.0,0.0,0.0,100.0,48.1,38.0,864.73,0.87,False,WATCH,BREAKOUT setup — waiting for trigger,46.8,46.0,35.0,RANGE,0.0,,,0.0,0.0,0.0,ACTIVE,0.0,0.0,0,0,0,0,0,0.0,0.0,0,0.0,0.0,0.0,0.0,0.0,0.0,PENDING,0.0,,0.0,0.0,0.0,0.0,0.0,UNKNOWN,,,,,LONG,[],0,,,,,,RS_0.5_1,AI_80_100,,0,0,,,0,0,0
72,2026-07-21T11:20:41.401089+00:00,PENGUUSDT,WATCH,,0.0,0.0,0.0,0.0,74.4,39.4,34.3,150.77,0.026,False,WATCH,No valid setup,27.7,46.0,35.0,RANGE,0.0,,,0.0,0.0,0.0,ACTIVE,0.0,0.0,0,0,0,0,0,0.0,0.0,0,0.0,0.0,0.0,0.0,0.0,0.0,PENDING,0.0,,0.0,0.0,0.0,0.0,0.0,UNKNOWN,,,,,LONG,[],0,,,,,,RS_0_0.5,AI_60_80,,0,0,,,0,0,0
73,2026-07-21T11:20:41.405018+00:00,PENDLEUSDT,WATCH,BREAKOUT,0.0,0.0,0.0,0.0,66.6,27.7,21.9,-5.59,0.349,True,WATCH,BREAKOUT setup — waiting for trigger,23.8,46.0,35.0,RANGE,0.0,,,0.0,0.0,0.0,ACTIVE,0.0,0.0,0,0,0,0,0,0.0,0.0,0,0.0,0.0,0.0,0.0,0.0,0.0,PENDING,0.0,,0.0,0.0,0.0,0.0,0.0,UNKNOWN,,,,,LONG,[],0,,,,,,RS_0_0.5,AI_60_80,,0,0,,,0,0,0
74,2026-07-21T11:20:41.408806+00:00,LDOUSDT,WATCH,VWAP_RECLAIM,0.4,0.414,0.432,0.39541713,54.4,15.6,22.2,-44.14,-0.124,False,WATCH,VWAP_RECLAIM trigger confirmed,8.2,46.0,35.0,RANGE,0.0,,,0.0,0.0,0.0,ACTIVE,0.0,0.4,0,0,0,0,1,-6.1,-7.8,0,,,,6434.3,0.3756,0.3688,FINAL,6434.3,2026-07-26T06:53:22.750349,0.0,0.0,0.0,0.0,0.0,UNKNOWN,,,,,LONG,[],0,,,,,,RS<0,AI_40_60,,0,0,,,0,0,0
75,2026-07-21T12:48:38.815340+00:00,XRPUSDT,BUY,DIP_BUY,1.13851,1.1954355,1.3092865,1.128927,65.1,13.8,18.9,-29.74,-0.032,False,Pending ⏳,DIP_BUY trigger confirmed,7.4,46.0,35.0,RANGE,0.0,,,0.0,0.0,0.0,ACTIVE,0.0,0.0,0,0,0,0,1,-2.99,-3.75,0,,,,6346.4,1.1045,1.09576,FINAL,6346.4,2026-07-26T06:53:22.751834,0.0,0.0,0.0,0.0,0.0,UNKNOWN,,,,,LONG,[],0,,,,,,RS<0,AI_60_80,,0,0,,,0,0,0
76,2026-07-21T12:48:55.331351+00:00,PAXGUSDT,BUY,DIP_BUY,4053.08,4255.734,4661.042,4027.11325,52.3,19.3,41.3,298.87,-0.168,False,Pending ⏳,DIP_BUY trigger confirmed,23.6,46.0,35.0,RANGE,0.0,,,0.0,0.0,0.0,ACTIVE,0.0,0.0,0,1,0,0,0,0.11,0.02,0,6736.1,,,,4057.46,4053.81,FINAL,,2026-07-26T06:53:22.753352,0.0,0.0,0.0,0.0,0.0,UNKNOWN,,,,,LONG,[],0,,,,,,RS<0,AI_40_60,,0,0,,,0,0,0
77,2026-07-21T12:48:56.682512+00:00,DOTUSDT,BUY,DIP_BUY,0.8595,0.902475,0.988425,0.8512225,59.5,17.4,35.1,3.5,-0.001,False,Pending ⏳,DIP_BUY trigger confirmed,12.9,46.0,35.0,RANGE,0.0,,,0.0,0.0,0.0,ACTIVE,0.0,0.0,0,0,0,0,1,-3.77,-5.43,0,,,,6346.1,0.8271,0.8128,FINAL,6346.1,2026-07-26T06:53:22.754842,0.0,0.0,0.0,0.0,0.0,UNKNOWN,,,,,LONG,[],0,,,,,,RS<0,AI_40_60,,0,0,,,0,0,0
78,2026-07-21T12:49:40.085984+00:00,TIAUSDT,BUY,DIP_BUY,0.3695,0.387975,0.424925,0.365563,72.8,18.0,19.3,-32.11,0.31,False,Pending ⏳,DIP_BUY trigger confirmed,8.3,46.0,35.0,RANGE,0.0,,,0.0,0.0,0.0,ACTIVE,0.0,0.0,0,0,0,0,1,-7.33,-8.58,0,,,,6345.3,0.3424,0.3378,FINAL,6345.3,2026-07-26T06:53:22.756317,0.0,0.0,0.0,0.0,0.0,UNKNOWN,,,,,LONG,[],0,,,,,,RS_0_0.5,AI_60_80,,0,0,,,0,0,0
79,2026-07-21T12:50:32.892206+00:00,MONUSDT,WATCH,BREAKOUT,0.0,0.0,0.0,0.0,96.0,45.1,39.9,809.76,0.161,False,WATCH,BREAKOUT setup — waiting for trigger,29.4,46.0,35.0,RANGE,0.0,,,0.0,0.0,0.0,ACTIVE,0.0,0.0,0,0,0,0,0,0.0,0.0,0,0.0,0.0,0.0,0.0,0.0,0.0,PENDING,0.0,,0.0,0.0,0.0,0.0,0.0,UNKNOWN,,,,,LONG,[],0,,,,,,RS_0_0.5,AI_80_100,,0,0,,,0,0,0
80,2026-07-21T12:50:32.897169+00:00,OPUSDT,WATCH,BREAKOUT,0.0,0.0,0.0,0.0,67.1,41.9,40.7,284.44,0.178,False,WATCH,BREAKOUT setup — waiting for trigger,29.1,46.0,35.0,RANGE,0.0,,,0.0,0.0,0.0,ACTIVE,0.0,0.0,0,0,0,0,0,0.0,0.0,0,0.0,0.0,0.0,0.0,0.0,0.0,PENDING,0.0,,0.0,0.0,0.0,0.0,0.0,UNKNOWN,,,,,LONG,[],0,,,,,,RS_0_0.5,AI_60_80,,0,0,,,0,0,0
81,2026-07-21T12:50:32.902117+00:00,PAXGUSDT,BUY,DIP_BUY,4053.08,4255.734,4661.042,4027.11325,52.3,19.3,41.3,298.87,-0.168,False,BUY,DIP_BUY trigger confirmed,23.6,46.0,35.0,RANGE,0.0,,,0.0,0.0,0.0,ACTIVE,0.0,4053.08,0,1,0,0,0,0.11,0.02,0,6344.5,,,,4057.46,4053.81,FINAL,,2026-07-26T06:53:22.757802,0.0,0.0,0.0,0.0,0.0,UNKNOWN,,,,,LONG,[],0,,,,,,RS<0,AI_40_60,,0,0,,,0,0,0
82,2026-07-21T12:50:32.906975+00:00,DOTUSDT,BUY,DIP_BUY,0.8595,0.902475,0.988425,0.8512225,59.5,17.4,35.1,3.5,-0.001,False,BUY,DIP_BUY trigger confirmed,12.9,46.0,35.0,RANGE,0.0,,,0.0,0.0,0.0,ACTIVE,0.0,0.8595,0,0,0,0,1,-3.77,-5.43,0,,,,6344.5,0.8271,0.8128,FINAL,6344.5,2026-07-26T06:53:22.759268,0.0,0.0,0.0,0.0,0.0,UNKNOWN,,,,,LONG,[],0,,,,,,RS<0,AI_40_60,,0,0,,,0,0,0
83,2026-07-21T12:50:32.913237+00:00,TIAUSDT,WATCH,DIP_BUY,0.3695,0.387975,0.424925,0.365563,72.8,18.0,19.3,-32.11,0.31,False,WATCH,DIP_BUY trigger confirmed,8.3,46.0,35.0,RANGE,0.0,,,0.0,0.0,0.0,ACTIVE,0.0,0.3695,0,0,0,0,1,-7.33,-8.58,0,,,,6344.5,0.3424,0.3378,FINAL,6344.5,2026-07-26T06:53:22.760754,0.0,0.0,0.0,0.0,0.0,UNKNOWN,,,,,LONG,[],0,,,,,,RS_0_0.5,AI_60_80,,0,0,,,0,0,0
84,2026-07-21T14:52:09.500099+00:00,EPICUSDT,BUY,DIP_BUY,0.534,0.5607,0.6141,0.52138,74.9,21.7,32.6,49.96,1.058,False,Pending ⏳,DIP_BUY trigger confirmed,26.3,46.0,35.0,RANGE,0.0,,,0.0,0.0,0.0,ACTIVE,0.0,0.0,0,1,1,1,0,34.46,27.72,0,6222.8,6222.8,6222.8,,0.718,0.682,FINAL,6222.8,2026-07-26T06:53:22.762488,0.0,0.0,0.0,0.0,0.0,UNKNOWN,,,,,LONG,[],0,,,,,,RS>1,AI_60_80,,0,0,,,0,0,0
85,2026-07-21T14:52:42.378391+00:00,ZBCNUSDT,BUY,DIP_BUY,0.0019786,0.00207753,0.00227539,0.00193597,61.0,26.5,27.7,84.41,0.681,False,Pending ⏳,DIP_BUY trigger confirmed,23.5,46.0,35.0,RANGE,0.0,,,-2.155,0.0,0.0,ACTIVE,0.0,0.0,0,0,0,0,1,0.0,-5.468513090063689,1,0.0,0.0,0.0,0.0,0.0,0.0,FINAL,0.0,2026-08-23T15:05:15.001558,0.0,5.468513090063689,0.0,0.0,0.0,UNKNOWN,-1.0,0.0,2.538,,LONG,[],0,,,,,,RS_0.5_1,AI_60_80,SL,0,0,simulated_v8.6,,0,0,0
86,2026-07-21T14:52:45.582963+00:00,BILLUSDT,WATCH,,0.0,0.0,0.0,0.0,68.5,50.9,39.7,354.96,4.328,False,WATCH,No valid setup,60.7,46.0,35.0,RANGE,0.0,,,0.0,0.0,0.0,ACTIVE,0.0,0.0,0,0,0,0,0,0.0,0.0,0,0.0,0.0,0.0,0.0,0.0,0.0,PENDING,0.0,,0.0,0.0,0.0,0.0,0.0,UNKNOWN,,,,,LONG,[],0,,,,,,RS>1,AI_60_80,,0,0,,,0,0,0
87,2026-07-21T14:52:45.587439+00:00,NESUSDT,WATCH,BREAKOUT,0.0,0.0,0.0,0.0,84.3,25.9,35.3,66.66,0.737,False,WATCH,BREAKOUT setup — waiting for trigger,28.4,46.0,35.0,RANGE,0.0,,,0.0,0.0,0.0,ACTIVE,0.0,0.0,0,0,0,0,0,0.0,0.0,0,0.0,0.0,0.0,0.0,0.0,0.0,PENDING,0.0,,0.0,0.0,0.0,0.0,0.0,UNKNOWN,,,,,LONG,[],0,,,,,,RS_0.5_1,AI_80_100,,0,0,,,0,0,0
88,2026-07-21T14:52:45.591788+00:00,REUSDT,WATCH,BREAKOUT,0.0,0.0,0.0,0.0,65.5,29.1,45.1,107.6,0.301,False,WATCH,BREAKOUT setup — waiting for trigger,27.7,46.0,35.0,RANGE,0.0,,,0.0,0.0,0.0,ACTIVE,0.0,0.0,0,0,0,0,0,0.0,0.0,0,0.0,0.0,0.0,0.0,0.0,0.0,PENDING,0.0,,0.0,0.0,0.0,0.0,0.0,UNKNOWN,,,,,LONG,[],0,,,,,,RS_0_0.5,AI_60_80,,0,0,,,0,0,0
89,2026-07-21T14:52:45.596127+00:00,EPICUSDT,BUY,DIP_BUY,0.534,0.5607,0.6141,0.52138,74.9,21.7,32.6,49.96,1.058,False,BUY,DIP_BUY trigger confirmed,26.3,46.0,35.0,RANGE,0.0,,,0.0,0.0,0.0,ACTIVE,0.0,0.534,0,1,1,1,0,34.46,27.72,0,6222.2,6222.2,6222.2,,0.718,0.682,FINAL,6222.2,2026-07-26T06:53:22.764519,0.0,0.0,0.0,0.0,0.0,UNKNOWN,,,,,LONG,[],0,,,,,,RS>1,AI_60_80,,0,0,,,0,0,0
90,2026-07-21T14:52:45.600562+00:00,ZBCNUSDT,WATCH,DIP_BUY,0.0019786,0.00207753,0.00227539,0.00193597,61.0,26.5,27.7,84.41,0.681,False,WATCH,DIP_BUY trigger confirmed,23.5,46.0,35.0,RANGE,0.0,,,-2.155,0.0,0.0,ACTIVE,0.0,0.0019786,0,0,0,0,1,0.0,-5.468513090063689,1,0.0,0.0,0.0,0.0,0.0,0.0,FINAL,0.0,2026-08-23T15:05:15.006495,0.0,5.468513090063689,0.0,0.0,0.0,UNKNOWN,-1.0,0.0,2.538,,LONG,[],0,,,,,,RS_0.5_1,AI_60_80,SL,0,0,simulated_v8.6,,0,0,0
91,2026-07-21T16:13:37.931626+00:00,TRACUSDT,WATCH,BREAKOUT,0.0,0.0,0.0,0.0,78.2,34.5,40.1,46.06,0.725,True,WATCH,BREAKOUT setup — waiting for trigger,56.1,46.0,35.0,RANGE,0.0,,,0.0,0.0,0.0,ACTIVE,0.0,0.0,0,0,0,0,0,0.0,0.0,0,0.0,0.0,0.0,0.0,0.0,0.0,PENDING,0.0,,0.0,0.0,0.0,0.0,0.0,UNKNOWN,,,,,LONG,[],0,,,,,,RS_0.5_1,AI_60_80,,0,0,,,0,0,0
92,2026-07-21T16:13:37.936257+00:00,ZAMAUSDT,WATCH,BREAKOUT,0.0,0.0,0.0,0.0,87.8,45.6,61.1,155.14,0.409,True,WATCH,BREAKOUT setup — waiting for trigger,55.3,46.0,35.0,RANGE,0.0,,,0.0,0.0,0.0,ACTIVE,0.0,0.0,0,0,0,0,0,0.0,0.0,0,0.0,0.0,0.0,0.0,0.0,0.0,PENDING,0.0,,0.0,0.0,0.0,0.0,0.0,UNKNOWN,,,,,LONG,[],0,,,,,,RS_0_0.5,AI_80_100,,0,0,,,0,0,0
93,2026-07-21T16:13:37.941162+00:00,1INCHUSDT,WATCH,BREAKOUT,0.0,0.0,0.0,0.0,100.0,41.2,40.3,108.14,2.651,False,WATCH,BREAKOUT setup — waiting for trigger,53.9,46.0,35.0,RANGE,0.0,,,0.0,0.0,0.0,ACTIVE,0.0,0.0,0,0,0,0,0,0.0,0.0,0,0.0,0.0,0.0,0.0,0.0,0.0,PENDING,0.0,,0.0,0.0,0.0,0.0,0.0,UNKNOWN,,,,,LONG,[],0,,,,,,RS>1,AI_80_100,,0,0,,,0,0,0
94,2026-07-21T16:13:37.945996+00:00,OPUSDT,PREPARE,BREAKOUT,0.0,0.0,0.0,0.0,95.9,61.6,46.7,370.43,0.21,False,PREPARE,BREAKOUT setup — waiting for trigger,45.9,46.0,35.0,RANGE,0.0,,,0.0,0.0,0.0,ACTIVE,0.0,0.0,0,0,0,0,0,0.0,0.0,0,0.0,0.0,0.0,0.0,0.0,0.0,PENDING,0.0,,0.0,0.0,0.0,0.0,0.0,UNKNOWN,,,,,LONG,[],0,,,,,,RS_0_0.5,AI_80_100,,0,0,,,0,0,0
95,2026-07-21T16:13:37.950811+00:00,STABLEUSDT,WATCH,BREAKOUT,0.0,0.0,0.0,0.0,84.3,41.2,46.6,209.45,0.262,False,WATCH,BREAKOUT setup — waiting for trigger,28.8,46.0,35.0,RANGE,0.0,,,0.0,0.0,0.0,ACTIVE,0.0,0.0,0,0,0,0,0,0.0,0.0,0,0.0,0.0,0.0,0.0,0.0,0.0,PENDING,0.0,,0.0,0.0,0.0,0.0,0.0,UNKNOWN,,,,,LONG,[],0,,,,,,RS_0_0.5,AI_80_100,,0,0,,,0,0,0
96,2026-07-21T17:47:42.951023+00:00,XRPUSDT,PREPARE,BREAKOUT,0.0,0.0,0.0,0.0,76.5,67.5,41.0,543.99,0.702,False,PREPARE,BREAKOUT setup — waiting for trigger,49.2,46.0,35.0,RANGE,0.0,,,0.0,0.0,0.0,ACTIVE,0.0,0.0,0,0,0,0,0,0.0,0.0,0,0.0,0.0,0.0,0.0,0.0,0.0,PENDING,0.0,,0.0,0.0,0.0,0.0,0.0,UNKNOWN,,,,,LONG,[],0,,,,,,RS_0.5_1,AI_60_80,,0,0,,,0,0,0
97,2026-07-21T17:47:42.956032+00:00,PUMPUSDT,WATCH,BREAKOUT,0.0,0.0,0.0,0.0,100.0,35.1,39.7,224.53,1.33,False,WATCH,BREAKOUT setup — waiting for trigger,46.2,46.0,35.0,RANGE,0.0,,,0.0,0.0,0.0,ACTIVE,0.0,0.0,0,0,0,0,0,0.0,0.0,0,0.0,0.0,0.0,0.0,0.0,0.0,PENDING,0.0,,0.0,0.0,0.0,0.0,0.0,UNKNOWN,,,,,LONG,[],0,,,,,,RS>1,AI_80_100,,0,0,,,0,0,0
98,2026-07-21T17:47:42.960802+00:00,XLMUSDT,WATCH,BREAKOUT,0.0,0.0,0.0,0.0,100.0,50.9,51.0,63.54,0.539,False,WATCH,BREAKOUT setup — waiting for trigger,45.8,46.0,35.0,RANGE,0.0,,,0.0,0.0,0.0,ACTIVE,0.0,0.0,0,0,0,0,0,0.0,0.0,0,0.0,0.0,0.0,0.0,0.0,0.0,PENDING,0.0,,0.0,0.0,0.0,0.0,0.0,UNKNOWN,,,,,LONG,[],0,,,,,,RS_0.5_1,AI_80_100,,0,0,,,0,0,0
99,2026-07-21T17:47:42.965581+00:00,DOTUSDT,BUY,DIP_BUY,0.8561,0.898905,0.984515,0.8474415,66.2,25.2,44.2,48.29,0.564,False,BUY,DIP_BUY trigger confirmed,26.0,46.0,35.0,RANGE,0.0,,,0.0,0.0,0.0,ACTIVE,0.0,0.8561,0,0,0,0,1,-3.39,-5.06,0,,,,6047.3,0.8271,0.8128,FINAL,6047.3,2026-07-26T06:53:22.766323,0.0,0.0,0.0,0.0,0.0,UNKNOWN,,,,,LONG,[],0,,,,,,RS_0.5_1,AI_60_80,,0,0,,,0,0,0
100,2026-07-21T17:47:42.970486+00:00,LDOUSDT,WATCH,DIP_BUY,0.3918,0.41139,0.45057,0.3865575,59.3,29.9,27.7,-9.69,0.327,True,WATCH,DIP_BUY trigger confirmed,23.9,46.0,35.0,RANGE,0.0,,,0.0,0.0,0.0,ACTIVE,0.0,0.3918,0,0,0,0,1,-4.44,-5.87,0,,,,6077.3,0.3744,0.3688,FINAL,6077.3,2026-07-26T07:22:58.286436,0.0,0.0,0.0,0.0,0.0,UNKNOWN,,,,,LONG,[],0,,,,,,RS_0_0.5,AI_40_60,,0,0,,,0,0,0
101,2026-07-21T18:59:03.856783+00:00,LABUSDT,BUY,DIP_BUY,0.13451,0.1412355,0.1546865,0.13174795,71.2,56.5,49.7,257.09,0.84,False,Pending ⏳,DIP_BUY trigger confirmed,29.0,46.0,35.0,RANGE,0.0,,,0.0,0.0,0.0,ACTIVE,0.0,0.0,0,1,1,1,0,17.4,6.78,0,6005.9,6005.9,6070.9,,0.15791,0.14363,FINAL,6005.9,2026-07-26T07:22:58.288794,0.0,0.0,0.0,0.0,0.0,UNKNOWN,,,,,LONG,[],0,,,,,,RS_0.5_1,AI_60_80,,0,0,,,0,0,0
102,2026-07-21T18:59:56.248817+00:00,1INCHUSDT,WATCH,,0.0,0.0,0.0,0.0,95.1,27.6,54.4,29.98,1.709,True,WATCH,No valid setup,56.7,46.0,35.0,RANGE,0.0,,,0.0,0.0,0.0,ACTIVE,0.0,0.0,0,0,0,0,0,0.0,0.0,0,0.0,0.0,0.0,0.0,0.0,0.0,PENDING,0.0,,0.0,0.0,0.0,0.0,0.0,UNKNOWN,,,,,LONG,[],0,,,,,,RS>1,AI_80_100,,0,0,,,0,0,0
103,2026-07-21T18:59:56.254028+00:00,ETCUSDT,BUY,VWAP_RECLAIM,7.0198,7.265493,7.581384,6.94260498,71.9,48.2,48.7,205.15,0.492,True,BUY,VWAP_RECLAIM trigger confirmed,53.9,46.0,35.0,RANGE,0.0,,,0.0,0.0,0.0,ACTIVE,0.0,7.0198,0,0,0,0,1,-0.64,-4.47,0,,,,6005.1,6.9747,6.7063,FINAL,6005.1,2026-07-26T07:22:58.290646,0.0,0.0,0.0,0.0,0.0,UNKNOWN,,,,,LONG,[],0,,,,,,RS_0_0.5,AI_60_80,,0,0,,,0,0,0
104,2026-07-21T18:59:56.259083+00:00,INJUSDT,WATCH,BREAKOUT,0.0,0.0,0.0,0.0,89.0,37.7,43.2,126.43,0.429,False,WATCH,BREAKOUT setup — waiting for trigger,29.3,46.0,35.0,RANGE,0.0,,,0.0,0.0,0.0,ACTIVE,0.0,0.0,0,0,0,0,0,0.0,0.0,0,0.0,0.0,0.0,0.0,0.0,0.0,PENDING,0.0,,0.0,0.0,0.0,0.0,0.0,UNKNOWN,,,,,LONG,[],0,,,,,,RS_0_0.5,AI_80_100,,0,0,,,0,0,0
105,2026-07-21T18:59:56.264130+00:00,KITEUSDT,BUY,VWAP_RECLAIM,0.11775,0.12187125,0.12717,0.11606623,73.4,42.8,33.2,214.57,1.067,False,BUY,VWAP_RECLAIM trigger confirmed,29.0,46.0,35.0,RANGE,0.0,,,0.0,0.0,0.0,ACTIVE,0.0,0.11775,0,0,0,0,1,-10.88,-14.77,0,,,,6005.1,0.10494,0.10036,FINAL,6005.1,2026-07-26T07:22:58.292376,0.0,0.0,0.0,0.0,0.0,UNKNOWN,,,,,LONG,[],0,,,,,,RS>1,AI_60_80,,0,0,,,0,0,0
106,2026-07-21T18:59:56.269044+00:00,LABUSDT,BUY,DIP_BUY,0.13451,0.1412355,0.1546865,0.13174795,71.2,56.5,49.7,257.09,0.84,False,BUY,DIP_BUY trigger confirmed,29.0,46.0,35.0,RANGE,0.0,,,0.0,0.0,0.0,ACTIVE,0.0,0.13451,0,1,1,1,0,17.4,6.78,0,6005.1,6005.1,6070.1,,0.15791,0.14363,FINAL,6005.1,2026-07-26T07:22:58.294483,0.0,0.0,0.0,0.0,0.0,UNKNOWN,,,,,LONG,[],0,,,,,,RS_0.5_1,AI_60_80,,0,0,,,0,0,0
107,2026-07-21T20:20:31.026645+00:00,TAOUSDT,BUY,DIP_BUY,199.23,209.1915,229.1145,197.8856,49.0,33.6,26.5,-15.68,0.128,True,Pending ⏳,DIP_BUY trigger confirmed,19.1,46.0,35.0,RANGE,0.0,,,0.0,0.0,0.0,ACTIVE,0.0,0.0,0,1,0,0,1,0.41,-4.13,0,6329.5,,,5919.5,200.04,191.0,FINAL,5919.5,2026-07-26T07:22:58.296487,0.0,0.0,0.0,0.0,0.0,UNKNOWN,,,,,LONG,[],0,,,,,,RS_0_0.5,AI_40_60,,0,0,,,0,0,0
108,2026-07-21T20:20:52.443289+00:00,TOWNSUSDT,BUY,DIP_BUY,0.002048,0.0021504,0.0023552,0.00201189,58.8,38.1,39.0,348.27,0.572,False,Pending ⏳,DIP_BUY trigger confirmed,29.2,46.0,35.0,RANGE,0.0,,,13.852,0.0,0.0,ACTIVE,0.0,0.0,0,0,1,0,0,16.064453125000018,0.0,1,0.0,0.0,0.0,0.0,0.0,0.0,FINAL,0.0,2026-08-23T15:05:15.011290,16.064453125000018,0.0,0.0,0.0,0.0,UNKNOWN,7.856,9.111,0.0,,LONG,[],0,,,,,,RS_0.5_1,AI_40_60,TP1,0,0,simulated_v8.6,,0,0,0
109,2026-07-21T20:21:37.929046+00:00,METUSDT,BUY,DIP_BUY,0.1566,0.16443,0.18009,0.1547225,87.3,40.5,36.2,159.9,0.79,False,Pending ⏳,DIP_BUY trigger confirmed,44.3,46.0,35.0,RANGE,0.0,,,0.0,0.0,0.0,ACTIVE,0.0,0.0,0,1,1,0,0,11.3,3.64,0,6578.4,6578.4,,,0.1743,0.1623,FINAL,6578.4,2026-07-26T18:17:15.244612,0.0,0.0,0.0,0.0,0.0,UNKNOWN,,,,,LONG,[],0,,,,,,RS_0.5_1,AI_80_100,,0,0,,,0,0,0
110,2026-07-21T20:22:47.445203+00:00,METUSDT,BUY,DIP_BUY,0.1566,0.16443,0.18009,0.1547225,87.3,40.5,36.2,159.9,0.79,False,BUY,DIP_BUY trigger confirmed,44.3,46.0,35.0,RANGE,0.0,,,0.0,0.0,0.0,ACTIVE,0.0,0.1566,0,1,1,0,0,11.3,3.64,0,6577.2,6577.2,,,0.1743,0.1623,FINAL,6577.2,2026-07-26T18:17:15.246958,0.0,0.0,0.0,0.0,0.0,UNKNOWN,,,,,LONG,[],0,,,,,,RS_0.5_1,AI_80_100,,0,0,,,0,0,0
111,2026-07-21T20:22:47.450724+00:00,JSTUSDT,WATCH,BREAKOUT,0.0,0.0,0.0,0.0,78.5,47.2,40.9,994.21,0.352,False,WATCH,BREAKOUT setup — waiting for trigger,29.8,46.0,35.0,RANGE,0.0,,,0.0,0.0,0.0,ACTIVE,0.0,0.0,0,0,0,0,0,0.0,0.0,0,0.0,0.0,0.0,0.0,0.0,0.0,PENDING,0.0,,0.0,0.0,0.0,0.0,0.0,UNKNOWN,,,,,LONG,[],0,,,,,,RS_0_0.5,AI_60_80,,0,0,,,0,0,0
112,2026-07-21T20:22:47.455838+00:00,TOWNSUSDT,BUY,DIP_BUY,0.002048,0.0021504,0.0023552,0.00201189,58.8,38.1,39.0,348.27,0.572,False,BUY,DIP_BUY trigger confirmed,29.2,46.0,35.0,RANGE,0.0,,,13.852,0.0,0.0,ACTIVE,0.0,0.002048,0,0,1,0,0,16.064453125000018,0.0,1,0.0,0.0,0.0,0.0,0.0,0.0,FINAL,0.0,2026-08-23T15:05:15.016093,16.064453125000018,0.0,0.0,0.0,0.0,UNKNOWN,7.856,9.111,0.0,,LONG,[],0,,,,,,RS_0.5_1,AI_40_60,TP1,0,0,simulated_v8.6,,0,0,0
113,2026-07-21T20:22:47.460997+00:00,VVVUSDT,BUY,DIP_BUY,12.698,13.3329,14.6027,12.51511,100.0,30.7,49.7,150.32,0.288,False,BUY,DIP_BUY trigger confirmed,27.7,46.0,35.0,RANGE,0.0,,,0.0,0.0,0.0,ACTIVE,0.0,12.698,0,1,1,1,0,16.86,2.93,0,5922.2,5952.2,6367.2,,14.839,13.07,FINAL,5952.2,2026-07-26T07:22:58.300139,0.0,0.0,0.0,0.0,0.0,UNKNOWN,,,,,LONG,[],0,,,,,,RS_0_0.5,AI_80_100,,0,0,,,0,0,0
114,2026-07-21T20:22:47.466161+00:00,PYTHUSDT,BUY,DIP_BUY,0.04743,0.0498015,0.0545445,0.046964,73.3,22.0,46.3,79.03,0.528,False,BUY,DIP_BUY trigger confirmed,23.0,46.0,35.0,RANGE,0.0,,,0.0,0.0,0.0,ACTIVE,0.0,0.04743,0,0,0,0,1,-7.78,-10.23,0,,,,5922.2,0.04374,0.04258,FINAL,5922.2,2026-07-26T07:22:58.301884,0.0,0.0,0.0,0.0,0.0,UNKNOWN,,,,,LONG,[],0,,,,,,RS_0.5_1,AI_60_80,,0,0,,,0,0,0
115,2026-07-21T21:37:47.016243+00:00,BCHUSDT,BUY,DIP_BUY,224.78,236.019,258.497,222.1437,74.0,21.9,22.0,-61.39,0.627,False,Pending ⏳,DIP_BUY trigger confirmed,14.6,46.0,35.0,RANGE,0.0,,,0.0,0.0,0.0,ACTIVE,0.0,0.0,0,0,0,0,1,-5.76,-6.94,0,,,,5842.2,211.84,209.19,FINAL,5842.2,2026-07-26T07:22:58.303579,0.0,0.0,0.0,0.0,0.0,UNKNOWN,,,,,LONG,[],0,,,,,,RS_0.5_1,AI_60_80,,0,0,,,0,0,0
116,2026-07-21T21:37:57.577285+00:00,TRUMPUSDT,BUY,DIP_BUY,1.598,1.6779,1.8377,1.58404,62.9,34.1,50.3,23.47,0.337,False,Pending ⏳,DIP_BUY trigger confirmed,28.3,46.0,35.0,RANGE,0.0,,,0.0,0.0,0.0,ACTIVE,0.0,0.0,0,0,0,0,1,0.06,-2.07,0,,,,5847.0,1.599,1.565,FINAL,5847.0,2026-07-26T07:22:58.305354,0.0,0.0,0.0,0.0,0.0,UNKNOWN,,,,,LONG,[],0,,,,,,RS_0_0.5,AI_60_80,,0,0,,,0,0,0
117,2026-07-21T21:38:42.383511+00:00,SEIUSDT,BUY,DIP_BUY,0.04684,0.049182,0.053866,0.04649635,56.5,28.9,48.3,115.52,0.15,False,Pending ⏳,DIP_BUY trigger confirmed,22.7,46.0,35.0,RANGE,0.0,,,0.0,0.0,0.0,ACTIVE,0.0,0.0,0,0,0,0,1,-3.82,-5.19,0,,,,5846.3,0.04505,0.04441,FINAL,5846.3,2026-07-26T07:22:58.307070,0.0,0.0,0.0,0.0,0.0,UNKNOWN,,,,,LONG,[],0,,,,,,RS_0_0.5,AI_40_60,,0,0,,,0,0,0
118,2026-07-21T21:39:02.613749+00:00,0GUSDT,BUY,DIP_BUY,0.1859,0.195195,0.213785,0.184274,64.8,32.5,52.2,150.23,0.194,True,Pending ⏳,DIP_BUY trigger confirmed,51.6,46.0,35.0,RANGE,0.0,,,0.0,0.0,0.0,ACTIVE,0.0,0.0,0,0,0,0,1,-0.32,-6.83,0,,,,8661.0,0.1853,0.1732,FINAL,8661.0,2026-07-28T06:15:47.041554,0.0,0.0,0.0,0.0,0.0,UNKNOWN,,,,,LONG,[],0,,,,,,RS_0_0.5,AI_60_80,,0,0,,,0,0,0
119,2026-07-21T21:39:03.782981+00:00,YGGUSDT,BUY,DIP_BUY,0.01902,0.019971,0.021873,0.0187856,80.6,57.4,45.8,679.35,0.244,False,Pending ⏳,DIP_BUY trigger confirmed,45.3,46.0,35.0,RANGE,0.0,,,13.576,0.0,0.0,ACTIVE,0.0,0.0,0,0,1,0,0,15.720294426919033,0.0,1,0.0,0.0,0.0,0.0,0.0,0.0,FINAL,0.0,2026-08-23T15:05:15.020705,15.720294426919033,0.0,0.0,0.0,0.0,UNKNOWN,11.016,12.756,0.0,,LONG,[],0,,,,,,RS_0_0.5,AI_80_100,TP1,0,0,simulated_v8.6,,0,0,0
120,2026-07-21T21:39:08.583029+00:00,BNBUSDT,BUY,DIP_BUY,573.542,602.2191,659.5733,569.54397,63.0,62.3,67.6,627.71,0.202,True,BUY,DIP_BUY trigger confirmed,60.4,46.0,35.0,RANGE,0.0,,,0.0,0.0,0.0,ACTIVE,0.0,573.542,0,0,0,0,1,-0.13,-0.83,0,,,,5840.9,572.8,568.768,FINAL,5840.9,2026-07-26T07:22:58.309556,0.0,0.0,0.0,0.0,0.0,UNKNOWN,,,,,LONG,[],0,,,,,,RS_0_0.5,AI_60_80,,0,0,,,0,0,0
121,2026-07-21T21:39:08.588813+00:00,0GUSDT,BUY,DIP_BUY,0.1859,0.195195,0.213785,0.184274,64.8,32.5,52.2,150.23,0.194,True,BUY,DIP_BUY trigger confirmed,51.6,46.0,35.0,RANGE,0.0,,,0.0,0.0,0.0,ACTIVE,0.0,0.1859,0,0,0,0,1,-0.32,-6.83,0,,,,8660.9,0.1853,0.1732,FINAL,8660.9,2026-07-28T06:15:47.044210,0.0,0.0,0.0,0.0,0.0,UNKNOWN,,,,,LONG,[],0,,,,,,RS_0_0.5,AI_60_80,,0,0,,,0,0,0
122,2026-07-21T21:39:08.594529+00:00,YGGUSDT,BUY,DIP_BUY,0.01902,0.019971,0.021873,0.0187856,80.6,57.4,45.8,679.35,0.244,False,BUY,DIP_BUY trigger confirmed,45.3,46.0,35.0,RANGE,0.0,,,13.576,0.0,0.0,ACTIVE,0.0,0.01902,0,0,1,0,0,15.720294426919033,0.0,1,0.0,0.0,0.0,0.0,0.0,0.0,FINAL,0.0,2026-08-23T15:05:15.025337,15.720294426919033,0.0,0.0,0.0,0.0,UNKNOWN,11.016,12.756,0.0,,LONG,[],0,,,,,,RS_0_0.5,AI_80_100,TP1,0,0,simulated_v8.6,,0,0,0
123,2026-07-21T21:39:08.600380+00:00,ARBUSDT,BUY,DIP_BUY,0.0892,0.09366,0.10258,0.0884555,68.5,55.7,45.9,1474.26,0.311,False,BUY,DIP_BUY trigger confirmed,45.3,46.0,35.0,RANGE,0.0,,,0.0,0.0,0.0,ACTIVE,0.0,0.0892,0,0,0,0,1,-6.84,-8.18,0,,,,5845.9,0.0831,0.0819,FINAL,5845.9,2026-07-26T07:22:58.312013,0.0,0.0,0.0,0.0,0.0,UNKNOWN,,,,,LONG,[],0,,,,,,RS_0_0.5,AI_60_80,,0,0,,,0,0,0
124,2026-07-21T21:39:08.606065+00:00,TRUMPUSDT,BUY,DIP_BUY,1.598,1.6779,1.8377,1.58404,62.9,34.1,50.3,23.47,0.337,False,BUY,DIP_BUY trigger confirmed,28.3,46.0,35.0,RANGE,0.0,,,0.0,0.0,0.0,ACTIVE,0.0,1.598,0,1,0,0,1,0.06,-2.07,0,6230.9,,,5845.9,1.599,1.565,FINAL,5845.9,2026-07-26T07:22:58.314009,0.0,0.0,0.0,0.0,0.0,UNKNOWN,,,,,LONG,[],0,,,,,,RS_0_0.5,AI_60_80,,0,0,,,0,0,0
125,2026-07-21T22:34:39.419907+00:00,RENDERUSDT,WATCH,,0.0,0.0,0.0,0.0,72.3,32.4,41.2,91.74,-0.073,True,WATCH,No valid setup,52.4,46.0,35.0,RANGE,0.0,,,0.0,0.0,0.0,ACTIVE,0.0,0.0,0,0,0,0,0,0.0,0.0,0,0.0,0.0,0.0,0.0,0.0,0.0,PENDING,0.0,,0.0,0.0,0.0,0.0,0.0,UNKNOWN,,,,,LONG,[],0,,,,,,RS<0,AI_60_80,,0,0,,,0,0,0
126,2026-07-21T22:34:39.425945+00:00,TIAUSDT,WATCH,BREAKOUT,0.0,0.0,0.0,0.0,69.8,24.0,39.0,57.59,0.614,False,WATCH,BREAKOUT setup — waiting for trigger,27.4,46.0,35.0,RANGE,0.0,,,0.0,0.0,0.0,ACTIVE,0.0,0.0,0,0,0,0,0,0.0,0.0,0,0.0,0.0,0.0,0.0,0.0,0.0,PENDING,0.0,,0.0,0.0,0.0,0.0,0.0,UNKNOWN,,,,,LONG,[],0,,,,,,RS_0.5_1,AI_60_80,,0,0,,,0,0,0
127,2026-07-21T22:34:39.431864+00:00,XAUTUSDT,WATCH,BREAKOUT,0.0,0.0,0.0,0.0,75.0,24.6,48.4,71.94,0.176,False,WATCH,BREAKOUT setup — waiting for trigger,26.3,46.0,35.0,RANGE,0.0,,,0.0,0.0,0.0,ACTIVE,0.0,0.0,0,0,0,0,0,0.0,0.0,0,0.0,0.0,0.0,0.0,0.0,0.0,PENDING,0.0,,0.0,0.0,0.0,0.0,0.0,UNKNOWN,,,,,LONG,[],0,,,,,,RS_0_0.5,AI_60_80,,0,0,,,0,0,0
128,2026-07-21T22:34:39.437878+00:00,NIGHTUSDT,WATCH,,0.0,0.0,0.0,0.0,74.0,28.3,41.4,42.83,0.037,False,WATCH,No valid setup,26.3,46.0,35.0,RANGE,0.0,,,0.0,0.0,0.0,ACTIVE,0.0,0.0,0,0,0,0,0,0.0,0.0,0,0.0,0.0,0.0,0.0,0.0,0.0,PENDING,0.0,,0.0,0.0,0.0,0.0,0.0,UNKNOWN,,,,,LONG,[],0,,,,,,RS_0_0.5,AI_60_80,,0,0,,,0,0,0
129,2026-07-21T22:34:39.444025+00:00,WLFIUSDT,WATCH,,0.0,0.0,0.0,0.0,66.4,28.0,33.4,12142.8,-0.055,False,WATCH,No valid setup,25.9,46.0,35.0,RANGE,0.0,,,0.0,0.0,0.0,ACTIVE,0.0,0.0,0,0,0,0,0,0.0,0.0,0,0.0,0.0,0.0,0.0,0.0,0.0,PENDING,0.0,,0.0,0.0,0.0,0.0,0.0,UNKNOWN,,,,,LONG,[],0,,,,,,RS<0,AI_60_80,,0,0,,,0,0,0
130,2026-07-21T23:37:24.384545+00:00,XAUTUSDT,BUY,DIP_BUY,4078.48,4282.404,4690.252,4056.4956,65.5,20.1,53.0,12.57,-0.165,True,BUY,DIP_BUY trigger confirmed,50.8,46.0,35.0,RANGE,0.0,,,0.0,0.0,0.0,ACTIVE,0.0,4078.48,0,0,0,0,1,-0.51,-0.57,0,,,,5722.6,4057.83,4055.34,FINAL,5722.6,2026-07-26T07:22:58.315765,0.0,0.0,0.0,0.0,0.0,UNKNOWN,,,,,LONG,[],0,,,,,,RS<0,AI_60_80,,0,0,,,0,0,0
131,2026-07-21T23:37:24.390495+00:00,KITEUSDT,BUY,DIP_BUY,0.11876,0.124698,0.136574,0.1175692,62.5,27.0,55.6,147.28,-0.111,True,BUY,DIP_BUY trigger confirmed,47.5,46.0,35.0,RANGE,0.0,,,0.0,0.0,0.0,ACTIVE,0.0,0.11876,0,0,0,0,1,-11.64,-15.49,0,,,,5727.6,0.10494,0.10036,FINAL,5727.6,2026-07-26T07:22:58.317501,0.0,0.0,0.0,0.0,0.0,UNKNOWN,,,,,LONG,[],0,,,,,,RS<0,AI_60_80,,0,0,,,0,0,0
132,2026-07-21T23:37:24.401000+00:00,ICPUSDT,BUY,DIP_BUY,2.215,2.32575,2.54725,2.19099,100.0,59.0,56.8,102.05,0.022,False,BUY,DIP_BUY trigger confirmed,45.9,46.0,35.0,RANGE,0.0,,,0.0,0.0,0.0,ACTIVE,0.0,2.215,0,0,0,0,1,-0.41,-3.21,0,,,,5727.6,2.206,2.144,FINAL,5727.6,2026-07-26T07:22:58.319305,0.0,0.0,0.0,0.0,0.0,UNKNOWN,,,,,LONG,[],0,,,,,,RS_0_0.5,AI_80_100,,0,0,,,0,0,0
133,2026-07-21T23:37:24.407042+00:00,YGGUSDT,BUY,DIP_BUY,0.01891,0.0198555,0.0217465,0.0187458,54.1,66.7,48.1,2565.57,0.114,False,BUY,DIP_BUY trigger confirmed,29.6,46.0,35.0,RANGE,0.0,,,14.115,0.0,0.0,ACTIVE,0.0,0.01891,0,0,1,0,0,16.39344262295081,0.0,1,0.0,0.0,0.0,0.0,0.0,0.0,FINAL,0.0,2026-08-23T15:05:15.030029,16.39344262295081,0.0,0.0,0.0,0.0,UNKNOWN,16.256,18.88,0.0,,LONG,[],0,,,,,,RS_0_0.5,AI_40_60,TP1,0,0,simulated_v8.6,,0,0,0
134,2026-07-21T23:37:24.412908+00:00,LDOUSDT,BUY,DIP_BUY,0.3876,0.40698,0.44574,0.3847665,49.4,16.6,41.0,132.9,-0.178,False,BUY,DIP_BUY trigger confirmed,24.7,46.0,35.0,RANGE,0.0,,,0.0,0.0,0.0,ACTIVE,0.0,0.3876,0,0,0,0,1,-3.41,-4.85,0,,,,5727.6,0.3744,0.3688,FINAL,5727.6,2026-07-26T07:22:58.321392,0.0,0.0,0.0,0.0,0.0,UNKNOWN,,,,,LONG,[],0,,,,,,RS<0,AI_40_60,,0,0,,,0,0,0
135,2026-07-22T01:05:03.943305+00:00,CHZUSDT,BUY,DIP_BUY,0.01527,0.0160335,0.0175605,0.0151439,63.7,35.5,44.7,115.81,0.099,False,Pending ⏳,DIP_BUY trigger confirmed,23.1,47.6,43.0,RANGE,0.0,,,0.0,0.0,0.0,ACTIVE,0.0,0.0,0,0,0,0,1,-6.09,-6.94,0,,,,5639.9,0.01434,0.01421,FINAL,5639.9,2026-07-26T07:22:58.323103,0.0,0.0,0.0,0.0,0.0,UNKNOWN,,,,,LONG,[],0,,,,,,RS_0_0.5,AI_60_80,,0,0,,,0,0,0
136,2026-07-22T01:05:36.769947+00:00,WLFIUSDT,WATCH,BREAKOUT,0.0,0.0,0.0,0.0,76.3,45.0,56.8,1403.17,0.209,True,WATCH,BREAKOUT setup — waiting for trigger,56.7,47.6,43.0,RANGE,0.0,,,0.0,0.0,0.0,ACTIVE,0.0,0.0,0,0,0,0,0,0.0,0.0,0,0.0,0.0,0.0,0.0,0.0,0.0,PENDING,0.0,,0.0,0.0,0.0,0.0,0.0,UNKNOWN,,,,,LONG,[],0,,,,,,RS_0_0.5,AI_60_80,,0,0,,,0,0,0
137,2026-07-22T01:05:36.775977+00:00,BILLUSDT,PREPARE,BREAKOUT,0.0,0.0,0.0,0.0,87.2,64.1,65.3,566.34,0.227,False,PREPARE,BREAKOUT setup — waiting for trigger,47.7,47.6,43.0,RANGE,0.0,,,0.0,0.0,0.0,ACTIVE,0.0,0.0,0,0,0,0,0,0.0,0.0,0,0.0,0.0,0.0,0.0,0.0,0.0,PENDING,0.0,,0.0,0.0,0.0,0.0,0.0,UNKNOWN,,,,,LONG,[],0,,,,,,RS_0_0.5,AI_80_100,,0,0,,,0,0,0
138,2026-07-22T01:05:36.782111+00:00,BCHUSDT,BUY,DIP_BUY,224.34,235.557,257.991,222.59145,62.2,59.6,47.6,631.21,0.051,False,BUY,DIP_BUY trigger confirmed,25.9,47.6,43.0,RANGE,0.0,,,0.0,0.0,0.0,ACTIVE,0.0,224.34,0,0,0,0,1,-5.57,-6.75,0,,,,5634.4,211.84,209.19,FINAL,5634.4,2026-07-26T07:22:58.324791,0.0,0.0,0.0,0.0,0.0,UNKNOWN,,,,,LONG,[],0,,,,,,RS_0_0.5,AI_60_80,,0,0,,,0,0,0
139,2026-07-22T01:05:36.788327+00:00,PAXGUSDT,BUY,DIP_BUY,4099.4,4304.37,4714.31,4063.43075,84.9,35.4,43.8,189.77,0.231,False,BUY,DIP_BUY trigger confirmed,25.4,47.6,43.0,RANGE,0.0,,,0.0,0.0,0.0,ACTIVE,0.0,4099.4,0,0,0,0,1,-1.02,-1.11,0,,,,5639.4,4057.46,4053.81,FINAL,5639.4,2026-07-26T07:22:58.326509,0.0,0.0,0.0,0.0,0.0,UNKNOWN,,,,,LONG,[],0,,,,,,RS_0_0.5,AI_80_100,,0,0,,,0,0,0
140,2026-07-22T01:05:36.794388+00:00,CHZUSDT,BUY,DIP_BUY,0.01527,0.0160335,0.0175605,0.0151439,63.7,35.5,44.7,115.81,0.099,False,BUY,DIP_BUY trigger confirmed,23.1,47.6,43.0,RANGE,0.0,,,0.0,0.0,0.0,ACTIVE,0.0,0.01527,0,0,0,0,1,-6.09,-6.94,0,,,,5639.4,0.01434,0.01421,FINAL,5639.4,2026-07-26T07:22:58.328220,0.0,0.0,0.0,0.0,0.0,UNKNOWN,,,,,LONG,[],0,,,,,,RS_0_0.5,AI_60_80,,0,0,,,0,0,0
141,2026-07-22T04:28:02.975981+00:00,DASHUSDT,BUY,DIP_BUY,34.55,36.2775,39.7325,34.27775,39.8,36.9,22.0,-0.37,-0.153,True,Pending ⏳,DIP_BUY trigger confirmed,22.6,47.6,43.0,RANGE,0.0,,,0.0,0.0,0.0,ACTIVE,0.0,0.0,0,0,0,0,1,-5.04,-7.99,0,,,,5437.0,32.81,31.79,FINAL,5437.0,2026-07-26T07:22:58.329936,0.0,0.0,0.0,0.0,0.0,UNKNOWN,,,,,LONG,[],0,,,,,,RS<0,AI_20_40,,0,0,,,0,0,0
142,2026-07-22T04:29:11.298547+00:00,APEUSDT,BUY,DIP_BUY,0.1493,0.156765,0.171695,0.147459,63.0,20.0,12.2,-66.01,0.096,False,Pending ⏳,DIP_BUY trigger confirmed,9.1,47.6,43.0,RANGE,0.0,,,0.0,0.0,0.0,ACTIVE,0.0,0.0,0,1,0,0,1,3.01,-4.49,0,7215.8,,,6895.8,0.1538,0.1426,FINAL,6895.8,2026-07-27T07:41:03.042641,0.0,0.0,0.0,0.0,0.0,UNKNOWN,,,,,LONG,[],0,,,,,,RS_0_0.5,AI_60_80,,0,0,,,0,0,0
143,2026-07-22T04:29:12.764752+00:00,ERAUSDT,WATCH,,0.0,0.0,0.0,0.0,75.6,52.6,41.3,1925.92,2.289,False,WATCH,No valid setup,55.4,47.6,43.0,RANGE,0.0,,,0.0,0.0,0.0,ACTIVE,0.0,0.0,0,0,0,0,0,0.0,0.0,0,0.0,0.0,0.0,0.0,0.0,0.0,PENDING,0.0,,0.0,0.0,0.0,0.0,0.0,UNKNOWN,,,,,LONG,[],0,,,,,,RS>1,AI_60_80,,0,0,,,0,0,0
144,2026-07-22T04:29:12.771050+00:00,TRUMPUSDT,BUY,DIP_BUY,1.591,1.67055,1.82965,1.57608,85.6,40.9,53.9,16.98,0.139,True,BUY,DIP_BUY trigger confirmed,55.1,47.6,43.0,RANGE,0.0,,,0.0,0.0,0.0,ACTIVE,0.0,1.591,0,1,0,0,1,0.5,-1.63,0,5805.8,,,5435.8,1.599,1.565,FINAL,5435.8,2026-07-26T07:22:58.332334,0.0,0.0,0.0,0.0,0.0,UNKNOWN,,,,,LONG,[],0,,,,,,RS_0_0.5,AI_80_100,,0,0,,,0,0,0
145,2026-07-22T04:29:12.777338+00:00,HMSTRUSDT,WATCH,BREAKOUT,0.0,0.0,0.0,0.0,85.8,44.7,37.4,210.1,2.176,False,WATCH,BREAKOUT setup — waiting for trigger,52.0,47.6,43.0,RANGE,0.0,,,0.0,0.0,0.0,ACTIVE,0.0,0.0,0,0,0,0,0,0.0,0.0,0,0.0,0.0,0.0,0.0,0.0,0.0,PENDING,0.0,,0.0,0.0,0.0,0.0,0.0,UNKNOWN,,,,,LONG,[],0,,,,,,RS>1,AI_80_100,,0,0,,,0,0,0
146,2026-07-22T04:29:12.783573+00:00,BIOUSDT,WATCH,BREAKOUT,0.0,0.0,0.0,0.0,64.3,18.8,56.0,9.28,-0.276,True,WATCH,BREAKOUT setup — waiting for trigger,49.4,47.6,43.0,RANGE,0.0,,,0.0,0.0,0.0,ACTIVE,0.0,0.0,0,0,0,0,0,0.0,0.0,0,0.0,0.0,0.0,0.0,0.0,0.0,PENDING,0.0,,0.0,0.0,0.0,0.0,0.0,UNKNOWN,,,,,LONG,[],0,,,,,,RS<0,AI_60_80,,0,0,,,0,0,0
147,2026-07-22T04:29:12.790436+00:00,DASHUSDT,BUY,DIP_BUY,34.55,36.2775,39.7325,34.27775,39.8,36.9,22.0,-0.37,-0.153,True,BUY,DIP_BUY trigger confirmed,22.6,47.6,43.0,RANGE,0.0,,,0.0,0.0,0.0,ACTIVE,0.0,34.55,0,0,0,0,1,-5.04,-7.99,0,,,,5435.8,32.81,31.79,FINAL,5435.8,2026-07-26T07:22:58.334109,0.0,0.0,0.0,0.0,0.0,UNKNOWN,,,,,LONG,[],0,,,,,,RS<0,AI_20_40,,0,0,,,0,0,0
148,2026-07-22T07:11:56.404199+00:00,USDCXUSDT,BUY,DIP_BUY,0.999771,1.04975955,1.14973665,0.99457712,59.7,38.0,28.5,0.0,0.049,False,Pending ⏳,DIP_BUY trigger confirmed,10.6,47.6,43.0,RANGE,0.0,,,0.0,0.0,0.0,ACTIVE,0.0,0.0,0,1,0,0,0,0.12,-0.01,0,5958.1,,,,1.001,0.999706,FINAL,,2026-07-26T11:05:25.397773,0.0,0.0,0.0,0.0,0.0,UNKNOWN,,,,,LONG,[],0,,,,,,RS_0_0.5,AI_40_60,,0,0,,,0,0,0
149,2026-07-22T07:11:59.617104+00:00,LAUSDT,BUY,DIP_BUY,0.05239,0.0550095,0.0602485,0.05192905,64.2,25.0,47.4,21.7,0.209,False,Pending ⏳,DIP_BUY trigger confirmed,26.6,47.6,43.0,RANGE,0.0,,,0.0,0.0,0.0,ACTIVE,0.0,0.0,0,1,1,1,0,40.43,23.31,0,5273.0,5273.0,5273.0,,0.07357,0.0646,FINAL,5273.0,2026-07-26T07:22:58.336516,0.0,0.0,0.0,0.0,0.0,UNKNOWN,,,,,LONG,[],0,,,,,,RS_0_0.5,AI_60_80,,0,0,,,0,0,0
150,2026-07-22T07:12:08.997692+00:00,MIRAUSDT,BUY,DIP_BUY,0.0451,0.047355,0.051865,0.044178,45.8,53.8,53.9,3145.16,0.482,False,Pending ⏳,DIP_BUY trigger confirmed,46.4,47.6,43.0,RANGE,0.0,,,0.0,0.0,0.0,ACTIVE,0.0,0.0,0,0,0,0,1,0.0,-7.76,0,,,,5272.9,0.0451,0.0416,FINAL,5272.9,2026-07-26T07:22:58.338281,0.0,0.0,0.0,0.0,0.0,UNKNOWN,,,,,LONG,[],0,,,,,,RS_0_0.5,AI_40_60,,0,0,,,0,0,0
151,2026-07-22T07:12:57.118095+00:00,ALLOUSDT,BUY,VWAP_RECLAIM,0.4884,0.505494,0.527472,0.48279974,66.9,36.9,43.0,119.79,0.489,False,Pending ⏳,VWAP_RECLAIM trigger confirmed,29.0,47.6,43.0,RANGE,0.0,,,0.0,0.0,0.0,ACTIVE,0.0,0.0,0,0,0,0,1,-18.82,-33.93,0,,,,5267.0,0.3965,0.3227,FINAL,5267.0,2026-07-26T07:22:58.340006,0.0,0.0,0.0,0.0,0.0,UNKNOWN,,,,,LONG,[],0,,,,,,RS_0_0.5,AI_60_80,,0,0,,,0,0,0
152,2026-07-22T07:13:23.762256+00:00,MIRAUSDT,BUY,DIP_BUY,0.0451,0.047355,0.051865,0.044178,45.8,53.8,53.9,3145.16,0.482,False,BUY,DIP_BUY trigger confirmed,46.4,47.6,43.0,RANGE,0.0,,,0.0,0.0,0.0,ACTIVE,0.0,0.0451,0,1,0,0,1,0.0,-7.76,0,5331.6,,,5271.6,0.0451,0.0416,FINAL,5271.6,2026-07-26T07:22:58.342031,0.0,0.0,0.0,0.0,0.0,UNKNOWN,,,,,LONG,[],0,,,,,,RS_0_0.5,AI_40_60,,0,0,,,0,0,0
153,2026-07-22T07:13:23.769040+00:00,ALLOUSDT,BUY,VWAP_RECLAIM,0.4884,0.505494,0.527472,0.48279974,66.9,36.9,43.0,119.79,0.489,False,BUY,VWAP_RECLAIM trigger confirmed,29.0,47.6,43.0,RANGE,0.0,,,0.0,0.0,0.0,ACTIVE,0.0,0.4884,0,0,0,0,1,-18.82,-33.93,0,,,,5266.6,0.3965,0.3227,FINAL,5266.6,2026-07-26T07:22:58.343721,0.0,0.0,0.0,0.0,0.0,UNKNOWN,,,,,LONG,[],0,,,,,,RS_0_0.5,AI_60_80,,0,0,,,0,0,0
154,2026-07-22T07:13:23.775858+00:00,KAITOUSDT,BUY,DIP_BUY,0.98583,1.0351215,1.1337045,0.97333885,76.0,27.1,36.7,104.62,0.652,False,BUY,DIP_BUY trigger confirmed,27.6,47.6,43.0,RANGE,0.0,,,0.0,0.0,0.0,ACTIVE,0.0,0.98583,0,1,1,0,0,5.86,0.81,0,5271.6,5746.6,,,1.04363,0.99386,FINAL,5746.6,2026-07-26T07:22:58.345682,0.0,0.0,0.0,0.0,0.0,UNKNOWN,,,,,LONG,[],0,,,,,,RS_0.5_1,AI_60_80,,0,0,,,0,0,0
155,2026-07-22T07:13:23.782631+00:00,LAUSDT,BUY,DIP_BUY,0.05239,0.0550095,0.0602485,0.05192905,64.2,25.0,47.4,21.7,0.209,False,BUY,DIP_BUY trigger confirmed,26.6,47.6,43.0,RANGE,0.0,,,0.0,0.0,0.0,ACTIVE,0.0,0.05239,0,1,1,1,0,40.43,23.31,0,5271.6,5271.6,5271.6,,0.07357,0.0646,FINAL,5271.6,2026-07-26T07:22:58.347719,0.0,0.0,0.0,0.0,0.0,UNKNOWN,,,,,LONG,[],0,,,,,,RS_0_0.5,AI_60_80,,0,0,,,0,0,0
156,2026-07-22T07:13:23.790177+00:00,BILLUSDT,BUY,DIP_BUY,0.02708,0.028434,0.031142,0.0265068,79.4,22.0,54.6,14.84,0.445,False,BUY,DIP_BUY trigger confirmed,25.0,47.6,43.0,RANGE,0.0,,,-2.117,0.0,0.0,ACTIVE,0.0,0.02708,0,0,0,0,1,0.0,-23.818316100443134,1,0.0,0.0,0.0,0.0,0.0,0.0,FINAL,0.0,2026-08-23T15:05:15.034643,0.0,23.818316100443134,0.0,0.0,0.0,UNKNOWN,-1.0,0.0,11.253,,LONG,[],0,,,,,,RS_0_0.5,AI_60_80,SL,0,0,simulated_v8.6,,0,0,0
157,2026-07-22T09:41:09.376577+00:00,ATOMUSDT,BUY,DIP_BUY,1.4688,1.54224,1.68912,1.45668,100.0,47.9,41.9,506.08,0.4,False,Pending ⏳,DIP_BUY trigger confirmed,29.8,47.6,43.0,RANGE,0.0,,,0.0,0.0,0.0,ACTIVE,0.0,0.0,0,0,0,0,1,-4.64,-6.02,0,,,,5123.8,1.4007,1.3804,FINAL,5123.8,2026-07-26T07:22:58.349841,0.0,0.0,0.0,0.0,0.0,UNKNOWN,,,,,LONG,[],0,,,,,,RS_0_0.5,AI_80_100,,0,0,,,0,0,0
158,2026-07-22T09:41:50.519302+00:00,PENDLEUSDT,WATCH,,0.0,0.0,0.0,0.0,87.1,37.1,52.7,125.03,0.353,True,WATCH,No valid setup,55.2,47.6,43.0,RANGE,0.0,,,0.0,0.0,0.0,ACTIVE,0.0,0.0,0,0,0,0,0,0.0,0.0,0,0.0,0.0,0.0,0.0,0.0,0.0,PENDING,0.0,,0.0,0.0,0.0,0.0,0.0,UNKNOWN,,,,,LONG,[],0,,,,,,RS_0_0.5,AI_80_100,,0,0,,,0,0,0
159,2026-07-22T09:41:50.525990+00:00,GENIUSUSDT,WATCH,BREAKOUT,0.0,0.0,0.0,0.0,83.1,31.6,37.5,269.1,1.283,False,WATCH,BREAKOUT setup — waiting for trigger,44.8,47.6,43.0,RANGE,0.0,,,0.0,0.0,0.0,ACTIVE,0.0,0.0,0,0,0,0,0,0.0,0.0,0,0.0,0.0,0.0,0.0,0.0,0.0,PENDING,0.0,,0.0,0.0,0.0,0.0,0.0,UNKNOWN,,,,,LONG,[],0,,,,,,RS>1,AI_80_100,,0,0,,,0,0,0
160,2026-07-22T09:41:50.532630+00:00,ATOMUSDT,BUY,DIP_BUY,1.4688,1.54224,1.68912,1.45668,100.0,47.9,41.9,506.08,0.4,False,BUY,DIP_BUY trigger confirmed,29.8,47.6,43.0,RANGE,0.0,,,0.0,0.0,0.0,ACTIVE,0.0,1.4688,0,0,0,0,1,-4.64,-6.02,0,,,,5123.2,1.4007,1.3804,FINAL,5123.2,2026-07-26T07:22:58.351537,0.0,0.0,0.0,0.0,0.0,UNKNOWN,,,,,LONG,[],0,,,,,,RS_0_0.5,AI_80_100,,0,0,,,0,0,0
161,2026-07-22T09:41:50.539146+00:00,SANDUSDT,WATCH,BREAKOUT,0.0,0.0,0.0,0.0,67.0,50.0,41.7,596.29,0.32,False,WATCH,BREAKOUT setup — waiting for trigger,29.8,47.6,43.0,RANGE,0.0,,,0.0,0.0,0.0,ACTIVE,0.0,0.0,0,0,0,0,0,0.0,0.0,0,0.0,0.0,0.0,0.0,0.0,0.0,PENDING,0.0,,0.0,0.0,0.0,0.0,0.0,UNKNOWN,,,,,LONG,[],0,,,,,,RS_0_0.5,AI_60_80,,0,0,,,0,0,0
162,2026-07-22T09:41:50.545783+00:00,VIRTUALUSDT,WATCH,BREAKOUT,0.0,0.0,0.0,0.0,71.5,22.3,56.3,9.07,0.609,False,CLOSED 🏁,BREAKOUT setup — waiting for trigger,26.6,47.6,43.0,RANGE,0.0,EMERGENCY: VWAP and EMA20 lost,0.0,0.0,0.0,0.0,CLOSED,0.6028,0.0,0,0,0,0,0,0.0,0.0,0,0.0,0.0,0.0,0.0,0.0,0.0,PENDING,0.0,,0.0,0.0,0.0,0.0,0.0,UNKNOWN,,,,,LONG,[],0,,,,,,RS_0.5_1,AI_60_80,,0,0,,,0,0,0
163,2026-07-22T11:30:13.280787+00:00,UNIUSDT,BUY,DIP_BUY,3.7708,3.95934,4.33642,3.741598,72.5,20.1,20.2,-2.4,0.101,False,Pending ⏳,DIP_BUY trigger confirmed,8.8,47.6,43.0,RANGE,0.0,,,0.0,0.0,0.0,ACTIVE,0.0,0.0,0,0,0,0,1,-2.11,-3.24,0,,,,5139.8,3.6914,3.6487,FINAL,5139.8,2026-07-26T09:30:41.751545,0.0,0.0,0.0,0.0,0.0,UNKNOWN,,,,,LONG,[],0,,,,,,RS_0_0.5,AI_60_80,,0,0,,,0,0,0
164,2026-07-22T11:31:54.839046+00:00,NIGHTUSDT,WATCH,DIP_BUY,0.02181,0.0229005,0.0250815,0.02134275,64.6,27.4,29.7,109.38,1.351,False,WATCH,DIP_BUY trigger confirmed,44.4,47.6,43.0,RANGE,0.0,,,0.0,0.0,0.0,ACTIVE,0.0,0.02181,0,0,0,0,1,-4.91,-12.47,0,,,,5408.1,0.02074,0.01909,FINAL,5408.1,2026-07-26T13:58:52.913398,0.0,0.0,0.0,0.0,0.0,UNKNOWN,,,,,LONG,[],0,,,,,,RS>1,AI_60_80,,0,0,,,0,0,0
165,2026-07-22T11:31:54.846654+00:00,ASTERUSDT,WATCH,,0.0,0.0,0.0,0.0,83.1,40.7,43.9,199.82,0.276,False,WATCH,No valid setup,28.9,47.6,43.0,RANGE,0.0,,,0.0,0.0,0.0,ACTIVE,0.0,0.0,0,0,0,0,0,0.0,0.0,0,0.0,0.0,0.0,0.0,0.0,0.0,PENDING,0.0,,0.0,0.0,0.0,0.0,0.0,UNKNOWN,,,,,LONG,[],0,,,,,,RS_0_0.5,AI_80_100,,0,0,,,0,0,0
166,2026-07-22T11:31:54.854358+00:00,ALGOUSDT,WATCH,,0.0,0.0,0.0,0.0,64.7,46.7,47.5,7.82,0.003,False,WATCH,No valid setup,26.3,47.6,43.0,RANGE,0.0,,,0.0,0.0,0.0,ACTIVE,0.0,0.0,0,0,0,0,0,0.0,0.0,0,0.0,0.0,0.0,0.0,0.0,0.0,PENDING,0.0,,0.0,0.0,0.0,0.0,0.0,UNKNOWN,,,,,LONG,[],0,,,,,,RS_0_0.5,AI_60_80,,0,0,,,0,0,0
167,2026-07-22T11:31:54.863665+00:00,TIAUSDT,BUY,DIP_BUY,0.3648,0.38304,0.41952,0.3612845,60.5,41.0,33.7,-62.26,0.085,False,BUY,DIP_BUY trigger confirmed,11.8,47.6,43.0,RANGE,0.0,,,0.0,0.0,0.0,ACTIVE,0.0,0.3648,0,0,0,0,1,-5.81,-7.4,0,,,,5143.1,0.3436,0.3378,FINAL,5143.1,2026-07-26T09:30:41.754327,0.0,0.0,0.0,0.0,0.0,UNKNOWN,,,,,LONG,[],0,,,,,,RS_0_0.5,AI_60_80,,0,0,,,0,0,0
168,2026-07-22T11:31:54.871678+00:00,UNIUSDT,WATCH,DIP_BUY,3.7708,3.95934,4.33642,3.741598,72.5,20.1,20.2,-2.4,0.101,False,WATCH,DIP_BUY trigger confirmed,8.8,47.6,43.0,RANGE,0.0,,,0.0,0.0,0.0,ACTIVE,0.0,3.7708,0,0,0,0,1,-2.11,-3.24,0,,,,5138.1,3.6914,3.6487,FINAL,5138.1,2026-07-26T09:30:41.756370,0.0,0.0,0.0,0.0,0.0,UNKNOWN,,,,,LONG,[],0,,,,,,RS_0_0.5,AI_60_80,,0,0,,,0,0,0
169,2026-07-22T13:04:07.266304+00:00,GRAMUSDT,BUY,DIP_BUY,1.513,1.58865,1.73995,1.49648,65.1,24.4,45.2,30.2,0.076,False,Pending ⏳,DIP_BUY trigger confirmed,22.0,47.6,43.0,RANGE,0.0,,,0.0,0.0,0.0,ACTIVE,0.0,0.0,0,1,0,0,0,0.66,-1.06,0,5045.9,,,,1.523,1.497,FINAL,,2026-07-26T09:30:41.758528,0.0,0.0,0.0,0.0,0.0,UNKNOWN,,,,,LONG,[],0,,,,,,RS_0_0.5,AI_60_80,,0,0,,,0,0,0
170,2026-07-22T13:04:28.314193+00:00,ETHFIUSDT,BUY,DIP_BUY,0.4772,0.50106,0.54878,0.4731225,68.8,29.7,45.0,159.26,0.157,False,Pending ⏳,DIP_BUY trigger confirmed,27.1,47.6,43.0,RANGE,0.0,,,0.0,0.0,0.0,ACTIVE,0.0,0.0,0,0,0,0,1,-14.25,-15.51,0,,,,5045.5,0.4092,0.4032,FINAL,5045.5,2026-07-26T09:30:41.760511,0.0,0.0,0.0,0.0,0.0,UNKNOWN,,,,,LONG,[],0,,,,,,RS_0_0.5,AI_60_80,,0,0,,,0,0,0
171,2026-07-22T13:05:15.633423+00:00,GRASSUSDT,BUY,DIP_BUY,0.3773,0.396165,0.433895,0.3730255,42.6,18.0,11.2,-63.44,0.116,False,Pending ⏳,DIP_BUY trigger confirmed,7.9,47.6,43.0,RANGE,0.0,,,0.0,0.0,0.0,ACTIVE,0.0,0.0,0,0,0,0,1,-7.74,-10.1,0,,,,5049.7,0.3481,0.3392,FINAL,5049.7,2026-07-26T09:30:41.762502,0.0,0.0,0.0,0.0,0.0,UNKNOWN,,,,,LONG,[],0,,,,,,RS_0_0.5,AI_40_60,,0,0,,,0,0,0
172,2026-07-22T13:05:49.355024+00:00,BERAUSDT,BUY,DIP_BUY,0.1864,0.19572,0.21436,0.1849705,67.0,41.6,37.5,25056.94,0.279,False,Pending ⏳,DIP_BUY trigger confirmed,28.8,47.6,43.0,RANGE,0.0,,,0.0,0.0,0.0,ACTIVE,0.0,0.0,0,0,0,0,1,-1.98,-4.99,0,,,,5049.2,0.1827,0.1771,FINAL,5049.2,2026-07-26T09:30:41.764433,0.0,0.0,0.0,0.0,0.0,UNKNOWN,,,,,LONG,[],0,,,,,,RS_0_0.5,AI_60_80,,0,0,,,0,0,0
173,2026-07-22T13:05:57.925997+00:00,USDGUSDT,WATCH,BREAKOUT,0.0,0.0,0.0,0.0,94.3,52.3,63.6,14.71,0.04,False,WATCH,BREAKOUT setup — waiting for trigger,44.4,47.6,43.0,RANGE,0.0,,,0.0,0.0,0.0,ACTIVE,0.0,0.0,0,0,0,0,0,0.0,0.0,0,0.0,0.0,0.0,0.0,0.0,0.0,PENDING,0.0,,0.0,0.0,0.0,0.0,0.0,UNKNOWN,,,,,LONG,[],0,,,,,,RS_0_0.5,AI_80_100,,0,0,,,0,0,0
174,2026-07-22T13:05:57.933141+00:00,BERAUSDT,BUY,DIP_BUY,0.1864,0.19572,0.21436,0.1849705,67.0,41.6,37.5,25056.94,0.279,False,BUY,DIP_BUY trigger confirmed,28.8,47.6,43.0,RANGE,0.0,,,0.0,0.0,0.0,ACTIVE,0.0,0.1864,0,0,0,0,1,-1.98,-4.99,0,,,,5049.0,0.1827,0.1771,FINAL,5049.0,2026-07-26T09:30:41.766379,0.0,0.0,0.0,0.0,0.0,UNKNOWN,,,,,LONG,[],0,,,,,,RS_0_0.5,AI_60_80,,0,0,,,0,0,0
175,2026-07-22T13:05:57.940325+00:00,SUIUSDT,BUY,DIP_BUY,0.7618,0.79989,0.87607,0.7529165,71.9,59.1,48.3,301.93,0.247,False,BUY,DIP_BUY trigger confirmed,27.5,47.6,43.0,RANGE,0.0,,,0.0,0.0,0.0,ACTIVE,0.0,0.7618,0,0,0,0,1,-4.63,-6.6,0,,,,5044.0,0.7265,0.7115,FINAL,5044.0,2026-07-26T09:30:41.768313,0.0,0.0,0.0,0.0,0.0,UNKNOWN,,,,,LONG,[],0,,,,,,RS_0_0.5,AI_60_80,,0,0,,,0,0,0
176,2026-07-22T13:05:57.947503+00:00,ETHFIUSDT,BUY,DIP_BUY,0.4772,0.50106,0.54878,0.4731225,68.8,29.7,45.0,159.26,0.157,False,BUY,DIP_BUY trigger confirmed,27.1,47.6,43.0,RANGE,0.0,,,0.0,0.0,0.0,ACTIVE,0.0,0.4772,0,0,0,0,1,-14.25,-15.51,0,,,,5044.0,0.4092,0.4032,FINAL,5044.0,2026-07-26T09:30:41.770271,0.0,0.0,0.0,0.0,0.0,UNKNOWN,,,,,LONG,[],0,,,,,,RS_0_0.5,AI_60_80,,0,0,,,0,0,0
177,2026-07-22T13:05:57.955235+00:00,LDOUSDT,BUY,DIP_BUY,0.3937,0.413385,0.452755,0.3913335,53.9,45.2,48.1,675.7,0.035,False,BUY,DIP_BUY trigger confirmed,24.9,47.6,43.0,RANGE,0.0,,,0.0,0.0,0.0,ACTIVE,0.0,0.3937,0,0,0,0,1,-4.9,-6.35,0,,,,5044.0,0.3744,0.3687,FINAL,5044.0,2026-07-26T09:30:41.772196,0.0,0.0,0.0,0.0,0.0,UNKNOWN,,,,,LONG,[],0,,,,,,RS_0_0.5,AI_40_60,,0,0,,,0,0,0
178,2026-07-22T15:13:25.350602+00:00,CRVUSDT,WATCH,,0.0,0.0,0.0,0.0,63.5,49.4,56.4,198.79,0.156,True,WATCH,No valid setup,52.8,47.6,43.0,RANGE,0.0,,,0.0,0.0,0.0,ACTIVE,0.0,0.0,0,0,0,0,0,0.0,0.0,0,0.0,0.0,0.0,0.0,0.0,0.0,PENDING,0.0,,0.0,0.0,0.0,0.0,0.0,UNKNOWN,,,,,LONG,[],0,,,,,,RS_0_0.5,AI_60_80,,0,0,,,0,0,0
179,2026-07-22T15:13:25.358428+00:00,ALLOUSDT,BUY,DIP_BUY,0.5025,0.527625,0.577875,0.4952115,69.1,46.0,54.9,5.48,0.216,True,BUY,DIP_BUY trigger confirmed,29.8,47.6,43.0,RANGE,0.0,,,0.0,0.0,0.0,ACTIVE,0.0,0.5025,0,0,0,0,1,-27.5,-35.78,0,,,,4916.6,0.3643,0.3227,FINAL,4916.6,2026-07-26T09:30:41.774143,0.0,0.0,0.0,0.0,0.0,UNKNOWN,,,,,LONG,[],0,,,,,,RS_0_0.5,AI_60_80,,0,0,,,0,0,0
180,2026-07-22T15:13:25.365806+00:00,TREEUSDT,BUY,DIP_BUY,0.038,0.0399,0.0437,0.0375115,70.0,36.4,28.7,235.74,0.673,False,BUY,DIP_BUY trigger confirmed,29.4,47.6,43.0,RANGE,0.0,,,5.0,0.0,0.0,ACTIVE,0.0,0.038,0,1,1,0,1,10.26,-12.37,0,0.0,0.0,,0.0,0.0419,0.0333,FINAL,39801.6,2026-08-19T14:53:12.149396,10.26,12.37,40256.6,40261.6,39801.6,UNKNOWN,,,,,LONG,[],0,,,,,,RS_0.5_1,AI_60_80,,0,0,,,0,0,0
181,2026-07-22T15:13:25.373489+00:00,AGTUSDT,BUY,VWAP_RECLAIM,0.012824,0.01327284,0.01384992,0.01263228,59.4,20.6,43.7,52.89,0.237,False,BUY,VWAP_RECLAIM trigger confirmed,26.3,47.6,43.0,RANGE,0.0,,,0.0,0.0,0.0,ACTIVE,0.0,0.012824,0,1,1,1,0,31.75,12.19,0,5251.6,5251.6,5251.6,,0.016896,0.014387,FINAL,5251.6,2026-07-26T15:05:09.830164,0.0,0.0,0.0,0.0,0.0,UNKNOWN,,,,,LONG,[],0,,,,,,RS_0_0.5,AI_40_60,,0,0,,,0,0,0
182,2026-07-22T15:13:25.381585+00:00,OPUSDT,BUY,DIP_BUY,0.0978,0.10269,0.11247,0.096316,61.6,30.8,45.2,152.7,0.082,False,BUY,DIP_BUY trigger confirmed,22.7,47.6,43.0,RANGE,0.0,,,0.0,0.0,0.0,ACTIVE,0.0,0.0978,0,0,0,0,1,-4.6,-5.83,0,,,,4916.6,0.0933,0.0921,FINAL,4916.6,2026-07-26T09:30:41.776971,0.0,0.0,0.0,0.0,0.0,UNKNOWN,,,,,LONG,[],0,,,,,,RS_0_0.5,AI_60_80,,0,0,,,0,0,0
183,2026-07-22T16:45:39.623690+00:00,BLURUSDT,BUY,DIP_BUY,0.01623,0.0170415,0.0186645,0.01596975,42.8,10.4,55.1,13.34,-0.239,False,Pending ⏳,DIP_BUY trigger confirmed,23.6,47.6,43.0,RANGE,0.0,,,-1.604,0.0,0.0,ACTIVE,0.0,0.0,0,0,0,0,1,0.0,-4.004929143561314,1,0.0,0.0,0.0,0.0,0.0,0.0,FINAL,0.0,2026-08-23T15:05:15.039287,0.0,4.004929143561314,0.0,0.0,0.0,UNKNOWN,-1.0,0.0,2.498,,LONG,[],0,,,,,,RS<0,AI_40_60,SL,0,0,simulated_v8.6,,0,0,0
184,2026-07-22T16:46:17.158062+00:00,WLDUSDT,PREPARE,BREAKOUT,0.0,0.0,0.0,0.0,80.1,64.5,54.4,159.85,3.1,False,PREPARE,BREAKOUT setup — waiting for trigger,61.5,47.6,43.0,RANGE,0.0,,,0.0,0.0,0.0,ACTIVE,0.0,0.0,0,0,0,0,0,0.0,0.0,0,0.0,0.0,0.0,0.0,0.0,0.0,PENDING,0.0,,0.0,0.0,0.0,0.0,0.0,UNKNOWN,,,,,LONG,[],0,,,,,,RS>1,AI_80_100,,0,0,,,0,0,0
185,2026-07-22T16:46:17.165614+00:00,KITEUSDT,WATCH,BREAKOUT,0.0,0.0,0.0,0.0,64.2,33.5,45.7,116.22,0.407,True,WATCH,BREAKOUT setup — waiting for trigger,54.4,47.6,43.0,RANGE,0.0,,,0.0,0.0,0.0,ACTIVE,0.0,0.0,0,0,0,0,0,0.0,0.0,0,0.0,0.0,0.0,0.0,0.0,0.0,PENDING,0.0,,0.0,0.0,0.0,0.0,0.0,UNKNOWN,,,,,LONG,[],0,,,,,,RS_0_0.5,AI_60_80,,0,0,,,0,0,0
186,2026-07-22T16:46:17.173175+00:00,PENDLEUSDT,WATCH,BREAKOUT,0.0,0.0,0.0,0.0,74.2,41.3,39.2,421.44,1.512,False,WATCH,BREAKOUT setup — waiting for trigger,49.5,47.6,43.0,RANGE,0.0,,,0.0,0.0,0.0,ACTIVE,0.0,0.0,0,0,0,0,0,0.0,0.0,0,0.0,0.0,0.0,0.0,0.0,0.0,PENDING,0.0,,0.0,0.0,0.0,0.0,0.0,UNKNOWN,,,,,LONG,[],0,,,,,,RS>1,AI_60_80,,0,0,,,0,0,0
187,2026-07-22T16:46:17.181407+00:00,ALGOUSDT,WATCH,BREAKOUT,0.0,0.0,0.0,0.0,87.3,42.6,44.0,11932.59,-0.125,False,WATCH,BREAKOUT setup — waiting for trigger,28.7,47.6,43.0,RANGE,0.0,,,0.0,0.0,0.0,ACTIVE,0.0,0.0,0,0,0,0,0,0.0,0.0,0,0.0,0.0,0.0,0.0,0.0,0.0,PENDING,0.0,,0.0,0.0,0.0,0.0,0.0,UNKNOWN,,,,,LONG,[],0,,,,,,RS<0,AI_80_100,,0,0,,,0,0,0
188,2026-07-22T16:46:17.189231+00:00,ALICEUSDT,BUY,DIP_BUY,0.1245,0.130725,0.143175,0.12338,94.0,30.6,63.0,17.12,-0.12,False,BUY,DIP_BUY trigger confirmed,27.8,47.6,43.0,RANGE,0.0,,,7.23,0.0,0.0,ACTIVE,0.0,0.1245,0,1,1,0,0,11.08,5.78,0,0.0,0.0,,0.0,0.1383,0.1317,FINAL,38473.7,2026-08-18T18:18:08.808445,11.08,5.78,38473.7,38473.7,,UNKNOWN,,,,,LONG,[],0,,,,,,RS<0,AI_80_100,,0,0,,,0,0,0
189,2026-07-22T17:57:02.711434+00:00,JTOUSDT,BUY,DIP_BUY,0.631,0.66255,0.72565,0.62486,62.9,23.1,13.3,-22.25,0.58,False,Pending ⏳,DIP_BUY trigger confirmed,14.0,47.6,43.0,RANGE,0.0,,,0.0,0.0,0.0,ACTIVE,0.0,0.0,0,0,0,0,1,-6.18,-9.51,0,,,,4753.0,0.592,0.571,FINAL,4753.0,2026-07-26T09:30:41.779716,0.0,0.0,0.0,0.0,0.0,UNKNOWN,,,,,LONG,[],0,,,,,,RS_0.5_1,AI_60_80,,0,0,,,0,0,0
190,2026-07-22T17:58:12.180556+00:00,ALGOUSDT,WATCH,,0.0,0.0,0.0,0.0,55.1,39.3,42.6,220.63,-0.093,True,WATCH,No valid setup,53.9,47.6,43.0,RANGE,0.0,,,0.0,0.0,0.0,ACTIVE,0.0,0.0,0,0,0,0,0,0.0,0.0,0,0.0,0.0,0.0,0.0,0.0,0.0,PENDING,0.0,,0.0,0.0,0.0,0.0,0.0,UNKNOWN,,,,,LONG,[],0,,,,,,RS<0,AI_40_60,,0,0,,,0,0,0
191,2026-07-22T17:58:12.187632+00:00,INJUSDT,WATCH,BREAKOUT,0.0,0.0,0.0,0.0,100.0,39.3,35.5,161.21,0.167,False,WATCH,BREAKOUT setup — waiting for trigger,27.7,47.6,43.0,RANGE,0.0,,,0.0,0.0,0.0,ACTIVE,0.0,0.0,0,0,0,0,0,0.0,0.0,0,0.0,0.0,0.0,0.0,0.0,0.0,PENDING,0.0,,0.0,0.0,0.0,0.0,0.0,UNKNOWN,,,,,LONG,[],0,,,,,,RS_0_0.5,AI_80_100,,0,0,,,0,0,0
192,2026-07-22T17:58:12.197162+00:00,DASHUSDT,WATCH,,0.0,0.0,0.0,0.0,49.6,38.4,35.3,169.12,0.114,False,WATCH,No valid setup,24.7,47.6,43.0,RANGE,0.0,,,0.0,0.0,0.0,ACTIVE,0.0,0.0,0,0,0,0,0,0.0,0.0,0,0.0,0.0,0.0,0.0,0.0,0.0,PENDING,0.0,,0.0,0.0,0.0,0.0,0.0,UNKNOWN,,,,,LONG,[],0,,,,,,RS_0_0.5,AI_40_60,,0,0,,,0,0,0
193,2026-07-22T17:58:12.204835+00:00,ARXUSDT,WATCH,,0.0,0.0,0.0,0.0,72.9,30.4,19.9,-34.01,1.953,False,WATCH,No valid setup,15.0,47.6,43.0,RANGE,0.0,,,0.0,0.0,0.0,ACTIVE,0.0,0.0,0,0,0,0,0,0.0,0.0,0,0.0,0.0,0.0,0.0,0.0,0.0,PENDING,0.0,,0.0,0.0,0.0,0.0,0.0,UNKNOWN,,,,,LONG,[],0,,,,,,RS>1,AI_60_80,,0,0,,,0,0,0
194,2026-07-22T17:58:12.215469+00:00,JTOUSDT,WATCH,DIP_BUY,0.631,0.66255,0.72565,0.62486,62.9,23.1,13.3,-22.25,0.58,False,WATCH,DIP_BUY trigger confirmed,14.0,47.6,43.0,RANGE,0.0,,,0.0,0.0,0.0,ACTIVE,0.0,0.631,0,0,0,0,1,-6.18,-9.51,0,,,,4751.8,0.592,0.571,FINAL,4751.8,2026-07-26T09:30:41.781638,0.0,0.0,0.0,0.0,0.0,UNKNOWN,,,,,LONG,[],0,,,,,,RS_0.5_1,AI_60_80,,0,0,,,0,0,0
195,2026-07-22T19:07:16.049818+00:00,LITUSDT,BUY,DIP_BUY,2.338,2.4549,2.6887,2.29646,62.7,18.0,14.4,-35.8,0.718,False,Pending ⏳,DIP_BUY trigger confirmed,10.8,47.6,43.0,RANGE,0.0,,,0.0,0.0,0.0,ACTIVE,0.0,0.0,0,0,0,0,1,-10.18,-11.76,0,,,,4687.7,2.1,2.063,FINAL,4687.7,2026-07-26T09:30:41.783567,0.0,0.0,0.0,0.0,0.0,UNKNOWN,,,,,LONG,[],0,,,,,,RS_0.5_1,AI_60_80,,0,0,,,0,0,0
196,2026-07-22T19:08:17.427221+00:00,VANAUSDT,WATCH,BREAKOUT,0.0,0.0,0.0,0.0,86.0,46.1,46.5,346.21,0.518,False,WATCH,BREAKOUT setup — waiting for trigger,44.7,47.6,43.0,RANGE,0.0,,,0.0,0.0,0.0,ACTIVE,0.0,0.0,0,0,0,0,0,0.0,0.0,0,0.0,0.0,0.0,0.0,0.0,0.0,PENDING,0.0,,0.0,0.0,0.0,0.0,0.0,UNKNOWN,,,,,LONG,[],0,,,,,,RS_0.5_1,AI_80_100,,0,0,,,0,0,0
197,2026-07-22T19:08:17.435578+00:00,LAUSDT,WATCH,BREAKOUT,0.0,0.0,0.0,0.0,63.4,25.2,41.9,4.6,0.601,True,WATCH,BREAKOUT setup — waiting for trigger,44.5,47.6,43.0,RANGE,0.0,,,0.0,0.0,0.0,ACTIVE,0.0,0.0,0,0,0,0,0,0.0,0.0,0,0.0,0.0,0.0,0.0,0.0,0.0,PENDING,0.0,,0.0,0.0,0.0,0.0,0.0,UNKNOWN,,,,,LONG,[],0,,,,,,RS_0.5_1,AI_60_80,,0,0,,,0,0,0
198,2026-07-22T19:08:17.444705+00:00,GRAMUSDT,BUY,DIP_BUY,1.512,1.5876,1.7388,1.487525,68.1,46.9,37.5,519.81,0.161,False,BUY,DIP_BUY trigger confirmed,29.0,47.6,43.0,RANGE,0.0,,,0.0,0.0,0.0,ACTIVE,0.0,1.512,0,1,0,0,0,0.73,-0.99,0,4681.7,,,,1.523,1.497,FINAL,,2026-07-26T09:30:41.785595,0.0,0.0,0.0,0.0,0.0,UNKNOWN,,,,,LONG,[],0,,,,,,RS_0_0.5,AI_60_80,,0,0,,,0,0,0
199,2026-07-22T19:08:17.453530+00:00,NIGHTUSDT,BUY,DIP_BUY,0.02019,0.0211995,0.0232185,0.01973085,78.8,41.5,37.8,382.61,0.079,False,BUY,DIP_BUY trigger confirmed,28.1,47.6,43.0,RANGE,0.0,,,0.0,0.0,0.0,ACTIVE,0.0,0.02019,0,1,0,0,1,2.72,-5.45,0,5411.7,,,4951.7,0.02074,0.01909,FINAL,4951.7,2026-07-26T13:58:52.917092,0.0,0.0,0.0,0.0,0.0,UNKNOWN,,,,,LONG,[],0,,,,,,RS_0_0.5,AI_60_80,,0,0,,,0,0,0
200,2026-07-22T19:08:17.461672+00:00,ENAUSDT,WATCH,BREAKOUT,0.0,0.0,0.0,0.0,81.7,24.9,47.5,21.24,0.138,False,WATCH,BREAKOUT setup — waiting for trigger,24.2,47.6,43.0,RANGE,0.0,,,0.0,0.0,0.0,ACTIVE,0.0,0.0,0,0,0,0,0,0.0,0.0,0,0.0,0.0,0.0,0.0,0.0,0.0,PENDING,0.0,,0.0,0.0,0.0,0.0,0.0,UNKNOWN,,,,,LONG,[],0,,,,,,RS_0_0.5,AI_80_100,,0,0,,,0,0,0
201,2026-07-22T20:20:40.281874+00:00,DEXEUSDT,BUY,DIP_BUY,4.5499,4.777395,5.232385,4.4421775,74.7,21.5,42.0,89.82,0.315,False,Pending ⏳,DIP_BUY trigger confirmed,26.4,47.6,43.0,RANGE,0.0,,,0.0,0.0,0.0,ACTIVE,0.0,0.0,0,0,0,0,1,-4.47,-35.95,0,,,,4609.3,4.3463,2.9144,FINAL,4609.3,2026-07-26T09:30:41.788017,0.0,0.0,0.0,0.0,0.0,UNKNOWN,,,,,LONG,[],0,,,,,,RS_0_0.5,AI_60_80,,0,0,,,0,0,0
202,2026-07-22T20:22:15.500816+00:00,UPUSDT,PREPARE,BREAKOUT,0.0,0.0,0.0,0.0,100.0,68.0,63.7,8957.5,0.33,False,PREPARE,BREAKOUT setup — waiting for trigger,48.9,47.6,43.0,RANGE,0.0,,,0.0,0.0,0.0,ACTIVE,0.0,0.0,0,0,0,0,0,0.0,0.0,0,0.0,0.0,0.0,0.0,0.0,0.0,PENDING,0.0,,0.0,0.0,0.0,0.0,0.0,UNKNOWN,,,,,LONG,[],0,,,,,,RS_0_0.5,AI_80_100,,0,0,,,0,0,0
203,2026-07-22T20:22:15.508611+00:00,RUNEUSDT,BUY,VWAP_RECLAIM,0.4387,0.4540545,0.473796,0.43320432,71.0,23.4,53.0,26.86,0.38,True,BUY,VWAP_RECLAIM trigger confirmed,46.0,47.6,43.0,RANGE,0.0,,,0.0,0.0,0.0,ACTIVE,0.0,0.4387,0,0,0,0,1,-2.6,-2.85,0,,,,4607.7,0.4273,0.4262,FINAL,4607.7,2026-07-26T09:30:41.789873,0.0,0.0,0.0,0.0,0.0,UNKNOWN,,,,,LONG,[],0,,,,,,RS_0_0.5,AI_60_80,,0,0,,,0,0,0
204,2026-07-22T20:22:15.517046+00:00,NIGHTUSDT,BUY,DIP_BUY,0.02024,0.021252,0.023276,0.01987015,95.2,54.2,48.5,83.77,0.361,False,BUY,DIP_BUY trigger confirmed,45.7,47.6,43.0,RANGE,0.0,,,0.0,0.0,0.0,ACTIVE,0.0,0.02024,0,1,0,0,1,2.47,-5.68,0,5337.7,,,4877.7,0.02074,0.01909,FINAL,4877.7,2026-07-26T13:58:52.919117,0.0,0.0,0.0,0.0,0.0,UNKNOWN,,,,,LONG,[],0,,,,,,RS_0_0.5,AI_80_100,,0,0,,,0,0,0
205,2026-07-22T20:22:15.524598+00:00,DEXEUSDT,BUY,DIP_BUY,4.5499,4.777395,5.232385,4.4421775,74.7,21.5,42.0,89.82,0.315,False,BUY,DIP_BUY trigger confirmed,26.4,47.6,43.0,RANGE,0.0,,,0.0,0.0,0.0,ACTIVE,0.0,4.5499,0,0,0,0,1,-4.47,-35.95,0,,,,4607.7,4.3463,2.9144,FINAL,4607.7,2026-07-26T09:30:41.792264,0.0,0.0,0.0,0.0,0.0,UNKNOWN,,,,,LONG,[],0,,,,,,RS_0_0.5,AI_60_80,,0,0,,,0,0,0
206,2026-07-22T20:22:15.532381+00:00,TAOUSDT,BUY,DIP_BUY,196.66,206.493,226.159,194.9006,59.3,24.4,37.2,31.44,0.213,False,BUY,DIP_BUY trigger confirmed,26.3,47.6,43.0,RANGE,0.0,,,0.0,0.0,0.0,ACTIVE,0.0,196.66,0,1,0,0,1,1.72,-2.88,0,4807.7,,,4607.7,200.04,191.0,FINAL,4607.7,2026-07-26T09:30:41.794554,0.0,0.0,0.0,0.0,0.0,UNKNOWN,,,,,LONG,[],0,,,,,,RS_0_0.5,AI_40_60,,0,0,,,0,0,0
207,2026-07-22T20:53:38.834727+00:00,RAINUSDT,BUY,DIP_BUY,0.014332,0.0150486,0.0164818,0.01424939,59.8,25.0,23.1,-21.19,0.032,True,Pending ⏳,DIP_BUY trigger confirmed,17.8,47.6,43.0,RANGE,0.0,,,0.0,0.0,0.0,ACTIVE,0.0,0.0,0,0,0,0,1,-2.69,-3.66,0,,,,4576.4,0.013946,0.013808,FINAL,4576.4,2026-07-26T09:30:41.796514,0.0,0.0,0.0,0.0,0.0,UNKNOWN,,,,,LONG,[],0,,,,,,RS_0_0.5,AI_40_60,,0,0,,,0,0,0
208,2026-07-22T20:53:45.075884+00:00,HOMEUSDT,BUY,DIP_BUY,0.006415,0.00673575,0.00737725,0.00621477,65.5,28.6,40.1,22.11,1.825,False,Pending ⏳,DIP_BUY trigger confirmed,47.7,47.6,43.0,RANGE,0.0,,,0.0,0.0,0.0,ACTIVE,0.0,0.0,0,0,0,0,1,-1.12,-5.71,0,,,,4591.2,0.006343,0.006049,FINAL,4591.2,2026-07-26T09:30:41.798524,0.0,0.0,0.0,0.0,0.0,UNKNOWN,,,,,LONG,[],0,,,,,,RS>1,AI_60_80,,0,0,,,0,0,0
209,2026-07-22T21:08:43.877905+00:00,EIGENUSDT,BUY,VWAP_RECLAIM,0.2381,0.2464335,0.257148,0.23531848,53.8,36.9,50.5,112.07,0.237,True,Pending ⏳,VWAP_RECLAIM trigger confirmed,47.3,47.6,43.0,RANGE,0.0,,,0.0,0.0,0.0,ACTIVE,0.0,0.0,0,0,0,0,1,-10.46,-13.48,0,,,,4566.3,0.2132,0.206,FINAL,4566.3,2026-07-26T09:30:41.800455,0.0,0.0,0.0,0.0,0.0,UNKNOWN,,,,,LONG,[],0,,,,,,RS_0_0.5,AI_40_60,,0,0,,,0,0,0
210,2026-07-22T21:33:55.919620+00:00,DOGEUSDT,BUY,DIP_BUY,0.07271,0.0763455,0.0836165,0.07216735,65.8,50.8,58.2,132.79,0.086,False,Pending ⏳,DIP_BUY trigger confirmed,25.6,47.6,43.0,RANGE,0.0,,,0.0,0.0,0.0,ACTIVE,0.0,0.0,0,1,0,0,1,1.82,-1.49,0,4706.1,,,4536.1,0.07403,0.07163,FINAL,4536.1,2026-07-26T09:30:41.802777,0.0,0.0,0.0,0.0,0.0,UNKNOWN,,,,,LONG,[],0,,,,,,RS_0_0.5,AI_60_80,,0,0,,,0,0,0
211,2026-07-22T21:35:26.529542+00:00,GALAUSDT,BUY,DIP_BUY,0.0020574,0.00216027,0.00236601,0.00202821,60.8,27.0,25.1,0.0,0.237,False,Pending ⏳,DIP_BUY trigger confirmed,9.8,47.6,43.0,RANGE,0.0,,,0.0,0.0,0.0,ACTIVE,0.0,0.0,0,0,0,0,1,-2.19,-4.76,0,,,,3714.6,0.00201243,0.00195947,FINAL,3714.6,2026-07-26T11:05:25.402662,0.0,0.0,0.0,0.0,0.0,UNKNOWN,,,,,LONG,[],0,,,,,,RS_0_0.5,AI_60_80,,0,0,,,0,0,0
212,2026-07-22T21:35:27.649262+00:00,UBUSDT,BUY,DIP_BUY,0.11397,0.1196685,0.1310655,0.11087882,71.1,21.5,17.0,-5.43,1.61,False,Pending ⏳,DIP_BUY trigger confirmed,18.0,47.6,43.0,RANGE,0.0,,,0.0,0.0,0.0,ACTIVE,0.0,0.0,0,1,1,1,0,37.87,13.81,0,5484.5,5484.5,5489.5,,0.157128,0.129704,FINAL,5484.5,2026-07-27T01:17:41.338703,0.0,0.0,0.0,0.0,0.0,UNKNOWN,,,,,LONG,[],0,,,,,,RS>1,AI_60_80,,0,0,,,0,0,0
213,2026-07-23T01:13:12.028600+00:00,MNTUSDT,WATCH,BREAKOUT,0.0,0.0,0.0,0.0,90.6,42.6,35.4,7759.51,0.034,False,WATCH,BREAKOUT setup — waiting for trigger,28.0,47.2,41.0,RANGE,0.0,,,0.0,0.0,0.0,ACTIVE,0.0,0.0,0,0,0,0,0,0.0,0.0,0,0.0,0.0,0.0,0.0,0.0,0.0,PENDING,0.0,,0.0,0.0,0.0,0.0,0.0,UNKNOWN,,,,,LONG,[],0,,,,,,RS_0_0.5,AI_80_100,,0,0,,,0,0,0
214,2026-07-23T07:15:05.299041+00:00,ZKCUSDT,WATCH,,0.0,0.0,0.0,0.0,97.0,52.0,38.0,1519.5,7.986,False,WATCH,No valid setup,62.2,42.7,41.0,RANGE,0.0,,,0.0,0.0,0.0,ACTIVE,0.0,0.0,0,0,0,0,0,0.0,0.0,0,0.0,0.0,0.0,0.0,0.0,0.0,PENDING,0.0,,0.0,0.0,0.0,0.0,0.0,UNKNOWN,,,,,LONG,[],0,,,,,,RS>1,AI_80_100,,0,0,,,0,0,0
215,2026-07-23T11:30:48.233351+00:00,ONDOUSDT,BUY,DIP_BUY,0.40391,0.4241055,0.4644965,0.400786,48.2,38.8,36.8,5.63,0.249,False,Pending ⏳,DIP_BUY trigger confirmed,18.8,47.2,41.0,RANGE,0.0,,,0.0,0.0,0.0,ACTIVE,0.0,0.0,0,0,0,0,1,-3.13,-5.47,0,,,,3794.2,0.39127,0.38183,FINAL,3794.2,2026-07-26T11:05:25.406035,0.0,0.0,0.0,0.0,0.0,UNKNOWN,,,,,LONG,[],0,,,,,,RS_0_0.5,AI_40_60,,0,0,,,0,0,0
216,2026-07-23T12:26:54.645619+00:00,LTCUSDT,PREPARE,BREAKOUT,0.0,0.0,0.0,0.0,100.0,63.9,53.0,357.93,0.219,False,PREPARE,BREAKOUT setup — waiting for trigger,46.8,47.2,41.0,RANGE,0.0,,,0.0,0.0,0.0,ACTIVE,0.0,0.0,0,0,0,0,0,0.0,0.0,0,0.0,0.0,0.0,0.0,0.0,0.0,PENDING,0.0,,0.0,0.0,0.0,0.0,0.0,UNKNOWN,,,,,LONG,[],0,,,,,,RS_0_0.5,AI_80_100,,0,0,,,0,0,0
217,2026-07-23T12:26:54.655369+00:00,WIFUSDT,PREPARE,,0.0,0.0,0.0,0.0,65.5,56.4,64.2,89.62,0.354,False,PREPARE,No valid setup,29.9,47.2,41.0,RANGE,0.0,,,0.0,0.0,0.0,ACTIVE,0.0,0.0,0,0,0,0,0,0.0,0.0,0,0.0,0.0,0.0,0.0,0.0,0.0,PENDING,0.0,,0.0,0.0,0.0,0.0,0.0,UNKNOWN,,,,,LONG,[],0,,,,,,RS_0_0.5,AI_60_80,,0,0,,,0,0,0
218,2026-07-23T12:26:54.663979+00:00,HYPEUSDT,WATCH,BREAKOUT,0.0,0.0,0.0,0.0,72.4,45.4,42.0,371.87,0.474,False,WATCH,BREAKOUT setup — waiting for trigger,28.6,47.2,41.0,RANGE,0.0,,,0.0,0.0,0.0,ACTIVE,0.0,0.0,0,0,0,0,0,0.0,0.0,0,0.0,0.0,0.0,0.0,0.0,0.0,PENDING,0.0,,0.0,0.0,0.0,0.0,0.0,UNKNOWN,,,,,LONG,[],0,,,,,,RS_0_0.5,AI_60_80,,0,0,,,0,0,0
219,2026-07-23T13:07:38.469433+00:00,DODOUSDT,BUY,DIP_BUY,0.01915,0.0201075,0.0220225,0.0189846,54.5,21.0,15.8,-63.59,0.397,False,Pending ⏳,DIP_BUY trigger confirmed,10.3,47.2,41.0,RANGE,0.0,,,6.431,0.0,0.0,ACTIVE,0.0,0.0,0,0,1,0,0,6.788511749347253,0.0,1,0.0,0.0,0.0,0.0,0.0,0.0,FINAL,0.0,2026-08-23T15:05:15.043921,6.788511749347253,0.0,0.0,0.0,0.0,UNKNOWN,7.446,7.86,0.0,,LONG,[],0,,,,,,RS_0_0.5,AI_40_60,TP1,0,0,simulated_v8.6,,0,0,0
220,2026-07-23T13:08:02.648246+00:00,IDOLUSDT,BUY,DIP_BUY,0.00219268,0.00230231,0.00252158,0.00218128,67.2,28.9,16.0,0.0,0.093,False,Pending ⏳,DIP_BUY trigger confirmed,9.1,47.2,41.0,RANGE,0.0,,,0.0,0.0,0.0,ACTIVE,0.0,0.0,0,0,0,0,0,0.0,0.0,0,0.0,0.0,0.0,0.0,0.0,0.0,PENDING,0.0,,0.0,0.0,0.0,0.0,0.0,UNKNOWN,,,,,LONG,[],0,,,,,,RS_0_0.5,AI_60_80,,0,0,,,0,0,0
221,2026-07-23T13:08:28.461792+00:00,BDXUSDT,BUY,DIP_BUY,0.08345,0.0876225,0.0959675,0.0825253,68.8,28.9,51.9,33.5,0.131,False,Pending ⏳,DIP_BUY trigger confirmed,22.7,47.2,41.0,RANGE,0.0,,,0.0,0.0,0.0,ACTIVE,0.0,0.0,0,0,0,0,1,-0.14,-1.44,0,,,,3906.5,0.08333,0.08225,FINAL,3906.5,2026-07-26T11:05:25.408813,0.0,0.0,0.0,0.0,0.0,UNKNOWN,,,,,LONG,[],0,,,,,,RS_0_0.5,AI_60_80,,0,0,,,0,0,0
222,2026-07-23T13:08:34.842520+00:00,UUSDT,WATCH,,0.0,0.0,0.0,0.0,68.0,48.9,44.0,122.26,0.083,True,WATCH,No valid setup,56.0,47.2,41.0,RANGE,0.0,,,0.0,0.0,0.0,ACTIVE,0.0,0.0,0,0,0,0,0,0.0,0.0,0,0.0,0.0,0.0,0.0,0.0,0.0,PENDING,0.0,,0.0,0.0,0.0,0.0,0.0,UNKNOWN,,,,,LONG,[],0,,,,,,RS_0_0.5,AI_60_80,,0,0,,,0,0,0
223,2026-07-23T22:42:33.408195+00:00,BLENDUSDT,WATCH,BREAKOUT,0.0,0.0,0.0,0.0,76.2,53.4,42.4,377.21,0.328,False,WATCH,BREAKOUT setup — waiting for trigger,45.2,47.2,41.0,RANGE,0.0,,,0.0,0.0,0.0,ACTIVE,0.0,0.0,0,0,0,0,0,0.0,0.0,0,0.0,0.0,0.0,0.0,0.0,0.0,PENDING,0.0,,0.0,0.0,0.0,0.0,0.0,UNKNOWN,,,,,LONG,[],0,,,,,,RS_0_0.5,AI_60_80,,0,0,,,0,0,0
224,2026-07-23T23:40:22.791118+00:00,BOMEUSDT,BUY,DIP_BUY,0.0004344,0.00045612,0.00049956,0.00043074,81.3,47.8,44.1,578.94,0.12,False,Pending ⏳,DIP_BUY trigger confirmed,29.3,47.2,41.0,RANGE,0.0,,,0.0,0.0,0.0,ACTIVE,0.0,0.0,0,1,1,1,0,24.54,9.85,0,3064.6,3064.6,3219.6,,0.000541,0.0004772,FINAL,3064.6,2026-07-26T11:05:25.411292,0.0,0.0,0.0,0.0,0.0,UNKNOWN,,,,,LONG,[],0,,,,,,RS_0_0.5,AI_80_100,,0,0,,,0,0,0
225,2026-07-23T23:40:26.874509+00:00,ANSEMUSDT,BUY,DIP_BUY,0.1733,0.181965,0.199295,0.168354,81.5,21.3,26.9,2.54,2.187,False,Pending ⏳,DIP_BUY trigger confirmed,18.7,47.2,41.0,RANGE,0.0,,,0.0,0.0,0.0,ACTIVE,0.0,0.0,0,1,1,1,0,17.14,6.17,0,3134.6,3134.6,3234.6,,0.203,0.184,FINAL,3134.6,2026-07-26T12:14:25.916323,0.0,0.0,0.0,0.0,0.0,UNKNOWN,,,,,LONG,[],0,,,,,,RS>1,AI_80_100,,0,0,,,0,0,0
226,2026-07-24T01:05:48.423313+00:00,BTCUSDT,BUY,DIP_BUY,65092.4,68347.02,74856.26,64435.802,77.2,35.0,18.4,-27.44,0.067,False,Pending ⏳,DIP_BUY trigger confirmed,11.8,46.6,38.0,RANGE,0.0,,,0.0,0.0,0.0,ACTIVE,0.0,0.0,0,0,0,0,1,-0.77,-1.24,0,,,,3144.2,64590.8,64285.7,FINAL,3144.2,2026-07-26T11:05:25.413660,0.0,0.0,0.0,0.0,0.0,UNKNOWN,,,,,LONG,[],0,,,,,,RS_0_0.5,AI_60_80,,0,0,,,0,0,0
227,2026-07-24T01:10:04.305337+00:00,BMXUSDT,BUY,DIP_BUY,0.3096,0.32508,0.35604,0.3075545,52.6,23.2,44.3,184.1,-0.03,False,Pending ⏳,DIP_BUY trigger confirmed,22.3,46.6,38.0,RANGE,0.0,,,2.298,0.0,0.0,ACTIVE,0.0,0.0,0,0,0,0,0,2.3210594315245565,0.0,1,0.0,0.0,0.0,0.0,0.0,0.0,FINAL,0.0,2026-08-23T15:05:15.048541,2.3210594315245565,0.0,0.0,0.0,0.0,UNKNOWN,3.478,3.513,0.0,,LONG,[],0,,,,,,RS<0,AI_40_60,TIMEOUT,0,0,simulated_v8.6,,0,0,0
228,2026-07-24T07:09:09.411576+00:00,STXUSDT,BUY,DIP_BUY,0.1457,0.152985,0.167555,0.1437775,46.5,29.5,55.2,70.71,0.095,True,Pending ⏳,DIP_BUY trigger confirmed,47.3,46.6,38.0,RANGE,0.0,,,0.0,0.0,0.0,ACTIVE,0.0,0.0,0,0,0,0,1,-2.88,-6.73,0,,,,2620.8,0.1415,0.1359,FINAL,2620.8,2026-07-26T11:05:25.415974,0.0,0.0,0.0,0.0,0.0,UNKNOWN,,,,,LONG,[],0,,,,,,RS_0_0.5,AI_40_60,,0,0,,,0,0,0
229,2026-07-24T19:05:37.695388+00:00,SKYUSDT,BUY,DIP_BUY,0.05747,0.0603435,0.0660905,0.0567946,89.2,28.6,33.5,129.5,0.767,False,Pending ⏳,DIP_BUY trigger confirmed,28.4,46.6,38.0,RANGE,0.0,,,10.299,0.0,0.0,ACTIVE,0.0,0.0,0,0,1,0,0,11.62345571602575,0.0,1,0.0,0.0,0.0,0.0,0.0,0.0,FINAL,0.0,2026-08-23T15:05:15.053213,11.62345571602575,0.0,0.0,0.0,0.0,UNKNOWN,8.764,9.891,0.0,,LONG,[],0,,,,,,RS_0.5_1,AI_80_100,TP1,0,0,simulated_v8.6,,0,0,0
230,2026-07-24T19:06:08.288494+00:00,SKLUSDT,WATCH,,0.0,0.0,0.0,0.0,78.9,49.0,40.8,720.91,0.347,False,WATCH,No valid setup,29.9,46.6,38.0,RANGE,0.0,,,0.0,0.0,0.0,ACTIVE,0.0,0.0,0,0,0,0,0,0.0,0.0,0,0.0,0.0,0.0,0.0,0.0,0.0,PENDING,0.0,,0.0,0.0,0.0,0.0,0.0,UNKNOWN,,,,,LONG,[],0,,,,,,RS_0_0.5,AI_60_80,,0,0,,,0,0,0
231,2026-07-24T20:41:15.748350+00:00,TNSRUSDT,PREPARE,BREAKOUT,0.0,0.0,0.0,0.0,100.0,71.0,51.7,2487.48,2.146,False,PREPARE,BREAKOUT setup — waiting for trigger,58.0,46.6,38.0,RANGE,0.0,,,0.0,0.0,0.0,ACTIVE,0.0,0.0,0,0,0,0,0,0.0,0.0,0,0.0,0.0,0.0,0.0,0.0,0.0,PENDING,0.0,,0.0,0.0,0.0,0.0,0.0,UNKNOWN,,,,,LONG,[],0,,,,,,RS>1,AI_80_100,,0,0,,,0,0,0
232,2026-07-24T21:46:19.744523+00:00,BEATUSDT,WATCH,BREAKOUT,0.0,0.0,0.0,0.0,75.5,42.9,25.1,-61.53,3.01,False,WATCH,BREAKOUT setup — waiting for trigger,25.9,46.6,38.0,RANGE,0.0,,,0.0,0.0,0.0,ACTIVE,0.0,0.0,0,0,0,0,0,0.0,0.0,0,0.0,0.0,0.0,0.0,0.0,0.0,PENDING,0.0,,0.0,0.0,0.0,0.0,0.0,UNKNOWN,,,,,LONG,[],0,,,,,,RS>1,AI_60_80,,0,0,,,0,0,0
233,2026-07-24T21:46:19.754692+00:00,STGUSDT,WATCH,BREAKOUT,0.0,0.0,0.0,0.0,74.0,18.1,13.9,-44.37,0.468,False,WATCH,BREAKOUT setup — waiting for trigger,13.4,46.6,38.0,RANGE,0.0,,,0.0,0.0,0.0,ACTIVE,0.0,0.0,0,0,0,0,0,0.0,0.0,0,0.0,0.0,0.0,0.0,0.0,0.0,PENDING,0.0,,0.0,0.0,0.0,0.0,0.0,UNKNOWN,,,,,LONG,[],0,,,,,,RS_0_0.5,AI_60_80,,0,0,,,0,0,0
234,2026-07-24T22:45:57.742446+00:00,CAKEUSDT,PREPARE,BREAKOUT,0.0,0.0,0.0,0.0,99.7,69.0,67.9,1203.08,0.263,False,PREPARE,BREAKOUT setup — waiting for trigger,49.4,46.6,38.0,RANGE,0.0,,,0.0,0.0,0.0,ACTIVE,0.0,0.0,0,0,0,0,0,0.0,0.0,0,0.0,0.0,0.0,0.0,0.0,0.0,PENDING,0.0,,0.0,0.0,0.0,0.0,0.0,UNKNOWN,,,,,LONG,[],0,,,,,,RS_0_0.5,AI_80_100,,0,0,,,0,0,0
235,2026-07-24T22:45:57.752729+00:00,ZROUSDT,WATCH,BREAKOUT,0.0,0.0,0.0,0.0,79.0,44.5,45.8,127.25,0.305,False,WATCH,BREAKOUT setup — waiting for trigger,29.8,46.6,38.0,RANGE,0.0,,,0.0,0.0,0.0,ACTIVE,0.0,0.0,0,0,0,0,0,0.0,0.0,0,0.0,0.0,0.0,0.0,0.0,0.0,PENDING,0.0,,0.0,0.0,0.0,0.0,0.0,UNKNOWN,,,,,LONG,[],0,,,,,,RS_0_0.5,AI_60_80,,0,0,,,0,0,0
236,2026-07-25T06:42:29.570438+00:00,OUSDT,WATCH,BREAKOUT,0.0,0.0,0.0,0.0,80.5,31.7,38.2,399.9,1.006,False,WATCH,BREAKOUT setup — waiting for trigger,29.9,46.4,37.0,RANGE,0.0,,,0.0,0.0,0.0,ACTIVE,0.0,0.0,0,0,0,0,0,0.0,0.0,0,0.0,0.0,0.0,0.0,0.0,0.0,PENDING,0.0,,0.0,0.0,0.0,0.0,0.0,UNKNOWN,,,,,LONG,[],0,,,,,,RS>1,AI_80_100,,0,0,,,0,0,0
237,2026-07-25T08:51:54.317507+00:00,SAHARAUSDT,WATCH,,0.0,0.0,0.0,0.0,61.4,45.6,43.3,89.64,0.153,True,WATCH,No valid setup,55.4,46.4,37.0,RANGE,0.0,,,0.0,0.0,0.0,ACTIVE,0.0,0.0,0,0,0,0,0,0.0,0.0,0,0.0,0.0,0.0,0.0,0.0,0.0,PENDING,0.0,,0.0,0.0,0.0,0.0,0.0,UNKNOWN,,,,,LONG,[],0,,,,,,RS_0_0.5,AI_60_80,,0,0,,,0,0,0
238,2026-07-25T08:51:54.327705+00:00,B2USDT,WATCH,,0.0,0.0,0.0,0.0,100.0,42.0,41.4,156.38,3.879,False,WATCH,No valid setup,53.5,46.4,37.0,RANGE,0.0,,,0.0,0.0,0.0,ACTIVE,0.0,0.0,0,0,0,0,0,0.0,0.0,0,0.0,0.0,0.0,0.0,0.0,0.0,PENDING,0.0,,0.0,0.0,0.0,0.0,0.0,UNKNOWN,,,,,LONG,[],0,,,,,,RS>1,AI_80_100,,0,0,,,0,0,0
239,2026-07-25T12:44:48.752663+00:00,LINKUSDT,BUY,DIP_BUY,8.3266,8.74293,9.57559,8.2697435,68.4,31.9,44.5,119.52,0.078,False,Pending ⏳,DIP_BUY trigger confirmed,22.3,46.4,37.0,RANGE,0.0,,,0.0,0.0,0.0,ACTIVE,0.0,0.0,0,1,1,0,0,5.43,1.58,0,1530.2,1995.2,,,8.7788,8.458,FINAL,1995.2,2026-07-26T22:36:49.092271,0.0,0.0,0.0,0.0,0.0,UNKNOWN,,,,,LONG,[],0,,,,,,RS_0_0.5,AI_60_80,,0,0,,,0,0,0
240,2026-07-25T15:35:03.959965+00:00,AIUSDT,BUY,DIP_BUY,0.02683,0.0281715,0.0308545,0.0262083,48.2,26.2,41.3,21.81,0.377,False,Pending ⏳,DIP_BUY trigger confirmed,23.0,46.4,37.0,RANGE,0.0,,,0.0,0.0,0.0,ACTIVE,0.0,0.0,0,0,0,0,1,-6.63,-9.58,0,,,,669.9,0.02505,0.02426,FINAL,669.9,2026-07-26T11:05:25.420172,0.0,0.0,0.0,0.0,0.0,UNKNOWN,,,,,LONG,[],0,,,,,,RS_0_0.5,AI_40_60,,0,0,,,0,0,0
241,2026-07-25T15:35:59.854049+00:00,STRKUSDT,BUY,DIP_BUY,0.02993,0.0314265,0.0344195,0.0295117,73.7,29.2,36.2,172.46,0.882,False,Pending ⏳,DIP_BUY trigger confirmed,26.2,46.4,37.0,RANGE,0.0,,,0.0,0.0,0.0,ACTIVE,0.0,0.0,0,1,1,0,0,5.15,2.41,0,1044.0,1514.0,,,0.03147,0.03065,FINAL,1514.0,2026-07-26T17:17:29.873941,0.0,0.0,0.0,0.0,0.0,UNKNOWN,,,,,LONG,[],0,,,,,,RS_0.5_1,AI_60_80,,0,0,,,0,0,0
242,2026-07-25T16:29:32.025721+00:00,TRXUSDT,BUY,DIP_BUY,0.331,0.34755,0.38065,0.3280515,70.1,20.3,19.7,-28.09,0.391,False,Pending ⏳,DIP_BUY trigger confirmed,8.7,46.4,37.0,RANGE,0.0,,,0.0,0.0,0.0,ACTIVE,0.0,0.0,0,1,0,0,0,0.27,-0.79,0,2385.5,,,,0.3319,0.3284,FINAL,,2026-07-27T16:33:29.374786,0.0,0.0,0.0,0.0,0.0,UNKNOWN,,,,,LONG,[],0,,,,,,RS_0_0.5,AI_60_80,,0,0,,,0,0,0
243,2026-07-25T21:34:12.593427+00:00,ESPORTSUSDT,BUY,DIP_BUY,0.063,0.06615,0.07245,0.060894,79.8,31.0,35.1,3.46,1.173,False,Pending ⏳,DIP_BUY trigger confirmed,22.4,46.4,37.0,RANGE,0.0,,,0.0,0.0,0.0,ACTIVE,0.0,0.0,0,1,0,0,1,0.16,-48.89,0,660.8,,,310.8,0.0631,0.0322,FINAL,310.8,2026-07-26T11:05:25.426215,0.0,0.0,0.0,0.0,0.0,UNKNOWN,,,,,LONG,[],0,,,,,,RS>1,AI_60_80,,0,0,,,0,0,0
244,2026-07-25T21:34:15.202308+00:00,VANRYUSDT,BUY,DIP_BUY,0.004696,0.0049308,0.0054004,0.00464466,57.1,33.8,58.9,98.38,0.284,True,Pending ⏳,DIP_BUY trigger confirmed,47.6,46.4,37.0,RANGE,0.0,,,0.0,0.0,0.0,ACTIVE,0.0,0.0,0,0,0,0,1,-4.26,-9.07,0,,,,315.7,0.004496,0.00427,FINAL,315.7,2026-07-26T11:05:25.428092,0.0,0.0,0.0,0.0,0.0,UNKNOWN,,,,,LONG,[],0,,,,,,RS_0_0.5,AI_40_60,,0,0,,,0,0,0
245,2026-07-25T21:34:42.059507+00:00,MORPHOUSDT,WATCH,BREAKOUT,0.0,0.0,0.0,0.0,92.9,38.1,38.5,453.34,0.595,False,WATCH,BREAKOUT setup — waiting for trigger,29.3,46.4,37.0,RANGE,0.0,,,0.0,0.0,0.0,ACTIVE,0.0,0.0,0,0,0,0,0,0.0,0.0,0,0.0,0.0,0.0,0.0,0.0,0.0,PENDING,0.0,,0.0,0.0,0.0,0.0,0.0,UNKNOWN,,,,,LONG,[],0,,,,,,RS_0.5_1,AI_80_100,,0,0,,,0,0,0
246,2026-07-25T22:34:33.455125+00:00,BASEDUSDT,WATCH,BREAKOUT,0.0,0.0,0.0,0.0,69.0,39.8,34.1,2270.45,1.749,False,WATCH,BREAKOUT setup — waiting for trigger,49.3,46.4,37.0,RANGE,0.0,,,0.0,0.0,0.0,ACTIVE,0.0,0.0,0,0,0,0,0,0.0,0.0,0,0.0,0.0,0.0,0.0,0.0,0.0,PENDING,0.0,,0.0,0.0,0.0,0.0,0.0,UNKNOWN,,,,,LONG,[],0,,,,,,RS>1,AI_60_80,,0,0,,,0,0,0
247,2026-07-25T23:37:00.261531+00:00,VETUSDT,WATCH,BREAKOUT,0.0,0.0,0.0,0.0,88.6,27.2,44.3,42.64,0.013,False,WATCH,BREAKOUT setup — waiting for trigger,26.2,46.4,37.0,RANGE,0.0,,,0.0,0.0,0.0,ACTIVE,0.0,0.0,0,0,0,0,0,0.0,0.0,0,0.0,0.0,0.0,0.0,0.0,0.0,PENDING,0.0,,0.0,0.0,0.0,0.0,0.0,UNKNOWN,,,,,LONG,[],0,,,,,,RS_0_0.5,AI_80_100,,0,0,,,0,0,0
248,2026-07-26T05:39:04.616926+00:00,PNUTUSDT,WATCH,BREAKOUT,0.0,0.0,0.0,0.0,83.5,36.0,38.8,83.49,1.955,False,WATCH,BREAKOUT setup — waiting for trigger,49.4,46.2,36.0,RANGE,0.0,,,0.0,0.0,0.0,ACTIVE,0.0,0.0,0,0,0,0,0,0.0,0.0,0,0.0,0.0,0.0,0.0,0.0,0.0,PENDING,0.0,,0.0,0.0,0.0,0.0,0.0,UNKNOWN,,,,,LONG,[],0,,,,,,RS>1,AI_80_100,,0,0,,,0,0,0
249,2026-07-26T06:21:33.800367+00:00,TWTUSDT,WATCH,,0.0,0.0,0.0,0.0,69.5,35.0,48.4,80.57,0.035,True,WATCH,No valid setup,53.4,46.2,36.0,RANGE,0.0,,,0.0,0.0,0.0,ACTIVE,0.0,0.0,0,0,0,0,0,0.0,0.0,0,0.0,0.0,0.0,0.0,0.0,0.0,PENDING,0.0,,0.0,0.0,0.0,0.0,0.0,UNKNOWN,,,,,LONG,[],0,,,,,,RS_0_0.5,AI_60_80,,0,0,,,0,0,0
250,2026-07-26T06:52:06.895814+00:00,GWEIUSDT,BUY,DIP_BUY,0.022295,0.02340975,0.02563925,0.02158951,44.9,46.1,43.8,-8.68,0.892,False,Pending ⏳,DIP_BUY trigger confirmed,15.7,46.2,36.0,RANGE,0.0,,,0.0,0.0,0.0,ACTIVE,0.0,0.0,0,1,0,0,1,1.68,-5.94,0,127.9,,,367.9,0.022669,0.020971,FINAL,367.9,2026-07-26T13:58:52.928096,0.0,0.0,0.0,0.0,0.0,UNKNOWN,,,,,LONG,[],0,,,,,,RS_0.5_1,AI_40_60,,0,0,,,0,0,0
251,2026-07-26T07:22:53.723279+00:00,ENSOUSDT,BUY,DIP_BUY,0.8106,0.85113,0.93219,0.8054525,50.3,28.0,26.3,-64.47,0.174,True,Pending ⏳,DIP_BUY trigger confirmed,22.0,46.2,36.0,RANGE,0.0,,,0.0,0.0,0.0,ACTIVE,0.0,0.0,0,1,0,0,1,1.0,-1.37,0,62.1,,,32.1,0.8187,0.7995,FINAL,32.1,2026-07-26T11:05:25.430521,0.0,0.0,0.0,0.0,0.0,UNKNOWN,,,,,LONG,[],0,,,,,,RS_0_0.5,AI_40_60,,0,0,,,0,0,0
252,2026-07-26T11:05:17.098693+00:00,IOUSDT,BUY,VWAP_RECLAIM,0.1487,0.1539045,0.160596,0.14670451,86.9,52.9,43.4,597.66,-0.469,False,Pending ⏳,VWAP_RECLAIM trigger confirmed,29.5,46.2,36.0,RANGE,0.0,,,0.0,0.0,0.0,ACTIVE,0.0,0.0,0,0,0,0,1,-0.27,-1.82,0,,,,109.7,0.1483,0.146,FINAL,109.7,2026-07-26T13:58:52.929750,0.0,0.0,0.0,0.0,0.0,UNKNOWN,,,,,LONG,[],0,,,,,,RS<0,AI_80_100,,0,0,,,0,0,0
253,2026-07-26T12:14:14.537380+00:00,ZBTUSDT,BUY,DIP_BUY,0.11921,0.1251705,0.1370915,0.11598715,86.6,43.1,38.8,201.33,0.4,False,Pending ⏳,DIP_BUY trigger confirmed,29.7,46.2,36.0,RANGE,0.0,,,0.0,0.0,0.0,ACTIVE,0.0,0.0,0,1,0,0,1,2.14,-4.58,0,0.8,,,185.8,0.12176,0.11375,FINAL,185.8,2026-07-26T16:13:54.469132,0.0,0.0,0.0,0.0,0.0,UNKNOWN,,,,,LONG,[],0,,,,,,RS_0_0.5,AI_80_100,,0,0,,,0,0,0
254,2026-07-26T15:04:40.141153+00:00,ZORAUSDT,BUY,DIP_BUY,0.00639,0.0067095,0.0073485,0.00630133,66.5,40.0,38.1,1821.48,0.878,False,Pending ⏳,DIP_BUY trigger confirmed,45.1,46.2,36.0,RANGE,0.0,,,6.51,0.0,0.0,ACTIVE,0.0,0.0,0,1,1,0,1,13.68,-12.6,0,590.3,,,,0.007264,0.005585,FINAL,36805.3,2026-08-21T12:48:02.316838,13.68,12.6,37285.3,37285.3,36805.3,UNKNOWN,,,,,LONG,[],0,,,,,,RS_0.5_1,AI_60_80,,0,0,,,0,0,0
255,2026-07-26T15:04:49.900143+00:00,REQUSDT,BUY,DIP_BUY,0.05649,0.0593145,0.0649635,0.05521255,82.7,46.5,38.5,1318.26,1.762,False,Pending ⏳,DIP_BUY trigger confirmed,50.8,46.2,36.0,RANGE,0.0,,,0.0,0.0,0.0,ACTIVE,0.0,0.0,0,1,0,0,1,0.78,-4.35,0,0.2,,,40.2,0.05693,0.05403,FINAL,40.2,2026-07-26T20:37:14.138456,0.0,0.0,0.0,0.0,0.0,UNKNOWN,,,,,LONG,[],0,,,,,,RS>1,AI_80_100,,0,0,,,0,0,0
256,2026-07-26T16:13:48.908791+00:00,TURBOUSDT,BUY,DIP_BUY,0.000822,0.0008631,0.0009453,0.00081092,50.0,43.9,58.3,15.55,0.581,False,Pending ⏳,DIP_BUY trigger confirmed,29.6,46.2,36.0,RANGE,0.0,,,33.09,0.0,0.0,ACTIVE,0.0,0.0,0,1,1,1,0,35.89,12.9,0,1.2,,36571.2,,0.001117,0.000928,FINAL,36571.2,2026-08-21T10:02:24.142368,35.89,12.9,36571.2,36571.2,,UNKNOWN,,,,,LONG,[],0,,,,,,RS_0.5_1,AI_40_60,,0,0,,,0,0,0
257,2026-07-26T17:17:29.844085+00:00,PEOPLEUSDT,WATCH,BREAKOUT,0.0,0.0,0.0,0.0,68.9,32.2,41.8,140.5,0.931,False,WATCH,BREAKOUT setup — waiting for trigger,44.2,46.2,36.0,RANGE,0.0,,,0.0,0.0,0.0,ACTIVE,0.0,0.0,0,0,0,0,0,0.0,0.0,0,0.0,0.0,0.0,0.0,0.0,0.0,PENDING,0.0,,0.0,0.0,0.0,0.0,0.0,UNKNOWN,,,,,LONG,[],0,,,,,,RS_0.5_1,AI_60_80,,0,0,,,0,0,0
258,2026-07-26T19:38:38.800073+00:00,POLUSDT,BUY,DIP_BUY,0.0769,0.080745,0.088435,0.0763165,70.7,27.7,42.5,64.09,0.134,False,Pending ⏳,DIP_BUY trigger confirmed,24.2,46.2,36.0,RANGE,0.0,,,0.0,0.0,0.0,ACTIVE,0.0,0.0,0,1,0,0,1,1.56,-2.6,0,756.4,,,1131.4,0.0781,0.0749,FINAL,1131.4,2026-07-27T16:33:29.377918,0.0,0.0,0.0,0.0,0.0,UNKNOWN,,,,,LONG,[],0,,,,,,RS_0_0.5,AI_60_80,,0,0,,,0,0,0
259,2026-07-26T19:39:46.678240+00:00,TOSHIUSDT,BUY,DIP_BUY,0.0001107,0.00011624,0.0001273,0.00010925,52.5,18.0,19.6,-70.98,0.824,False,Pending ⏳,DIP_BUY trigger confirmed,11.3,46.2,36.0,RANGE,0.0,,,6.927,0.0,0.0,ACTIVE,0.0,0.0,0,1,1,0,0,7.407407407407416,0.0,1,30.2,,,,0.0001112,0.0001097,FINAL,,2026-08-23T15:05:15.057836,7.407407407407416,0.0,0.0,0.0,0.0,UNKNOWN,5.289,5.655,0.0,,LONG,[],0,,,,,,RS_0.5_1,AI_40_60,TP1,0,0,simulated_v8.6,,0,0,0
260,2026-07-26T20:37:14.107480+00:00,EULUSDT,WATCH,,0.0,0.0,0.0,0.0,96.9,50.4,55.8,91.31,7.286,False,WATCH,No valid setup,61.3,46.2,36.0,RANGE,0.0,,,0.0,0.0,0.0,ACTIVE,0.0,0.0,0,0,0,0,0,0.0,0.0,0,0.0,0.0,0.0,0.0,0.0,0.0,PENDING,0.0,,0.0,0.0,0.0,0.0,0.0,UNKNOWN,,,,,LONG,[],0,,,,,,RS>1,AI_80_100,,0,0,,,0,0,0
261,2026-07-26T21:34:22.148295+00:00,PRLUSDT,BUY,VWAP_RECLAIM,0.19524,0.2020734,0.2108592,0.19281583,76.2,43.0,38.3,212.1,0.517,True,Pending ⏳,VWAP_RECLAIM trigger confirmed,57.6,46.2,36.0,RANGE,0.0,,,0.0,0.0,0.0,ACTIVE,0.0,0.0,0,1,0,0,1,1.41,-1.74,0,15.6,,,70.6,0.198,0.19184,FINAL,70.6,2026-07-26T23:38:24.541743,0.0,0.0,0.0,0.0,0.0,UNKNOWN,,,,,LONG,[],0,,,,,,RS_0.5_1,AI_60_80,,0,0,,,0,0,0
262,2026-07-26T21:35:49.314571+00:00,NILUSDT,PREPARE,,0.0,0.0,0.0,0.0,87.9,64.2,55.5,146.19,2.058,False,PREPARE,No valid setup,53.2,46.2,36.0,RANGE,0.0,,,0.0,0.0,0.0,ACTIVE,0.0,0.0,0,0,0,0,0,0.0,0.0,0,0.0,0.0,0.0,0.0,0.0,0.0,PENDING,0.0,,0.0,0.0,0.0,0.0,0.0,UNKNOWN,,,,,LONG,[],0,,,,,,RS>1,AI_80_100,,0,0,,,0,0,0
263,2026-07-27T04:55:37.106060+00:00,SOONUSDT,BUY,VWAP_RECLAIM,0.2011,0.2081385,0.217188,0.19750293,92.9,31.8,18.0,93.03,5.184,False,Pending ⏳,VWAP_RECLAIM trigger confirmed,57.3,47.0,40.0,RANGE,0.0,,,0.0,0.0,0.0,ACTIVE,0.0,0.0,0,1,1,0,0,5.22,-1.59,0,14.4,74.4,,,0.2116,0.1979,FINAL,74.4,2026-07-27T07:41:03.054177,0.0,0.0,0.0,0.0,0.0,UNKNOWN,,,,,LONG,[],0,,,,,,RS>1,AI_80_100,,0,0,,,0,0,0
264,2026-07-27T09:14:51.449193+00:00,ENSUSDT,BUY,DIP_BUY,4.532,4.7586,5.2118,4.49939,70.2,40.3,36.1,1037.4,0.022,False,Pending ⏳,DIP_BUY trigger confirmed,27.7,47.0,40.0,RANGE,0.0,,,0.82,0.0,0.0,ACTIVE,0.0,0.0,0,1,0,0,1,1.08,-5.08,0,0.0,0.0,,0.0,4.581,4.302,FINAL,34580.1,2026-08-20T17:54:06.254129,1.08,5.08,35010.1,,34580.1,UNKNOWN,,,,,LONG,[],0,,,,,,RS_0_0.5,AI_60_80,,0,0,,,0,0,0
265,2026-07-27T09:23:33.719334+00:00,VIRTUALUSDT,BUY,DIP_BUY,0.6028,0.63294,0.69322,0.597995,81.6,48.1,51.4,192.8,0.01,True,BUY,DIP_BUY trigger confirmed,56.1,47.0,40.0,RANGE,0.0,,,0.0,0.0,0.0,ACTIVE,0.0,0.6028,0,1,0,0,1,1.74,-0.9,0,1.4,,,186.4,0.6133,0.5974,FINAL,186.4,2026-07-27T14:06:29.293677,0.0,0.0,0.0,0.0,0.0,UNKNOWN,,,,,LONG,[],0,,,,,,RS_0_0.5,AI_80_100,,0,0,,,0,0,0
266,2026-07-27T09:30:24.514294+00:00,LPTUSDT,BUY,DIP_BUY,1.4551,1.527855,1.673365,1.434193,62.8,22.0,20.6,-13.79,0.441,False,Pending ⏳,DIP_BUY trigger confirmed,14.3,47.0,40.0,RANGE,0.0,,,0.0,0.0,0.0,ACTIVE,0.0,0.0,0,0,0,0,1,-0.18,-1.86,0,,,,169.6,1.4525,1.428,FINAL,169.6,2026-07-27T14:06:29.295561,0.0,0.0,0.0,0.0,0.0,UNKNOWN,,,,,LONG,[],0,,,,,,RS_0_0.5,AI_60_80,,0,0,,,0,0,0
267,2026-07-27T09:38:40.355745+00:00,PIEVERSEUSDT,BUY,DIP_BUY,0.7085,0.743925,0.814775,0.691525,80.8,44.5,37.9,137.34,0.657,False,Pending ⏳,DIP_BUY trigger confirmed,26.9,47.0,40.0,RANGE,0.0,,,0.0,0.0,0.0,ACTIVE,0.0,0.0,0,1,0,0,1,2.65,-3.11,0,1.3,,,236.3,0.7273,0.6865,FINAL,236.3,2026-07-27T14:06:29.297706,0.0,0.0,0.0,0.0,0.0,UNKNOWN,,,,,LONG,[],0,,,,,,RS_0.5_1,AI_80_100,,0,0,,,0,0,0
268,2026-07-27T23:21:52.661468+00:00,STORJUSDT,BUY,DIP_BUY,0.0609,0.063945,0.070035,0.0597995,61.4,22.5,44.0,20.22,0.945,False,Pending ⏳,DIP_BUY trigger confirmed,25.8,47.0,40.0,RANGE,0.0,,,0.0,0.0,0.0,ACTIVE,0.0,0.0,0,1,0,0,1,1.31,-10.34,0,43.1,,,58.1,0.0617,0.0546,FINAL,58.1,2026-07-28T03:42:07.314106,0.0,0.0,0.0,0.0,0.0,UNKNOWN,,,,,LONG,[],0,,,,,,RS_0.5_1,AI_60_80,,0,0,,,0,0,0
269,2026-07-27T23:22:34.783855+00:00,REZUSDT,PREPARE,,0.0,0.0,0.0,0.0,43.8,62.7,62.1,117.31,1.705,True,PREPARE,No valid setup,67.0,47.0,40.0,RANGE,0.0,,,0.0,0.0,0.0,ACTIVE,0.0,0.0,0,0,0,0,0,0.0,0.0,0,0.0,0.0,0.0,0.0,0.0,0.0,PENDING,0.0,,0.0,0.0,0.0,0.0,0.0,UNKNOWN,,,,,LONG,[],0,,,,,,RS>1,AI_40_60,,0,0,,,0,0,0
270,2026-07-28T00:17:56.687641+00:00,IRYSUSDT,WATCH,,0.0,0.0,0.0,0.0,79.2,36.7,32.2,120.71,2.469,False,WATCH,No valid setup,51.7,46.8,39.0,RANGE,0.0,,,0.0,0.0,0.0,ACTIVE,0.0,0.0,0,0,0,0,0,0.0,0.0,0,0.0,0.0,0.0,0.0,0.0,0.0,PENDING,0.0,,0.0,0.0,0.0,0.0,0.0,UNKNOWN,,,,,LONG,[],0,,,,,,RS>1,AI_60_80,,0,0,,,0,0,0
271,2026-07-28T06:15:47.019983+00:00,COTIUSDT,PREPARE,,0.0,0.0,0.0,0.0,78.5,56.6,46.3,187.99,3.677,False,PREPARE,No valid setup,58.3,46.8,39.0,RANGE,0.0,,,0.0,0.0,0.0,ACTIVE,0.0,0.0,0,0,0,0,0,0.0,0.0,0,0.0,0.0,0.0,0.0,0.0,0.0,PENDING,0.0,,0.0,0.0,0.0,0.0,0.0,UNKNOWN,,,,,LONG,[],0,,,,,,RS>1,AI_60_80,,0,0,,,0,0,0
272,2026-07-28T18:28:46.587563+00:00,MMTUSDT,BUY,VWAP_RECLAIM,0.1914,0.198099,0.206712,0.18933606,46.4,11.8,4.9,-39.51,-0.303,False,Pending ⏳,VWAP_RECLAIM trigger confirmed,6.5,46.8,39.0,RANGE,0.0,,,-1.078,0.0,0.0,ACTIVE,0.0,0.0,0,0,0,0,1,0.0,-9.87460815047022,1,0.0,0.0,0.0,0.0,0.0,0.0,FINAL,0.0,2026-08-23T15:05:15.062533,0.0,9.87460815047022,0.0,0.0,0.0,UNKNOWN,-1.0,0.0,9.158,,LONG,[],0,,,,,,RS<0,AI_40_60,SL,0,0,simulated_v8.6,,0,0,0
273,2026-07-28T22:20:45.730973+00:00,CAPUSDT,BUY,DIP_BUY,0.027892,0.0292866,0.0320758,0.02732668,82.9,18.0,30.4,-2.29,1.216,False,Pending ⏳,DIP_BUY trigger confirmed,12.9,46.8,39.0,RANGE,0.0,,,153.41,0.0,0.0,ACTIVE,0.0,0.0,0,1,1,1,0,157.45,141.73,0,0.0,0.0,29194.2,0.0,0.071809,0.067424,FINAL,29194.2,2026-08-18T13:14:49.117025,157.45,141.73,29194.2,29194.2,,UNKNOWN,,,,,LONG,[],0,,,,,,RS>1,AI_80_100,,0,0,,,0,0,0
274,2026-07-29T09:33:22.185455+00:00,PLUMEUSDT,BUY,DIP_BUY,0.012267,0.01288035,0.01410705,0.01200169,67.5,25.0,27.9,-6.25,0.927,True,Pending ⏳,DIP_BUY trigger confirmed,22.9,46.8,39.0,RANGE,0.0,,,3.11,0.0,0.0,ACTIVE,0.0,0.0,0,1,0,0,0,3.55,-0.85,0,0.0,0.0,,0.0,0.012703,0.012163,FINAL,,2026-08-18T13:14:49.120392,3.55,0.85,28581.6,,,UNKNOWN,,,,,LONG,[],0,,,,,,RS_0.5_1,AI_60_80,,0,0,,,0,0,0
275,2026-07-29T15:29:39.804069+00:00,ANTFUNUSDT,BUY,VWAP_RECLAIM,0.043732,0.04526262,0.04723056,0.04324926,67.0,33.9,33.4,-5.42,0.195,True,Pending ⏳,VWAP_RECLAIM trigger confirmed,19.8,46.8,39.0,RANGE,0.0,,,-4.07,0.0,0.0,ACTIVE,0.0,0.0,0,0,0,0,1,-3.44,-5.65,0,0.0,0.0,,0.0,0.042227,0.041261,FINAL,28165.3,2026-08-18T13:14:49.123502,-3.44,5.65,,,28165.3,UNKNOWN,,,,,LONG,[],0,,,,,,RS_0_0.5,AI_60_80,,0,0,,,0,0,0
276,2026-07-29T21:35:46.179270+00:00,HOLOUSDT,BUY,DIP_BUY,0.0785,0.082425,0.090275,0.0771722,72.7,26.2,22.9,-60.4,0.547,True,Pending ⏳,DIP_BUY trigger confirmed,19.6,46.8,39.0,RANGE,0.0,,,-1.691,0.0,0.0,ACTIVE,0.0,0.0,0,0,0,0,1,0.0,-18.471337579617835,1,0.0,0.0,0.0,0.0,0.0,0.0,FINAL,0.0,2026-08-23T15:05:15.067238,0.0,18.471337579617835,0.0,0.0,0.0,UNKNOWN,-1.0,0.0,10.92,,LONG,[],0,,,,,,RS_0.5_1,AI_60_80,SL,0,0,simulated_v8.6,,0,0,0
277,2026-07-30T09:21:08.145089+00:00,DIAUSDT,BUY,DIP_BUY,0.1086,0.11403,0.12489,0.106266,65.8,30.7,30.7,359.07,0.864,False,Pending ⏳,DIP_BUY trigger confirmed,29.5,46.6,38.0,RANGE,0.0,,,16.764,0.0,0.0,ACTIVE,0.0,0.0,0,0,1,0,0,19.70534069981584,0.0,1,0.0,0.0,0.0,0.0,0.0,0.0,FINAL,0.0,2026-08-23T15:05:15.071928,19.70534069981584,0.0,0.0,0.0,0.0,UNKNOWN,7.8,9.169,0.0,,LONG,[],0,,,,,,RS_0.5_1,AI_60_80,TP1,0,0,simulated_v8.6,,0,0,0
278,2026-07-31T13:20:34.885201+00:00,CFXUSDT,BUY,DIP_BUY,0.04163,0.0437115,0.0478745,0.04052635,64.7,37.0,42.0,457.28,0.78,False,Pending ⏳,DIP_BUY trigger confirmed,25.3,46.0,35.0,RANGE,0.0,,,10.397,0.0,0.0,ACTIVE,0.0,0.0,0,0,1,0,0,11.746336776363195,0.0,1,0.0,0.0,0.0,0.0,0.0,0.0,FINAL,0.0,2026-08-23T15:05:15.076580,11.746336776363195,0.0,0.0,0.0,0.0,UNKNOWN,3.922,4.431,0.0,,LONG,[],0,,,,,,RS_0.5_1,AI_60_80,TP1,0,0,simulated_v8.6,,0,0,0
279,2026-08-01T04:35:10.351498+00:00,MUBARAKUSDT,BUY,DIP_BUY,0.01245,0.0130725,0.0143175,0.01220865,62.8,25.0,22.5,-41.84,1.233,True,Pending ⏳,DIP_BUY trigger confirmed,24.4,46.4,37.0,RANGE,0.0,,,85.38,0.0,0.0,ACTIVE,0.0,0.0,0,1,1,1,0,91.08,41.04,0,0.0,0.0,26099.8,0.0,0.02379,0.01756,FINAL,26099.8,2026-08-19T15:51:26.339428,91.08,41.04,26099.8,26099.8,,UNKNOWN,,,,,LONG,[],0,,,,,,RS>1,AI_60_80,,0,0,,,0,0,0
280,2026-08-01T20:40:17.395549+00:00,BIRBUSDT,BUY,DIP_BUY,0.04882,0.051261,0.056143,0.0481381,80.2,34.6,30.7,138.86,0.838,False,Pending ⏳,DIP_BUY trigger confirmed,29.7,46.4,37.0,RANGE,0.0,,,8.44,0.0,0.0,ACTIVE,0.0,0.0,0,0,1,0,0,9.299467431380572,0.0,1,0.0,0.0,0.0,0.0,0.0,0.0,FINAL,0.0,2026-08-23T15:05:15.081238,9.299467431380572,0.0,0.0,0.0,0.0,UNKNOWN,6.042,6.658,0.0,,LONG,[],0,,,,,,RS_0.5_1,AI_80_100,TP1,0,0,simulated_v8.6,,0,0,0
281,2026-08-02T10:58:14.650401+00:00,GRVTUSDT,BUY,DIP_BUY,0.2559,0.268695,0.294285,0.247556,60.9,28.1,31.2,-27.31,2.726,False,Pending ⏳,DIP_BUY trigger confirmed,17.9,46.4,37.0,RANGE,0.0,,,17.23,0.0,0.0,ACTIVE,0.0,0.0,0,1,1,1,0,17.23,13.83,0,0.0,0.0,23701.8,0.0,0.3,0.2913,FINAL,23666.8,2026-08-19T05:44:46.699434,17.23,13.83,23666.8,23666.8,,UNKNOWN,,,,,LONG,[],0,,,,,,RS>1,AI_60_80,,0,0,,,0,0,0
282,2026-08-02T12:03:37.024127+00:00,HYPERUSDT,BUY,DIP_BUY,0.0687,0.072135,0.079005,0.0667645,67.9,26.4,37.3,-7.03,1.205,False,Pending ⏳,DIP_BUY trigger confirmed,18.2,46.4,37.0,RANGE,0.0,,,-2.817,0.0,0.0,ACTIVE,0.0,0.0,0,0,0,0,1,0.0,-5.967976710334779,1,0.0,0.0,0.0,0.0,0.0,0.0,FINAL,0.0,2026-08-23T15:05:15.085920,0.0,5.967976710334779,0.0,0.0,0.0,UNKNOWN,-1.0,0.0,2.118,,LONG,[],0,,,,,,RS>1,AI_60_80,SL,0,0,simulated_v8.6,,0,0,0
283,2026-08-02T13:48:23.452017+00:00,AEONUSDT,BUY,DIP_BUY,0.0691,0.072555,0.079465,0.0677794,75.2,18.0,13.9,-67.68,0.435,False,Pending ⏳,DIP_BUY trigger confirmed,9.8,46.4,37.0,RANGE,0.0,,,32.94,0.0,0.0,ACTIVE,0.0,0.0,0,1,1,1,0,36.43,25.51,0,0.0,0.0,22506.6,0.0,0.09427,0.08673,FINAL,22506.6,2026-08-18T13:14:49.129418,36.43,25.51,22506.6,22506.6,,UNKNOWN,,,,,LONG,[],0,,,,,,RS_0_0.5,AI_60_80,,0,0,,,0,0,0
284,2026-08-03T04:51:20.149928+00:00,EDENUSDT,BUY,DIP_BUY,0.0404,0.04242,0.04646,0.039203,80.7,25.1,37.3,76.05,0.158,False,Pending ⏳,DIP_BUY trigger confirmed,26.4,46.6,38.0,RANGE,0.0,,,34.65,0.0,0.0,ACTIVE,0.0,0.0,0,1,1,1,0,48.02,19.8,0,0.0,0.0,21603.7,0.0,0.0598,0.0484,FINAL,21603.7,2026-08-18T13:14:49.132861,48.02,19.8,21603.7,21603.7,,UNKNOWN,,,,,LONG,[],0,,,,,,RS_0_0.5,AI_80_100,,0,0,,,0,0,0
285,2026-08-03T14:08:47.394993+00:00,ELSAUSDT,BUY,DIP_BUY,0.05385,0.0565425,0.0619275,0.05322255,81.9,25.7,45.2,43.0,0.654,False,Pending ⏳,DIP_BUY trigger confirmed,27.9,46.6,38.0,RANGE,0.0,,,-1.165,0.0,0.0,ACTIVE,0.0,0.0,0,0,0,0,1,0.0,-17.567316620241417,1,0.0,0.0,0.0,0.0,0.0,0.0,FINAL,0.0,2026-08-23T15:05:15.090543,0.0,17.567316620241417,0.0,0.0,0.0,UNKNOWN,-1.0,0.0,15.077,,LONG,[],0,,,,,,RS_0.5_1,AI_80_100,SL,0,0,simulated_v8.6,,0,0,0
286,2026-08-04T01:08:42.660193+00:00,SUSDT,BUY,DIP_BUY,0.02242,0.023541,0.025783,0.02225815,46.8,25.8,15.2,-11.03,0.076,False,Pending ⏳,DIP_BUY trigger confirmed,13.0,46.0,35.0,RANGE,0.0,,,11.33,0.0,0.0,ACTIVE,0.0,0.0,0,1,1,0,0,13.07,6.91,0,0.0,0.0,,0.0,0.02535,0.02397,FINAL,23421.3,2026-08-20T15:49:10.896251,13.07,6.91,23421.3,23421.3,,UNKNOWN,,,,,LONG,[],0,,,,,,RS_0_0.5,AI_40_60,,0,0,,,0,0,0
287,2026-08-04T04:26:47.507422+00:00,BICOUSDT,BUY,VWAP_RECLAIM,0.0166,0.017181,0.017928,0.0164022,57.3,25.0,15.9,-30.34,-0.049,False,Pending ⏳,VWAP_RECLAIM trigger confirmed,9.9,46.0,35.0,RANGE,0.0,,,18.07,0.0,0.0,ACTIVE,0.0,0.0,0,1,1,1,0,22.89,18.07,0,0.0,0.0,20493.2,0.0,0.0204,0.0196,FINAL,20493.2,2026-08-18T18:18:08.815789,22.89,18.07,20493.2,20493.2,,UNKNOWN,,,,,LONG,[],0,,,,,,RS<0,AI_40_60,,0,0,,,0,0,0
288,2026-08-05T11:12:30.043587+00:00,GIGGLEUSDT,BUY,VWAP_RECLAIM,33.19,34.35165,35.8452,32.67524536,100.0,56.0,43.2,50.35,3.42,False,Pending ⏳,VWAP_RECLAIM trigger confirmed,59.9,46.4,37.0,RANGE,0.0,,,-0.3,0.0,0.0,ACTIVE,0.0,0.0,0,1,1,0,1,3.56,-1.96,0,0.0,0.0,,0.0,34.37,32.54,FINAL,18497.5,2026-08-18T13:14:49.137632,3.56,1.96,18517.5,18637.5,18497.5,UNKNOWN,,,,,LONG,[],0,,,,,,RS>1,AI_80_100,,0,0,,,0,0,0
289,2026-08-07T11:05:19.412600+00:00,BANKUSDT,BUY,DIP_BUY,0.0415,0.043575,0.047725,0.0410935,67.3,34.5,49.8,121.23,0.411,True,Pending ⏳,DIP_BUY trigger confirmed,55.6,46.8,39.0,RANGE,0.0,,,-0.98,0.0,0.0,ACTIVE,0.0,0.0,0,0,0,0,1,0.0,-14.216867469879524,1,0.0,0.0,0.0,0.0,0.0,0.0,FINAL,0.0,2026-08-23T15:05:15.095226,0.0,14.216867469879524,0.0,0.0,0.0,UNKNOWN,-1.001,0.0,14.514,,LONG,[],0,,,,,,RS_0_0.5,AI_60_80,SL,0,0,simulated_v8.6,,0,0,0
290,2026-08-07T15:42:12.049101+00:00,XAIUSDT,BUY,DIP_BUY,0.00724,0.007602,0.008326,0.00703465,54.9,23.5,17.9,-33.17,0.168,False,Pending ⏳,DIP_BUY trigger confirmed,12.5,46.8,39.0,RANGE,0.0,,,0.69,0.0,0.0,ACTIVE,0.0,0.0,0,1,0,0,1,2.35,-6.91,0,0.0,0.0,,0.0,0.00741,0.00674,FINAL,15192.8,2026-08-18T13:14:49.141409,2.35,6.91,15542.8,,15192.8,UNKNOWN,,,,,LONG,[],0,,,,,,RS_0_0.5,AI_40_60,,0,0,,,0,0,0
291,2026-08-07T16:35:07.791130+00:00,BABYUSDT,BUY,DIP_BUY,0.01163,0.0122115,0.0133745,0.0114425,85.8,38.2,31.3,-32.41,0.449,False,Pending ⏳,DIP_BUY trigger confirmed,14.5,46.8,39.0,RANGE,0.0,,,3.353,0.0,0.0,ACTIVE,0.0,0.0,0,0,0,0,0,3.9552880481513357,0.0,1,0.0,0.0,0.0,0.0,0.0,0.0,FINAL,0.0,2026-08-23T15:05:15.099898,3.9552880481513357,0.0,0.0,0.0,0.0,UNKNOWN,2.08,2.453,0.0,,LONG,[],0,,,,,,RS_0_0.5,AI_80_100,TIMEOUT,0,0,simulated_v8.6,,0,0,0
292,2026-08-07T19:19:16.487483+00:00,CCUSDT,BUY,DIP_BUY,0.093,0.09765,0.10695,0.09236585,63.6,16.6,38.5,-73.78,-0.157,True,Pending ⏳,DIP_BUY trigger confirmed,17.0,46.8,39.0,RANGE,0.0,,,19.727,0.0,0.0,ACTIVE,0.0,0.0,0,0,1,0,0,23.473118279569896,0.0,1,0.0,0.0,0.0,0.0,0.0,0.0,FINAL,0.0,2026-08-23T15:05:15.104539,23.473118279569896,0.0,0.0,0.0,0.0,UNKNOWN,28.929,34.423,0.0,,LONG,[],0,,,,,,RS<0,AI_60_80,TP1,0,0,simulated_v8.6,,0,0,0
293,2026-08-08T02:50:55.740598+00:00,CTSIUSDT,BUY,DIP_BUY,0.0253,0.026565,0.029095,0.0249745,52.1,33.1,35.3,25.79,0.796,False,Pending ⏳,DIP_BUY trigger confirmed,29.4,47.0,40.0,RANGE,0.0,,,-0.395,0.0,0.0,ACTIVE,0.0,0.0,0,0,0,0,0,0.0,-0.39525691699604504,1,0.0,0.0,0.0,0.0,0.0,0.0,FINAL,0.0,2026-08-23T15:05:15.109206,0.0,0.39525691699604504,0.0,0.0,0.0,UNKNOWN,-0.307,0.0,0.307,,LONG,[],0,,,,,,RS_0.5_1,AI_40_60,TIMEOUT,0,0,simulated_v8.6,,0,0,0
294,2026-08-08T05:05:45.697303+00:00,ESPUSDT,BUY,DIP_BUY,0.06593,0.0692265,0.0758195,0.0649735,49.6,31.8,38.6,255.39,0.958,False,Pending ⏳,DIP_BUY trigger confirmed,25.4,47.0,40.0,RANGE,0.0,,,25.098,0.0,0.0,ACTIVE,0.0,0.0,0,0,1,0,0,30.122857576217204,0.0,1,0.0,0.0,0.0,0.0,0.0,0.0,FINAL,0.0,2026-08-23T15:05:15.114552,30.122857576217204,0.0,0.0,0.0,0.0,UNKNOWN,17.299,20.763,0.0,,LONG,[],0,,,,,,RS_0.5_1,AI_40_60,TP1,0,0,simulated_v8.6,,0,0,0
295,2026-08-08T08:09:43.597602+00:00,C98USDT,BUY,DIP_BUY,0.015,0.01575,0.01725,0.01459665,66.9,55.0,65.7,278.35,0.335,False,Pending ⏳,DIP_BUY trigger confirmed,29.0,47.0,40.0,RANGE,0.0,,,-0.267,0.0,0.0,ACTIVE,0.0,0.0,0,0,0,0,0,0.0,-0.2666666666666674,1,0.0,0.0,0.0,0.0,0.0,0.0,FINAL,0.0,2026-08-23T15:05:15.119469,0.0,0.2666666666666674,0.0,0.0,0.0,UNKNOWN,-0.099,0.0,0.099,,LONG,[],0,,,,,,RS_0_0.5,AI_60_80,TIMEOUT,0,0,simulated_v8.6,,0,0,0
296,2026-08-08T22:14:39.853909+00:00,DEEPUSDT,BUY,DIP_BUY,0.017829,0.01872045,0.02050335,0.01765031,71.8,39.1,60.5,193.28,0.26,True,Pending ⏳,DIP_BUY trigger confirmed,52.5,47.0,40.0,RANGE,0.0,,,-1.002,0.0,0.0,ACTIVE,0.0,0.0,0,0,0,0,1,0.0,-27.371136911772957,1,0.0,0.0,0.0,0.0,0.0,0.0,FINAL,0.0,2026-08-23T15:05:15.124198,0.0,27.371136911772957,0.0,0.0,0.0,UNKNOWN,-1.0,0.0,27.311,,LONG,[],0,,,,,,RS_0_0.5,AI_60_80,SL,0,0,simulated_v8.6,,0,0,0
297,2026-08-08T23:14:44.617454+00:00,ARCUSDT,BUY,DIP_BUY,0.06232,0.065436,0.071668,0.0608542,72.4,19.5,36.8,7.53,0.56,False,Pending ⏳,DIP_BUY trigger confirmed,20.6,47.0,40.0,RANGE,0.0,,,6.276,0.0,0.0,ACTIVE,0.0,0.0,0,0,1,0,0,6.594993581514766,0.0,1,0.0,0.0,0.0,0.0,0.0,0.0,FINAL,0.0,2026-08-23T15:05:15.128897,6.594993581514766,0.0,0.0,0.0,0.0,UNKNOWN,2.668,2.804,0.0,,LONG,[],0,,,,,,RS_0.5_1,AI_60_80,TP1,0,0,simulated_v8.6,,0,0,0
298,2026-08-09T02:40:51.266231+00:00,CATIUSDT,BUY,DIP_BUY,0.04437,0.0465885,0.0510255,0.04345165,65.0,29.2,45.9,35.4,1.44,True,Pending ⏳,DIP_BUY trigger confirmed,59.2,47.2,41.0,RANGE,0.0,,,12.305,0.0,0.0,ACTIVE,0.0,0.0,0,0,1,0,0,14.13116970926301,0.0,1,0.0,0.0,0.0,0.0,0.0,0.0,FINAL,0.0,2026-08-23T15:05:15.133514,14.13116970926301,0.0,0.0,0.0,0.0,UNKNOWN,5.945,6.827,0.0,,LONG,[],0,,,,,,RS>1,AI_60_80,TP1,0,0,simulated_v8.6,,0,0,0
299,2026-08-09T06:03:15.998283+00:00,HFTUSDT,BUY,DIP_BUY,0.01089,0.0114345,0.0125235,0.01055695,60.3,22.0,25.0,-22.57,1.397,False,Pending ⏳,DIP_BUY trigger confirmed,13.1,47.2,41.0,RANGE,0.0,,,-3.058,0.0,0.0,ACTIVE,0.0,0.0,0,0,0,0,1,0.0,-41.87327823691461,1,0.0,0.0,0.0,0.0,0.0,0.0,FINAL,0.0,2026-08-23T15:05:15.138147,0.0,41.87327823691461,0.0,0.0,0.0,UNKNOWN,-1.0,0.0,13.692,,LONG,[],0,,,,,,RS>1,AI_60_80,SL,0,0,simulated_v8.6,,0,0,0
300,2026-08-09T10:28:52.142819+00:00,PIXELUSDT,BUY,DIP_BUY,0.00468,0.004914,0.005382,0.00456705,97.3,55.4,32.6,7624.04,1.412,False,Pending ⏳,DIP_BUY trigger confirmed,50.7,47.2,41.0,RANGE,0.0,,,4.06,0.0,0.0,ACTIVE,0.0,0.0,0,0,0,0,0,4.059829059829061,0.0,1,0.0,0.0,0.0,0.0,0.0,0.0,FINAL,0.0,2026-08-23T15:05:15.142757,4.059829059829061,0.0,0.0,0.0,0.0,UNKNOWN,1.682,1.682,0.0,,LONG,[],0,,,,,,RS>1,AI_80_100,TIMEOUT,0,0,simulated_v8.6,,0,0,0
301,2026-08-09T15:18:35.291667+00:00,KERNELUSDT,BUY,DIP_BUY,0.03595,0.0377475,0.0413425,0.0355613,48.8,32.6,36.8,51.78,0.375,False,Pending ⏳,DIP_BUY trigger confirmed,23.5,47.2,41.0,RANGE,0.0,,,1.057,0.0,0.0,ACTIVE,0.0,0.0,0,0,0,0,0,1.0570236439499259,0.0,1,0.0,0.0,0.0,0.0,0.0,0.0,FINAL,0.0,2026-08-23T15:05:15.147431,1.0570236439499259,0.0,0.0,0.0,0.0,UNKNOWN,0.978,0.978,0.0,,LONG,[],0,,,,,,RS_0_0.5,AI_40_60,TIMEOUT,0,0,simulated_v8.6,,0,0,0
302,2026-08-09T16:18:33.010738+00:00,CYSUSDT,BUY,DIP_BUY,0.98112,1.030176,1.128288,0.95986655,71.2,31.6,38.6,198.65,0.752,False,Pending ⏳,DIP_BUY trigger confirmed,24.8,47.2,41.0,RANGE,0.0,,,-46.51,0.0,0.0,ACTIVE,0.0,0.0,0,0,0,0,1,-44.0,-51.53,0,0.0,0.0,,0.0,0.54947,0.47555,FINAL,12276.4,2026-08-18T13:14:49.148216,-44.0,51.53,,,12276.4,UNKNOWN,,,,,LONG,[],0,,,,,,RS_0.5_1,AI_60_80,,0,0,,,0,0,0
303,2026-08-09T18:03:14.917567+00:00,IOTXUSDT,BUY,DIP_BUY,0.002886,0.0030303,0.0033189,0.00279893,47.4,37.8,33.3,-21.11,0.173,True,Pending ⏳,DIP_BUY trigger confirmed,23.6,47.2,41.0,RANGE,0.0,,,-3.017,0.0,0.0,ACTIVE,0.0,0.0,0,0,0,0,1,0.0,-5.717255717255725,1,0.0,0.0,0.0,0.0,0.0,0.0,FINAL,0.0,2026-08-23T15:05:15.152043,0.0,5.717255717255725,0.0,0.0,0.0,UNKNOWN,-1.0,0.0,1.895,,LONG,[],0,,,,,,RS_0_0.5,AI_40_60,SL,0,0,simulated_v8.6,,0,0,0
304,2026-08-09T21:06:13.859135+00:00,DYMUSDT,BUY,DIP_BUY,0.01597,0.0167685,0.0183655,0.01563145,96.6,53.6,47.2,1069.1,1.407,False,Pending ⏳,DIP_BUY trigger confirmed,50.8,47.2,41.0,RANGE,0.0,,,-2.12,0.0,0.0,ACTIVE,0.0,0.0,0,0,0,0,1,0.0,-3.4439574201628167,1,0.0,0.0,0.0,0.0,0.0,0.0,FINAL,0.0,2026-08-23T15:05:15.156603,0.0,3.4439574201628167,0.0,0.0,0.0,UNKNOWN,-1.0,0.0,1.625,,LONG,[],0,,,,,,RS>1,AI_80_100,SL,0,0,simulated_v8.6,,0,0,0
305,2026-08-10T02:59:59.913921+00:00,ACEUSDT,BUY,DIP_BUY,0.11974,0.125727,0.137701,0.11636525,62.9,19.8,34.6,12.0,1.246,False,Pending ⏳,DIP_BUY trigger confirmed,24.2,47.0,40.0,RANGE,0.0,,,90.62,0.0,0.0,ACTIVE,0.0,0.0,0,1,1,1,0,91.62,25.1,0,0.0,0.0,11635.0,0.0,0.22944,0.1498,FINAL,11635.0,2026-08-18T13:14:49.152364,91.62,25.1,11635.0,11635.0,,UNKNOWN,,,,,LONG,[],0,,,,,,RS>1,AI_60_80,,0,0,,,0,0,0
306,2026-08-11T02:52:15.963542+00:00,ROBOUSDT,BUY,DIP_BUY,0.01352,0.014196,0.015548,0.0132932,80.2,40.4,41.6,144.0,1.233,False,Pending ⏳,DIP_BUY trigger confirmed,46.9,46.8,39.0,RANGE,0.0,,,-2.14,0.0,0.0,ACTIVE,0.0,0.0,0,1,1,1,1,16.57,-6.43,0,0.0,0.0,13707.7,0.0,0.01576,0.01265,FINAL,13362.7,2026-08-20T17:54:06.266515,16.57,6.43,13502.7,13537.7,13362.7,UNKNOWN,,,,,LONG,[],0,,,,,,RS>1,AI_80_100,,0,0,,,0,0,0
307,2026-08-11T08:36:31.254948+00:00,SQDUSDT,BUY,DIP_BUY,0.04607,0.0483735,0.0529805,0.0450735,98.4,52.2,54.0,399.14,0.489,False,Pending ⏳,DIP_BUY trigger confirmed,46.2,46.8,39.0,RANGE,0.0,,,-2.163,0.0,0.0,ACTIVE,0.0,0.0,0,0,0,0,1,0.0,-34.51269806815716,1,0.0,0.0,0.0,0.0,0.0,0.0,FINAL,0.0,2026-08-23T15:05:15.161241,0.0,34.51269806815716,0.0,0.0,0.0,UNKNOWN,-1.0,0.0,15.956,,LONG,[],0,,,,,,RS_0_0.5,AI_80_100,SL,0,0,simulated_v8.6,,0,0,0
308,2026-08-11T16:34:25.501231+00:00,PHAUSDT,BUY,DIP_BUY,0.0224,0.02352,0.02576,0.02189,61.5,18.5,15.3,-63.86,1.44,False,Pending ⏳,DIP_BUY trigger confirmed,16.8,46.8,39.0,RANGE,0.0,,,4.911,0.0,0.0,ACTIVE,0.0,0.0,0,0,0,0,0,4.910714285714287,0.0,1,0.0,0.0,0.0,0.0,0.0,0.0,FINAL,0.0,2026-08-23T15:05:15.165872,4.910714285714287,0.0,0.0,0.0,0.0,UNKNOWN,2.157,2.157,0.0,,LONG,[],0,,,,,,RS>1,AI_60_80,TIMEOUT,0,0,simulated_v8.6,,0,0,0
309,2026-08-11T18:30:44.003826+00:00,HEIUSDT,BUY,DIP_BUY,0.1498,0.15729,0.17227,0.14726,65.0,30.9,30.5,-10.38,1.084,True,Pending ⏳,DIP_BUY trigger confirmed,26.5,46.8,39.0,RANGE,0.0,,,-8.81,0.0,0.0,ACTIVE,0.0,0.0,0,0,0,0,1,-1.47,-14.09,0,0.0,0.0,,0.0,0.1476,0.1287,FINAL,9569.3,2026-08-18T18:18:08.822469,-1.47,14.09,,,9569.3,UNKNOWN,,,,,LONG,[],0,,,,,,RS>1,AI_60_80,,0,0,,,0,0,0
310,2026-08-11T19:40:15.278825+00:00,PROMUSDT,BUY,DIP_BUY,1.943,2.04015,2.23445,1.919355,53.2,49.0,32.3,3003.37,0.632,False,Pending ⏳,DIP_BUY trigger confirmed,45.3,46.8,39.0,RANGE,0.0,,,34.268,0.0,0.0,ACTIVE,0.0,0.0,0,0,1,0,0,41.58517756047348,0.0,1,0.0,0.0,0.0,0.0,0.0,0.0,FINAL,0.0,2026-08-23T14:36:49.388360,41.58517756047348,0.0,0.0,0.0,0.0,UNKNOWN,28.16,34.173,0.0,,LONG,[],0,,,,,,RS_0.5_1,AI_40_60,TP1,0,0,simulated_v8.6,,0,0,0
311,2026-08-11T19:40:49.014348+00:00,EDGEUSDT,BUY,DIP_BUY,0.3598,0.37779,0.41377,0.3561105,83.5,35.8,37.6,385.76,0.293,False,Pending ⏳,DIP_BUY trigger confirmed,28.2,46.8,39.0,RANGE,0.0,,,-1.025,0.0,0.0,ACTIVE,0.0,0.0,0,0,0,0,1,0.0,-1.5286270150083392,1,0.0,0.0,0.0,0.0,0.0,0.0,FINAL,0.0,2026-08-23T15:05:15.170547,0.0,1.5286270150083392,0.0,0.0,0.0,UNKNOWN,-1.0,0.0,1.491,,LONG,[],0,,,,,,RS_0_0.5,AI_80_100,SL,0,0,simulated_v8.6,,0,0,0
312,2026-08-11T22:57:24.807538+00:00,LUNAUSDT,BUY,DIP_BUY,0.0492,0.05166,0.05658,0.0480585,83.7,30.2,35.5,66.25,3.142,False,Pending ⏳,DIP_BUY trigger confirmed,50.2,46.8,39.0,RANGE,0.0,,,-2.32,0.0,0.0,ACTIVE,0.0,0.0,0,0,0,0,1,0.0,-5.89430894308943,1,0.0,0.0,0.0,0.0,0.0,0.0,FINAL,0.0,2026-08-23T15:05:15.175185,0.0,5.89430894308943,0.0,0.0,0.0,UNKNOWN,-1.0,0.0,2.541,,LONG,[],0,,,,,,RS>1,AI_80_100,SL,0,0,simulated_v8.6,,0,0,0
313,2026-08-12T07:59:31.721675+00:00,TRBUSDT,BUY,DIP_BUY,14.036,14.7378,16.1414,13.87428,76.9,34.3,29.1,255.66,0.567,False,Pending ⏳,DIP_BUY trigger confirmed,28.9,46.4,37.0,RANGE,0.0,,,-6.52,0.0,0.0,ACTIVE,0.0,0.0,0,0,0,0,1,-6.31,-7.42,0,0.0,0.0,,0.0,13.151,12.994,FINAL,8760.5,2026-08-18T18:18:08.825539,-6.31,7.42,,,8760.5,UNKNOWN,,,,,LONG,[],0,,,,,,RS_0.5_1,AI_60_80,,0,0,,,0,0,0
314,2026-08-12T09:14:23.052651+00:00,IDUSDT,BUY,DIP_BUY,0.0283,0.029715,0.032545,0.02786,92.8,43.0,34.0,0.0,0.967,False,Pending ⏳,DIP_BUY trigger confirmed,19.4,46.4,37.0,RANGE,0.0,,,5.24,0.0,0.0,ACTIVE,0.0,0.0,0,0,1,0,0,5.300353356890464,0.0,1,0.0,0.0,0.0,0.0,0.0,0.0,FINAL,0.0,2026-08-23T15:05:15.179879,5.300353356890464,0.0,0.0,0.0,0.0,UNKNOWN,3.37,3.409,0.0,,LONG,[],0,,,,,,RS_0.5_1,AI_80_100,TP1,0,0,simulated_v8.6,,0,0,0
315,2026-08-12T12:03:26.960531+00:00,BLUAIUSDT,BUY,DIP_BUY,0.012201,0.01281105,0.01403115,0.01205244,62.0,29.3,25.0,-17.21,0.487,True,Pending ⏳,DIP_BUY trigger confirmed,24.5,46.4,37.0,RANGE,0.0,,,0.877,0.0,0.0,ACTIVE,0.0,0.0,0,0,0,0,0,0.8769772969428691,0.0,1,0.0,0.0,0.0,0.0,0.0,0.0,FINAL,0.0,2026-08-23T15:05:15.184497,0.8769772969428691,0.0,0.0,0.0,0.0,UNKNOWN,0.72,0.72,0.0,,LONG,[],0,,,,,,RS_0_0.5,AI_60_80,TIMEOUT,0,0,simulated_v8.6,,0,0,0
316,2026-08-12T13:29:03.656939+00:00,QNTUSDT,BUY,DIP_BUY,58.476,61.3998,67.2474,57.852285,71.9,21.6,50.5,31.96,0.438,False,Pending ⏳,DIP_BUY trigger confirmed,22.1,46.4,37.0,RANGE,0.0,,,-4.34,0.0,0.0,ACTIVE,0.0,0.0,0,0,0,0,1,-3.39,-4.99,0,0.0,0.0,,0.0,56.492,55.56,FINAL,8430.9,2026-08-18T18:18:08.828394,-3.39,4.99,,,8430.9,UNKNOWN,,,,,LONG,[],0,,,,,,RS_0_0.5,AI_60_80,,0,0,,,0,0,0
317,2026-08-12T22:03:04.206523+00:00,DOSUSDT,BUY,DIP_BUY,0.3275,0.343875,0.376625,0.317206,44.6,25.7,23.8,-32.89,0.461,False,Pending ⏳,DIP_BUY trigger confirmed,11.3,46.4,37.0,RANGE,0.0,,,-29.95,0.0,0.0,ACTIVE,0.0,0.0,0,0,0,0,1,-28.49,-32.85,0,0.0,0.0,,0.0,0.2342,0.2199,FINAL,7611.9,2026-08-18T13:14:49.159121,-28.49,32.85,,,7611.9,UNKNOWN,,,,,LONG,[],0,,,,,,RS_0_0.5,AI_40_60,,0,0,,,0,0,0
318,2026-08-13T06:03:41.780897+00:00,2ZUSDT,BUY,DIP_BUY,0.04848,0.050904,0.055752,0.0477998,61.2,18.0,19.0,-47.3,0.35,False,Pending ⏳,DIP_BUY trigger confirmed,8.3,46.8,39.0,RANGE,0.0,,,10.868,0.0,0.0,ACTIVE,0.0,0.0,0,0,1,0,0,12.334983498349834,0.0,1,0.0,0.0,0.0,0.0,0.0,0.0,FINAL,0.0,2026-08-23T15:05:15.189198,12.334983498349834,0.0,0.0,0.0,0.0,UNKNOWN,7.746,8.791,0.0,,LONG,[],0,,,,,,RS_0_0.5,AI_60_80,TP1,0,0,simulated_v8.6,,0,0,0
319,2026-08-13T11:59:25.493336+00:00,BMTUSDT,BUY,DIP_BUY,0.01693,0.0177765,0.0194695,0.0164971,60.9,32.1,34.8,61.36,1.171,False,Pending ⏳,DIP_BUY trigger confirmed,29.9,46.8,39.0,RANGE,0.0,,,-7.68,0.0,0.0,ACTIVE,0.0,0.0,0,0,0,0,1,-6.67,-10.45,0,0.0,0.0,,0.0,0.0158,0.01516,FINAL,6775.6,2026-08-18T13:14:49.162622,-6.67,10.45,,,6775.6,RS_OK,,,,,LONG,[],0,,,,,,RS>1,AI_60_80,,0,0,,,0,0,0
320,2026-08-13T13:15:35.687162+00:00,ONEUSDT,BUY,DIP_BUY,0.000761,0.00079905,0.00087515,0.00074426,73.2,20.0,22.2,-29.66,1.262,False,Pending ⏳,DIP_BUY trigger confirmed,14.4,46.8,39.0,RANGE,0.0,,,-2.2,0.0,0.0,ACTIVE,0.0,0.0,0,0,0,0,1,0.0,-7.752956636005245,1,0.0,0.0,0.0,0.0,0.0,0.0,FINAL,0.0,2026-08-23T15:05:15.193802,0.0,7.752956636005245,0.0,0.0,0.0,RS_OK,-1.0,0.0,3.525,,LONG,[],0,,,,,,RS>1,AI_60_80,SL,0,0,simulated_v8.6,,0,0,0
321,2026-08-14T02:45:16.544064+00:00,TRUSTUSDT,BUY,DIP_BUY,0.05009,0.0525945,0.0576035,0.04944155,50.1,43.6,20.9,0.0,0.892,False,Pending ⏳,DIP_BUY trigger confirmed,17.3,46.8,39.0,RANGE,0.0,,,1.717,0.0,0.0,ACTIVE,0.0,0.0,0,0,0,0,0,1.7169095627869828,0.0,1,0.0,0.0,0.0,0.0,0.0,0.0,FINAL,0.0,2026-08-23T15:05:15.198479,1.7169095627869828,0.0,0.0,0.0,0.0,RS_OK,1.326,1.326,0.0,,LONG,[],0,,,,,,RS_0.5_1,AI_40_60,TIMEOUT,0,0,simulated_v8.6,,0,0,0
322,2026-08-15T10:13:18.860609+00:00,CROSSUSDT,BUY,DIP_BUY,0.09314,0.097797,0.107111,0.09125145,74.9,47.6,33.7,402.85,1.083,False,Pending ⏳,DIP_BUY trigger confirmed,47.2,47.8,44.0,RANGE,0.0,,,20.18,0.0,0.0,ACTIVE,0.0,0.0,0,0,1,0,0,23.974661799441705,0.0,1,0.0,0.0,0.0,0.0,0.0,0.0,FINAL,0.0,2026-08-23T15:05:15.203123,23.974661799441705,0.0,0.0,0.0,0.0,RS_OK,9.953,11.824,0.0,,LONG,[],0,,,,,,RS>1,AI_60_80,TP1,0,0,simulated_v8.6,,0,0,0
323,2026-08-15T12:24:48.110433+00:00,WALUSDT,BUY,VWAP_RECLAIM,0.02691,0.02785185,0.0290628,0.02628007,97.5,36.8,51.6,12.53,3.89,False,Pending ⏳,VWAP_RECLAIM trigger confirmed,56.6,47.8,44.0,RANGE,0.0,,,-2.341,0.0,0.0,ACTIVE,0.0,0.0,0,0,0,0,1,0.0,-16.945373467112603,1,0.0,0.0,0.0,0.0,0.0,0.0,FINAL,0.0,2026-08-23T15:05:15.207739,0.0,16.945373467112603,0.0,0.0,0.0,RS_OK,-1.0,0.0,7.239,,LONG,[],0,,,,,,RS>1,AI_80_100,SL,0,0,simulated_v8.6,,0,0,0
324,2026-08-15T14:49:32.261106+00:00,ACUUSDT,BUY,DIP_BUY,0.11582,0.121611,0.133193,0.11385785,81.4,18.0,19.1,-18.1,0.188,False,Pending ⏳,DIP_BUY trigger confirmed,10.4,47.8,44.0,RANGE,0.0,,,-1.694,0.0,0.0,ACTIVE,0.0,0.0,0,0,0,0,1,0.0,-8.746330512864791,1,0.0,0.0,0.0,0.0,0.0,0.0,FINAL,0.0,2026-08-23T15:05:15.212373,0.0,8.746330512864791,0.0,0.0,0.0,RS_LOW,-1.0,0.0,5.163,,LONG,[],0,,,,,,RS_0_0.5,AI_80_100,SL,0,0,simulated_v8.6,,0,0,0
325,2026-08-15T15:03:11.606440+00:00,TUTUSDT,BUY,DIP_BUY,0.03493,0.0366765,0.0401695,0.03419815,68.7,21.9,34.7,17.43,1.334,False,Pending ⏳,DIP_BUY trigger confirmed,24.5,47.8,44.0,RANGE,0.0,,,24.51,0.0,0.0,ACTIVE,0.0,0.0,0,1,1,1,0,35.21,6.3,0,0.0,0.0,3711.8,0.0,0.04723,0.03713,FINAL,3711.8,2026-08-18T13:14:49.167846,35.21,6.3,3711.8,3711.8,,RS_OK,,,,,LONG,[],0,,,,,,RS>1,AI_60_80,,0,0,,,0,0,0
326,2026-08-15T15:03:41.805144+00:00,AVNTUSDT,BUY,DIP_BUY,0.09805,0.1029525,0.1127575,0.0972314,50.6,25.8,48.3,77.27,0.163,False,Pending ⏳,DIP_BUY trigger confirmed,26.7,47.8,44.0,RANGE,0.0,,,-0.835,0.0,0.0,ACTIVE,0.0,0.0,0,0,0,0,1,0.0,-1.784803671596126,1,0.0,0.0,0.0,0.0,0.0,0.0,FINAL,0.0,2026-08-23T15:05:15.217022,0.0,1.784803671596126,0.0,0.0,0.0,RS_LOW,-1.0,0.0,2.138,,LONG,[],0,,,,,,RS_0_0.5,AI_40_60,SL,0,0,simulated_v8.6,,0,0,0
327,2026-08-16T03:38:36.861571+00:00,MOVRUSDT,BUY,DIP_BUY,0.7712,0.80976,0.88688,0.7547075,54.5,35.7,30.9,325.87,1.252,False,Pending ⏳,DIP_BUY trigger confirmed,26.0,47.8,44.0,RANGE,0.0,,,-2.139,0.0,0.0,ACTIVE,0.0,0.0,0,0,0,0,1,0.0,-9.387966804979255,1,0.0,0.0,0.0,0.0,0.0,0.0,FINAL,0.0,2026-08-23T15:05:15.221644,0.0,9.387966804979255,0.0,0.0,0.0,RS_OK,-1.0,0.0,4.39,,LONG,[],0,,,,,,RS>1,AI_40_60,SL,0,0,simulated_v8.6,,0,0,0
328,2026-08-16T05:52:27.355934+00:00,NXPCUSDT,BUY,DIP_BUY,0.18759,0.1969695,0.2157285,0.18422425,45.6,20.3,28.8,11.7,0.851,False,Pending ⏳,DIP_BUY trigger confirmed,27.1,47.8,44.0,RANGE,0.0,,,8.945,0.0,0.0,ACTIVE,0.0,0.0,0,0,1,0,0,9.931233008156074,0.0,1,0.0,0.0,0.0,0.0,0.0,0.0,FINAL,0.0,2026-08-23T15:05:15.226313,9.931233008156074,0.0,0.0,0.0,0.0,RS_OK,4.986,5.535,0.0,,LONG,[],0,,,,,,RS_0.5_1,AI_40_60,TP1,0,0,simulated_v8.6,,0,0,0
329,2026-08-16T19:03:34.985011+00:00,CHIPUSDT,BUY,DIP_BUY,0.028775,0.03021375,0.03309125,0.02817442,84.0,21.0,29.7,22.59,1.347,False,Pending ⏳,DIP_BUY trigger confirmed,29.5,47.8,44.0,RANGE,0.0,,,-3.4,0.0,0.0,ACTIVE,0.0,0.0,0,1,0,0,1,2.35,-5.32,0,0.0,0.0,,0.0,0.029452,0.027244,FINAL,2031.4,2026-08-18T13:14:49.172391,2.35,5.32,2171.4,,2031.4,RS_OK,,,,,LONG,[],0,,,,,,RS>1,AI_80_100,,0,0,,,0,0,0
330,2026-08-16T21:05:02.630231+00:00,VELVETUSDT,BUY,DIP_BUY,1.03789,1.0897845,1.1935735,1.01869095,76.9,20.2,15.8,-16.99,0.1,False,Pending ⏳,DIP_BUY trigger confirmed,12.5,47.8,44.0,RANGE,0.0,,,-40.2,0.0,0.0,ACTIVE,0.0,0.0,0,0,0,0,1,-37.76,-54.41,0,0.0,0.0,,0.0,0.64603,0.47316,FINAL,1910.0,2026-08-18T13:14:49.175401,-37.76,54.41,,,1910.0,RS_LOW,,,,,LONG,[],0,,,,,,RS_0_0.5,AI_60_80,,0,0,,,0,0,0
331,2026-08-16T23:31:06.422631+00:00,COWUSDT,BUY,DIP_BUY,0.1184,0.12432,0.13616,0.1165145,64.6,23.9,40.7,76.37,0.871,False,Pending ⏳,DIP_BUY trigger confirmed,23.5,47.8,44.0,RANGE,0.0,,,-1.592,0.0,0.0,ACTIVE,0.0,0.0,0,0,0,0,1,0.0,-5.996621621621629,1,0.0,0.0,0.0,0.0,0.0,0.0,FINAL,0.0,2026-08-23T15:05:15.230924,0.0,5.996621621621629,0.0,0.0,0.0,RS_OK,-1.0,0.0,3.766,,LONG,[],0,,,,,,RS_0.5_1,AI_60_80,SL,0,0,simulated_v8.6,,0,0,0
332,2026-08-17T05:48:12.009166+00:00,KIIUSDT,BUY,VWAP_RECLAIM,0.06694,0.0692829,0.0722952,0.06606174,57.6,18.9,30.2,6.51,0.826,False,Pending ⏳,VWAP_RECLAIM trigger confirmed,18.7,47.2,41.0,RANGE,0.0,,,7.28,0.0,0.0,ACTIVE,0.0,0.0,0,1,1,0,0,7.93,0.01,0,0.0,0.0,,0.0,0.07225,0.06695,FINAL,1386.8,2026-08-18T13:14:49.179080,7.93,0.01,1386.8,1386.8,,RS_OK,,,,,LONG,[],0,,,,,,RS_0.5_1,AI_40_60,,0,0,,,0,0,0
333,2026-08-17T09:49:24.421335+00:00,XPINUSDT,BUY,DIP_BUY,0.0014041,0.0014743,0.00161471,0.00136693,88.6,34.8,51.1,73.76,0.895,True,Pending ⏳,DIP_BUY trigger confirmed,50.5,47.2,41.0,RANGE,0.0,,,-2.647,0.0,0.0,ACTIVE,0.0,0.0,0,0,0,0,1,0.0,-25.268855494622887,1,0.0,0.0,0.0,0.0,0.0,0.0,FINAL,0.0,2026-08-23T15:05:15.235517,0.0,25.268855494622887,0.0,0.0,0.0,RS_OK,-1.0,0.0,9.546,,LONG,[],0,,,,,,RS_0.5_1,AI_80_100,SL,0,0,simulated_v8.6,,0,0,0
334,2026-08-17T22:47:35.284213+00:00,HUSDT,BUY,DIP_BUY,0.121422,0.1274931,0.1396353,0.11905573,84.3,46.1,60.0,422.84,0.448,True,Pending ⏳,DIP_BUY trigger confirmed,58.1,47.2,41.0,RANGE,0.0,,,-1.949,0.0,0.0,ACTIVE,0.0,0.0,0,0,0,0,1,0.0,-38.43372700169656,1,0.0,0.0,0.0,0.0,0.0,0.0,FINAL,0.0,2026-08-23T15:05:15.240135,0.0,38.43372700169656,0.0,0.0,0.0,RS_LOW,-1.0,0.0,19.722,,LONG,[],0,,,,,,RS_0_0.5,AI_80_100,SL,0,0,simulated_v8.6,,0,0,0
335,2026-08-17T23:03:43.253949+00:00,APRUSDT,BUY,DIP_BUY,0.1807,0.189735,0.207805,0.175518,83.5,46.4,39.7,89.89,0.603,False,Pending ⏳,DIP_BUY trigger confirmed,45.0,47.2,41.0,RANGE,0.0,,,13.12,0.0,0.0,ACTIVE,0.0,0.0,0,1,1,0,0,13.12,0.22,0,0.0,0.0,,0.0,0.2044,0.1811,FINAL,366.3,2026-08-18T13:14:49.183134,13.12,0.22,351.3,366.3,,RS_OK,,,,,LONG,[],0,,,,,,RS_0.5_1,AI_80_100,,0,0,,,0,0,0
336,2026-08-18T07:07:31.952123+00:00,PORTALUSDT,BUY,DIP_BUY,0.01454,0.015267,0.016721,0.0142882,54.0,18.0,14.5,-57.85,0.77,False,Pending ⏳,DIP_BUY trigger confirmed,10.0,49.2,51.0,RANGE,0.0,,,-2.82,0.0,0.0,ACTIVE,0.0,0.0,0,1,0,0,1,2.41,-3.92,0,0.0,0.0,,0.0,0.01489,0.01397,FINAL,192.5,2026-08-18T13:14:49.186430,2.41,3.92,2.5,,192.5,RS_OK,,,,,LONG,[],0,,,,,,RS_0.5_1,AI_40_60,,0,0,,,0,0,0
337,2026-08-18T13:28:48.388740+00:00,SEIUSDT,BUY,DIP_BUY,0.03894,0.040887,0.044781,0.0386856,44.7,28.0,44.2,93.79,0.277,0,Pending ⏳,DIP_BUY trigger confirmed,26.8,49.2,51.0,RANGE,0.0,,,-0.59,0.0,0.0,ACTIVE,0.0,0.0,0,1,0,0,1,0.8,-0.67,0,0.0,0.0,,0.0,0.03925,0.03868,FINAL,451.2,2026-08-18T21:19:57.748279,0.8,0.67,1.2,,451.2,RS_LOW,,,,,LONG,"[""shadow_rs_low"", ""shadow_regime_bad"", ""shadow_hour_weak""]",0,,,,,,RS_0_0.5,AI_40_60,,0,0,,,0,0,0
338,2026-08-18T14:10:13.608926+00:00,SOLUSDT,BUY,DIP_BUY,76.32,80.136,87.768,75.66975,51.5,56.0,61.8,172.58,0.022,0,Pending ⏳,DIP_BUY trigger confirmed,45.3,49.2,51.0,RANGE,0.0,,,6.73,0.0,0.0,ACTIVE,0.0,0.0,0,1,1,0,0,7.57,0.77,0,0.0,0.0,,0.0,82.1,76.91,FINAL,1479.8,2026-08-19T15:19:48.592804,7.57,0.77,1009.8,1479.8,,RS_LOW,,,,,LONG,"[""shadow_rs_low"", ""shadow_regime_bad""]",0,,,,,,RS_0_0.5,AI_40_60,,0,0,,,0,0,0
339,2026-08-18T14:10:15.093314+00:00,BNBUSDT,BUY,DIP_BUY,601.146,631.2033,691.3179,596.879605,20.3,23.2,13.4,-15.77,0.027,0,Pending ⏳,DIP_BUY trigger confirmed,12.2,49.2,51.0,RANGE,0.0,,,5.12,0.0,0.0,ACTIVE,0.0,0.0,0,1,1,0,0,5.13,0.5,0,0.0,0.0,,0.0,631.957,604.16,FINAL,1879.7,2026-08-19T21:44:33.872054,5.13,0.5,1394.7,1879.7,,RS_LOW,,,,,LONG,"[""shadow_rs_low"", ""shadow_regime_bad""]",0,,,,,,RS_0_0.5,AI_20_40,,0,0,,,0,0,0
340,2026-08-18T14:10:29.451643+00:00,ALLOUSDT,BUY,VWAP_RECLAIM,0.2943,0.3046005,0.317844,0.29116053,38.6,28.5,29.7,-46.03,0.886,1,Pending ⏳,VWAP_RECLAIM trigger confirmed,23.2,49.2,51.0,RANGE,0.0,,,2.72,0.0,0.0,ACTIVE,0.0,0.0,0,1,1,0,0,3.91,-0.82,0,0.0,0.0,,0.0,0.3058,0.2919,FINAL,69.5,2026-08-18T15:53:06.570331,3.91,0.82,24.5,69.5,,RS_OK,,,,,LONG,"[""shadow_rs_ok"", ""shadow_regime_bad""]",0,,,,,,RS_0.5_1,AI_20_40,,0,0,,,0,0,0
341,2026-08-18T14:10:49.043685+00:00,PLUMEUSDT,BUY,DIP_BUY,0.012463,0.01308615,0.01433245,0.01237382,49.4,54.0,40.9,852.03,-0.077,0,Pending ⏳,DIP_BUY trigger confirmed,29.6,49.2,51.0,RANGE,0.0,,,-0.95,0.0,0.0,ACTIVE,0.0,0.0,0,1,0,0,1,0.86,-0.95,0,0.0,0.0,,0.0,0.01257,0.012345,FINAL,159.2,2026-08-18T16:52:31.842500,0.86,0.95,19.2,,159.2,RS_LOW,,,,,LONG,"[""shadow_rs_low"", ""shadow_regime_bad""]",0,,,,,,RS<0,AI_40_60,,0,0,,,0,0,0
342,2026-08-18T14:10:59.517383+00:00,ETCUSDT,BUY,DIP_BUY,6.0432,6.34536,6.94968,5.9967655,45.8,39.3,36.1,457.56,-0.106,0,Pending ⏳,DIP_BUY trigger confirmed,27.5,49.2,51.0,RANGE,0.0,,,4.18,0.0,0.0,ACTIVE,0.0,0.0,0,1,1,0,0,5.53,0.56,0,0.0,0.0,,0.0,6.3772,6.0772,FINAL,1514.0,2026-08-19T15:51:26.359529,5.53,0.56,1044.0,1514.0,,RS_LOW,,,,,LONG,"[""shadow_rs_low"", ""shadow_regime_bad""]",0,,,,,,RS<0,AI_40_60,,0,0,,,0,0,0
343,2026-08-18T15:18:21.981961+00:00,TRXUSDT,BUY,DIP_BUY,0.3328,0.34944,0.38272,0.3306385,44.6,31.0,38.0,175.08,0.012,0,Pending ⏳,DIP_BUY trigger confirmed,26.8,49.2,51.0,RANGE,0.0,,,1.62,0.0,0.0,ACTIVE,0.0,0.0,0,1,0,0,0,1.92,0.18,0,0.0,0.0,,0.0,0.3392,0.3334,FINAL,,2026-08-20T15:49:10.913678,1.92,0.18,2411.6,,,RS_LOW,,,,,LONG,"[""shadow_rs_low"", ""shadow_regime_bad""]",0,,,,,,RS_0_0.5,AI_40_60,,0,0,,,0,0,0
344,2026-08-18T15:18:28.295644+00:00,ZECUSDT,BUY,DIP_BUY,510.218,535.7289,586.7507,502.806335,15.9,20.0,19.1,-27.88,0.504,0,Pending ⏳,DIP_BUY trigger confirmed,9.5,49.2,51.0,RANGE,0.0,,,-1.32,0.0,0.0,ACTIVE,0.0,0.0,0,1,0,0,1,0.32,-1.54,0,0.0,0.0,,0.0,511.836,502.35,FINAL,821.5,2026-08-19T05:08:42.611782,0.32,1.54,351.5,,821.5,RS_OK,,,,,LONG,"[""shadow_rs_ok"", ""shadow_regime_bad""]",0,,,,,,RS_0.5_1,AI_0_20,,0,0,,,0,0,0
345,2026-08-18T15:18:36.766987+00:00,TAOUSDT,BUY,DIP_BUY,191.82,201.411,220.593,190.3833,11.1,15.0,15.0,-33.33,-0.002,0,Pending ⏳,DIP_BUY trigger confirmed,6.7,49.2,51.0,RANGE,0.0,,,-0.52,0.0,0.0,ACTIVE,0.0,0.0,0,1,0,0,1,0.45,-0.83,0,0.0,0.0,,0.0,192.69,190.22,FINAL,456.4,2026-08-18T23:12:42.584011,0.45,0.83,1.4,,456.4,RS_LOW,,,,,LONG,"[""shadow_rs_low"", ""shadow_regime_bad""]",0,,,,,,RS<0,AI_0_20,,0,0,,,0,0,0
346,2026-08-18T15:52:05.238467+00:00,FILUSDT,BUY,DIP_BUY,0.6307,0.662235,0.725305,0.6215765,21.3,32.2,24.6,-82.28,0.774,0,Pending ⏳,DIP_BUY trigger confirmed,12.8,49.2,51.0,RANGE,0.0,,,4.52,0.0,0.0,ACTIVE,0.0,0.0,0,1,1,0,0,6.91,0.51,0,0.0,0.0,,0.0,0.6743,0.6339,FINAL,1412.9,2026-08-19T15:51:26.366119,6.91,0.51,942.9,1412.9,,RS_OK,,,,,LONG,"[""shadow_rs_ok"", ""shadow_regime_bad""]",0,,,,,,RS_0.5_1,AI_20_40,,0,0,,,0,0,0
347,2026-08-18T15:52:11.180700+00:00,TRUMPUSDT,BUY,DIP_BUY,1.404,1.4742,1.6146,1.392005,30.4,11.4,42.0,8.4,-0.076,0,Pending ⏳,DIP_BUY trigger confirmed,18.2,49.2,51.0,RANGE,0.0,,,-0.78,0.0,0.0,ACTIVE,0.0,0.0,0,0,0,0,1,0.07,-0.85,0,0.0,0.0,,0.0,1.405,1.392,FINAL,52.8,2026-08-18T16:52:31.858773,0.07,0.85,,,52.8,RS_LOW,,,,,LONG,"[""shadow_rs_low"", ""shadow_regime_bad""]",0,,,,,,RS<0,AI_20_40,,0,0,,,0,0,0
348,2026-08-18T15:52:16.563014+00:00,CYSUSDT,BUY,VWAP_RECLAIM,0.5165,0.5345775,0.55782,0.50746396,19.0,23.0,26.1,-52.07,0.958,0,Pending ⏳,VWAP_RECLAIM trigger confirmed,11.4,49.2,51.0,RANGE,0.0,,,4.28,0.0,0.0,ACTIVE,0.0,0.0,0,1,1,0,0,4.87,-1.51,0,0.0,0.0,,0.0,0.54164,0.50872,FINAL,72.7,2026-08-18T17:16:12.299487,4.87,1.51,17.7,72.7,,RS_OK,,,,,LONG,"[""shadow_rs_ok"", ""shadow_regime_bad""]",0,,,,,,RS_0.5_1,AI_0_20,,0,0,,,0,0,0
349,2026-08-18T15:52:24.914859+00:00,EDENUSDT,BUY,DIP_BUY,0.0537,0.056385,0.061755,0.051939,53.6,48.5,50.7,238.43,0.721,0,Pending ⏳,DIP_BUY trigger confirmed,47.2,49.2,51.0,RANGE,0.0,,,5.03,0.0,0.0,ACTIVE,0.0,0.0,0,1,1,0,0,5.21,0.19,0,0.0,0.0,,0.0,0.0565,0.0538,FINAL,47.6,2026-08-18T16:52:31.864478,5.21,0.19,2.6,47.6,,RS_OK,,,,,LONG,"[""shadow_rs_ok"", ""shadow_regime_bad""]",0,,,,,,RS_0.5_1,AI_40_60,,0,0,,,0,0,0
350,2026-08-18T16:16:51.099898+00:00,CHIPUSDT,BUY,DIP_BUY,0.0268,0.02814,0.03082,0.02628392,18.6,18.0,13.1,-59.84,0.526,0,Pending ⏳,DIP_BUY trigger confirmed,11.2,49.2,51.0,RANGE,0.0,,,-1.23,0.0,0.0,ACTIVE,0.0,0.0,0,1,0,0,1,3.2,-2.32,0,0.0,0.0,,0.0,0.027658,0.026179,FINAL,248.1,2026-08-18T20:36:14.918265,3.2,2.32,3.1,,248.1,RS_OK,,,,,LONG,"[""shadow_rs_ok"", ""shadow_regime_bad""]",0,,,,,,RS_0.5_1,AI_0_20,,0,0,,,0,0,0
351,2026-08-18T18:16:32.397944+00:00,COMPUSDT,BUY,DIP_BUY,17.28,18.144,19.872,17.14385,47.9,40.6,42.6,179308.03,0.192,0,Pending ⏳,DIP_BUY trigger confirmed,28.7,49.2,51.0,RANGE,0.0,,,11.787,0.0,0.0,ACTIVE,0.0,0.0,0,0,1,0,0,13.483796296296285,0.0,1,0.0,0.0,0.0,0.0,0.0,0.0,FINAL,0.0,2026-08-23T15:05:15.244749,13.483796296296285,0.0,0.0,0.0,0.0,RS_LOW,14.96,17.114,0.0,,LONG,"[""shadow_rs_low"", ""shadow_regime_bad""]",0,,,,,,RS_0_0.5,AI_40_60,TP1,0,0,simulated_v8.6,,0,0,0
352,2026-08-18T18:58:43.988368+00:00,ETHUSDT,BUY,DIP_BUY,1916.4,2012.22,2203.86,1903.1763,44.6,26.6,45.7,34.22,0.1,0,Pending ⏳,DIP_BUY trigger confirmed,26.8,49.2,51.0,RANGE,0.0,,,-0.02,0.0,0.0,ACTIVE,0.0,0.0,0,0,0,0,1,0.0,-0.7,0,0.0,0.0,,0.0,1916.31,1903.0,FINAL,26.3,2026-08-18T19:30:38.265418,0.0,0.7,,,26.3,RS_LOW,,,,,LONG,"[""shadow_rs_low"", ""shadow_regime_bad""]",0,,,,,,RS_0_0.5,AI_40_60,,0,0,,,0,0,0
353,2026-08-18T19:00:04.473030+00:00,PIEVERSEUSDT,BUY,DIP_BUY,0.8693,0.912765,0.999695,0.856098,39.5,26.2,44.3,16.83,0.292,0,Pending ⏳,DIP_BUY trigger confirmed,23.7,49.2,51.0,RANGE,0.0,,,38.4,0.0,0.0,ACTIVE,0.0,0.0,0,1,1,1,0,39.08,11.32,0,0.0,0.0,3709.9,0.0,1.209,0.9677,FINAL,3449.9,2026-08-21T12:48:02.331618,39.08,11.32,3449.9,3449.9,,RS_LOW,,,,,LONG,"[""shadow_rs_low"", ""shadow_regime_bad"", ""shadow_hour_weak""]",0,,,,,,RS_0_0.5,AI_20_40,,0,0,,,0,0,0
354,2026-08-18T19:29:17.483295+00:00,LINKUSDT,BUY,DIP_BUY,9.5213,9.997365,10.949495,9.4458335,13.0,11.0,22.5,-31.14,-0.014,0,Pending ⏳,DIP_BUY trigger confirmed,7.8,49.2,51.0,RANGE,0.0,,,4.12,0.0,0.0,ACTIVE,0.0,0.0,0,1,1,0,0,5.69,1.44,0,0.0,0.0,,0.0,10.063,9.6586,FINAL,1195.7,2026-08-19T15:51:26.370127,5.69,1.44,1070.7,1195.7,,RS_LOW,,,,,LONG,"[""shadow_rs_low"", ""shadow_regime_bad"", ""shadow_hour_weak""]",0,,,,,,RS<0,AI_0_20,,0,0,,,0,0,0
355,2026-08-18T19:30:10.366700+00:00,CAPUSDT,BUY,VWAP_RECLAIM,0.069609,0.07204531,0.07517772,0.06882593,39.5,23.9,36.9,108.47,0.753,0,Pending ⏳,VWAP_RECLAIM trigger confirmed,23.7,49.2,51.0,RANGE,0.0,,,-0.78,0.0,0.0,ACTIVE,0.0,0.0,0,1,0,0,1,2.18,-1.28,0,0.0,0.0,,0.0,0.071125,0.068717,FINAL,224.8,2026-08-18T23:37:41.232333,2.18,1.28,14.8,,224.8,RS_OK,,,,,LONG,"[""shadow_rs_ok"", ""shadow_regime_bad"", ""shadow_hour_weak""]",0,,,,,,RS_0.5_1,AI_20_40,,0,0,,,0,0,0
356,2026-08-18T19:30:26.096465+00:00,CHZUSDT,BUY,DIP_BUY,0.01202,0.012621,0.013823,0.01193005,36.6,21.6,43.9,9.71,0.128,0,Pending ⏳,DIP_BUY trigger confirmed,22.0,49.2,51.0,RANGE,0.0,,,-0.75,0.0,0.0,ACTIVE,0.0,0.0,0,0,0,0,1,-0.5,-0.83,0,0.0,0.0,,0.0,0.01196,0.01192,FINAL,29.6,2026-08-18T20:05:29.732116,-0.5,0.83,,,29.6,RS_LOW,,,,,LONG,"[""shadow_rs_low"", ""shadow_regime_bad"", ""shadow_hour_weak""]",0,,,,,,RS_0_0.5,AI_20_40,,0,0,,,0,0,0
357,2026-08-18T20:04:33.105388+00:00,AEONUSDT,BUY,DIP_BUY,0.08883,0.0932715,0.1021545,0.08784855,35.1,29.0,32.4,6.42,0.524,0,Pending ⏳,DIP_BUY trigger confirmed,21.1,49.2,51.0,RANGE,0.0,,,-0.89,0.0,0.0,ACTIVE,0.0,0.0,0,1,0,0,1,0.48,-1.35,0,0.0,0.0,,0.0,0.08926,0.08763,FINAL,45.4,2026-08-18T20:57:55.304260,0.48,1.35,0.4,,45.4,RS_OK,,,,,LONG,"[""shadow_rs_ok"", ""shadow_regime_bad""]",0,,,,,,RS_0.5_1,AI_20_40,,0,0,,,0,0,0
358,2026-08-18T20:35:58.388524+00:00,PRLUSDT,BUY,DIP_BUY,0.45582,0.478611,0.524193,0.44766045,17.5,18.0,24.1,-68.07,0.916,0,Pending ⏳,DIP_BUY trigger confirmed,10.5,49.2,51.0,RANGE,0.0,,,-2.67,0.0,0.0,ACTIVE,0.0,0.0,0,0,0,0,1,0.0,-2.67,0,0.0,0.0,,0.0,0.45582,0.44363,FINAL,114.0,2026-08-18T22:53:54.988859,0.0,2.67,,,114.0,RS_OK,,,,,LONG,"[""shadow_rs_ok"", ""shadow_regime_bad""]",0,,,,,,RS_0.5_1,AI_0_20,,0,0,,,0,0,0
359,2026-08-18T20:36:12.505314+00:00,XAIUSDT,BUY,DIP_BUY,0.00723,0.0075915,0.0083145,0.0071441,18.7,15.0,25.9,-31.7,0.587,0,Pending ⏳,DIP_BUY trigger confirmed,11.2,49.2,51.0,RANGE,0.0,,,-0.28,0.0,0.0,ACTIVE,0.0,0.0,0,0,0,0,1,-0.28,-1.24,0,0.0,0.0,,0.0,0.00721,0.00714,FINAL,33.8,2026-08-18T22:28:52.098159,-0.28,1.24,,,33.8,RS_OK,,,,,LONG,"[""shadow_rs_ok"", ""shadow_regime_bad""]",0,,,,,,RS_0.5_1,AI_0_20,,0,0,,,0,0,0
360,2026-08-18T20:57:44.731410+00:00,JUPUSDT,BUY,DIP_BUY,0.1673,0.175665,0.192395,0.1662645,46.8,41.3,36.7,203.24,0.126,0,Pending ⏳,DIP_BUY trigger confirmed,28.1,49.2,51.0,RANGE,0.0,,,-0.48,0.0,0.0,ACTIVE,0.0,0.0,0,1,0,0,1,0.12,-0.78,0,0.0,0.0,,0.0,0.1675,0.166,FINAL,187.3,2026-08-19T00:43:54.215131,0.12,0.78,72.3,,187.3,RS_LOW,,,,,LONG,"[""shadow_rs_low"", ""shadow_regime_bad""]",0,,,,,,RS_0_0.5,AI_40_60,,0,0,,,0,0,0
361,2026-08-18T21:44:50.402193+00:00,TRUMPUSDT,BUY,DIP_BUY,1.395,1.46475,1.60425,1.384045,17.3,19.0,21.3,-42.26,0.168,0,Pending ⏳,DIP_BUY trigger confirmed,10.4,49.2,51.0,RANGE,0.0,,,3.8,0.0,0.0,ACTIVE,0.0,0.0,0,1,1,0,0,5.23,0.72,0,0.0,0.0,,0.0,1.468,1.405,FINAL,1060.2,2026-08-19T15:51:26.373687,5.23,0.72,590.2,1060.2,,RS_LOW,,,,,LONG,"[""shadow_rs_low"", ""shadow_regime_bad"", ""shadow_hour_weak""]",0,,,,,,RS_0_0.5,AI_0_20,,0,0,,,0,0,0
362,2026-08-18T21:59:17.511133+00:00,BTCUSDT,BUY,DIP_BUY,64613.4,67844.07,74305.41,64244.165,11.0,8.4,17.1,-36.48,0.0,0,Pending ⏳,DIP_BUY trigger confirmed,6.6,49.2,51.0,RANGE,0.0,,,-0.61,0.0,0.0,ACTIVE,0.0,0.0,0,1,0,0,1,0.26,-0.61,0,0.0,0.0,,0.0,64779.9,64217.3,FINAL,475.7,2026-08-19T06:06:06.803886,0.26,0.61,60.7,,475.7,RS_LOW,,,,,LONG,"[""shadow_rs_low"", ""shadow_regime_bad"", ""shadow_hour_weak""]",0,,,,,,RS_0_0.5,AI_0_20,,0,0,,,0,0,0
363,2026-08-18T22:27:47.726936+00:00,BCHUSDT,BUY,DIP_BUY,203.72,213.906,234.278,202.33325,32.8,30.0,26.5,-82.42,0.226,1,Pending ⏳,DIP_BUY trigger confirmed,19.7,49.2,51.0,RANGE,0.0,,,-0.16,0.0,0.0,ACTIVE,0.0,0.0,0,0,0,0,1,0.0,-0.84,0,0.0,0.0,,0.0,203.72,202.0,FINAL,152.2,2026-08-19T02:09:41.347522,0.0,0.84,,,152.2,RS_LOW,,,,,LONG,"[""shadow_rs_low"", ""shadow_regime_bad""]",0,,,,,,RS_0_0.5,AI_20_40,,0,0,,,0,0,0
364,2026-08-18T22:28:37.446904+00:00,DOSUSDT,BUY,DIP_BUY,0.2277,0.239085,0.261855,0.2251685,54.7,28.1,49.8,21.63,0.397,1,Pending ⏳,DIP_BUY trigger confirmed,48.1,49.2,51.0,RANGE,0.0,,,8.52,0.0,0.0,ACTIVE,0.0,0.0,0,1,1,0,0,9.57,-0.04,0,0.0,0.0,,0.0,0.2495,0.2276,FINAL,101.4,2026-08-19T02:09:41.350845,9.57,0.04,1.4,101.4,,RS_LOW,,,,,LONG,"[""shadow_rs_low"", ""shadow_regime_bad""]",0,,,,,,RS_0_0.5,AI_40_60,,0,0,,,0,0,0
365,2026-08-18T23:11:34.243923+00:00,GPSUSDT,BUY,DIP_BUY,0.01806,0.018963,0.020769,0.01788015,12.3,18.7,23.3,-47.37,0.05,0,Pending ⏳,DIP_BUY trigger confirmed,7.4,49.2,51.0,RANGE,0.0,,,-22.92,0.0,0.0,ACTIVE,0.0,0.0,0,1,0,0,1,4.71,-24.86,0,0.0,0.0,,0.0,0.01891,0.01357,FINAL,143.4,2026-08-19T02:09:41.354304,4.71,24.86,8.4,,143.4,RS_LOW,,,,,LONG,"[""shadow_rs_low"", ""shadow_regime_bad""]",0,,,,,,RS_0_0.5,AI_0_20,,0,0,,,0,0,0
366,2026-08-18T23:11:37.953184+00:00,POLUSDT,BUY,DIP_BUY,0.0819,0.085995,0.094185,0.081192,43.5,25.9,37.3,135.51,0.061,0,Pending ⏳,DIP_BUY trigger confirmed,26.1,49.2,51.0,RANGE,0.0,,,-1.1,0.0,0.0,ACTIVE,0.0,0.0,0,1,0,0,1,0.98,-1.22,0,0.0,0.0,,0.0,0.0827,0.0809,FINAL,648.4,2026-08-19T10:05:46.670771,0.98,1.22,153.4,,648.4,RS_LOW,,,,,LONG,"[""shadow_rs_low"", ""shadow_regime_bad""]",0,,,,,,RS_0_0.5,AI_40_60,,0,0,,,0,0,0
367,2026-08-18T23:36:06.084654+00:00,ETHUSDT,BUY,DIP_BUY,1919.87,2015.8635,2207.8505,1903.16635,17.3,24.9,23.5,-17.6,0.135,0,Pending ⏳,DIP_BUY trigger confirmed,10.4,49.2,51.0,RANGE,0.0,,,5.02,0.0,0.0,ACTIVE,0.0,0.0,0,1,1,0,0,5.21,-0.24,0,0.0,0.0,,0.0,2019.92,1915.29,FINAL,928.9,2026-08-19T15:19:48.612656,5.21,0.24,538.9,928.9,,RS_LOW,,,,,LONG,"[""shadow_rs_low"", ""shadow_regime_bad""]",0,,,,,,RS_0_0.5,AI_0_20,,0,0,,,0,0,0
368,2026-08-18T23:55:05.829773+00:00,ACEUSDT,BUY,DIP_BUY,0.22817,0.2395785,0.2623955,0.2248501,62.7,37.4,62.3,57.01,0.036,1,Pending ⏳,DIP_BUY trigger confirmed,55.2,49.2,51.0,RANGE,0.0,,,-3.05,0.0,0.0,ACTIVE,0.0,0.0,0,1,1,0,1,10.29,-6.07,0,0.0,0.0,,0.0,0.25165,0.21431,FINAL,89.9,2026-08-19T02:09:41.363827,10.29,6.07,49.9,89.9,124.9,RS_LOW,,,,,LONG,"[""shadow_rs_low"", ""shadow_regime_bad""]",0,,,,,,RS_0_0.5,AI_60_80,,0,0,,,0,0,0
369,2026-08-19T00:43:17.019327+00:00,LITUSDT,BUY,DIP_BUY,2.362,2.4801,2.7163,2.335265,34.9,24.6,37.7,29.45,0.34,0,Pending ⏳,DIP_BUY trigger confirmed,20.9,50.2,56.0,RANGE,0.0,,,-1.06,0.0,0.0,ACTIVE,0.0,0.0,0,1,0,0,1,1.35,-1.27,0,0.0,0.0,,0.0,2.394,2.332,FINAL,226.7,2026-08-19T04:37:00.817265,1.35,1.27,21.7,,226.7,RS_LOW,,,,,LONG,"[""shadow_rs_low"", ""shadow_regime_bad"", ""shadow_hour_weak""]",0,,,,,,RS_0_0.5,AI_20_40,,0,0,,,0,0,0
370,2026-08-19T02:09:09.010096+00:00,CYSUSDT,BUY,DIP_BUY,0.50588,0.531174,0.581762,0.4953906,41.4,55.9,39.6,282.38,0.064,0,Pending ⏳,DIP_BUY trigger confirmed,24.8,50.2,56.0,RANGE,0.0,,,4.96,0.0,0.0,ACTIVE,0.0,0.0,0,1,1,0,0,6.28,-1.78,0,0.0,0.0,,0.0,0.53766,0.49687,FINAL,225.8,2026-08-19T06:06:06.813329,6.28,1.78,0.8,225.8,,RS_LOW,,,,,LONG,"[""shadow_rs_low"", ""shadow_regime_bad""]",0,,,,,,RS_0_0.5,AI_40_60,,0,0,,,0,0,0
371,2026-08-19T03:09:36.805822+00:00,KIIUSDT,BUY,DIP_BUY,0.06982,0.073311,0.080293,0.0680182,20.7,38.0,25.2,-10.53,0.873,0,Pending ⏳,DIP_BUY trigger confirmed,12.4,50.2,56.0,RANGE,0.0,,,-5.23,0.0,0.0,ACTIVE,0.0,0.0,0,1,0,0,1,2.16,-6.57,0,0.0,0.0,,0.0,0.07133,0.06523,FINAL,1815.4,2026-08-20T09:55:13.037180,2.16,6.57,1345.4,,1815.4,RS_OK,,,,,LONG,"[""shadow_rs_ok"", ""shadow_regime_bad""]",0,,,,,,RS_0.5_1,AI_20_40,,0,0,,,0,0,0
372,2026-08-19T03:09:55.712690+00:00,AEONUSDT,BUY,DIP_BUY,0.08464,0.088872,0.097336,0.08289345,11.9,18.0,17.2,-0.56,0.106,0,Pending ⏳,DIP_BUY trigger confirmed,7.1,50.2,56.0,RANGE,0.0,,,-1.96,0.0,0.0,ACTIVE,0.0,0.0,0,1,0,0,1,2.66,-2.4,0,0.0,0.0,,0.0,0.08689,0.08261,FINAL,115.1,2026-08-19T05:08:42.632912,2.66,2.4,0.1,,115.1,RS_LOW,,,,,LONG,"[""shadow_rs_low"", ""shadow_regime_bad""]",0,,,,,,RS_0_0.5,AI_0_20,,0,0,,,0,0,0
373,2026-08-19T03:10:21.000593+00:00,RAINUSDT,BUY,DIP_BUY,0.013104,0.0137592,0.0150696,0.01302256,14.9,21.2,21.8,-24.39,0.125,0,Pending ⏳,DIP_BUY trigger confirmed,8.9,50.2,56.0,RANGE,0.0,,,5.71,0.0,0.0,ACTIVE,0.0,0.0,0,1,1,0,0,6.04,-0.21,0,0.0,0.0,,0.0,0.013895,0.013076,FINAL,894.6,2026-08-19T18:42:26.924758,6.04,0.21,714.6,894.6,,RS_LOW,,,,,LONG,"[""shadow_rs_low"", ""shadow_regime_bad""]",0,,,,,,RS_0_0.5,AI_0_20,,0,0,,,0,0,0
374,2026-08-19T03:57:39.288544+00:00,EDENUSDT,BUY,DIP_BUY,0.0522,0.05481,0.06003,0.050944,31.0,23.8,30.1,-40.62,1.578,0,Pending ⏳,DIP_BUY trigger confirmed,18.6,50.2,56.0,RANGE,0.0,,,-0.38,0.0,0.0,ACTIVE,0.0,0.0,0,1,0,0,1,0.96,-2.68,0,0.0,0.0,,0.0,0.0527,0.0508,FINAL,92.3,2026-08-19T05:44:46.731162,0.96,2.68,37.3,,92.3,RS_OK,,,,,LONG,"[""shadow_rs_ok"", ""shadow_regime_bad""]",0,,,,,,RS>1,AI_20_40,,0,0,,,0,0,0
375,2026-08-19T05:07:27.827762+00:00,AAVEUSDT,BUY,DIP_BUY,87.533,91.90965,100.66295,86.850565,40.0,25.2,49.8,87.33,0.15,0,Pending ⏳,DIP_BUY trigger confirmed,24.0,50.2,56.0,RANGE,0.0,,,6.28,0.0,0.0,ACTIVE,0.0,0.0,0,1,1,0,0,6.54,0.2,0,0.0,0.0,,0.0,93.261,87.708,FINAL,597.5,2026-08-19T15:19:48.621880,6.54,0.2,112.5,597.5,,RS_LOW,,,,,LONG,"[""shadow_rs_low"", ""shadow_regime_bad""]",0,,,,,,RS_0_0.5,AI_40_60,,0,0,,,0,0,0
376,2026-08-19T05:07:35.144687+00:00,UNIUSDT,BUY,DIP_BUY,3.3134,3.47907,3.81041,3.2820075,13.5,24.4,24.8,-28.26,0.026,0,Pending ⏳,DIP_BUY trigger confirmed,8.1,50.2,56.0,RANGE,0.0,,,-0.58,0.0,0.0,ACTIVE,0.0,0.0,0,1,0,0,1,1.08,-1.32,0,0.0,0.0,,0.0,3.3491,3.2696,FINAL,247.4,2026-08-19T09:39:48.518829,1.08,1.32,17.4,,247.4,RS_LOW,,,,,LONG,"[""shadow_rs_low"", ""shadow_regime_bad""]",0,,,,,,RS_0_0.5,AI_0_20,,0,0,,,0,0,0
377,2026-08-19T05:07:44.048488+00:00,TAOUSDT,BUY,DIP_BUY,190.79,200.3295,219.4085,189.3087,34.3,23.1,38.3,65.73,0.128,0,Pending ⏳,DIP_BUY trigger confirmed,20.6,50.2,56.0,RANGE,0.0,,,-0.78,0.0,0.0,ACTIVE,0.0,0.0,0,0,0,0,1,0.08,-1.18,0,0.0,0.0,,0.0,190.95,188.54,FINAL,52.3,2026-08-19T06:06:06.827733,0.08,1.18,,,52.3,RS_LOW,,,,,LONG,"[""shadow_rs_low"", ""shadow_regime_bad""]",0,,,,,,RS_0_0.5,AI_20_40,,0,0,,,0,0,0
378,2026-08-19T05:07:48.675761+00:00,DOTUSDT,BUY,DIP_BUY,0.755,0.79275,0.86825,0.7487375,35.4,21.7,43.3,15.5,0.106,0,Pending ⏳,DIP_BUY trigger confirmed,21.2,50.2,56.0,RANGE,0.0,,,3.32,0.0,0.0,ACTIVE,0.0,0.0,0,1,1,0,0,5.35,0.62,0,0.0,0.0,,0.0,0.7954,0.7597,FINAL,617.2,2026-08-19T15:51:26.383659,5.35,0.62,147.2,617.2,,RS_LOW,,,,,LONG,"[""shadow_rs_low"", ""shadow_regime_bad""]",0,,,,,,RS_0_0.5,AI_20_40,,0,0,,,0,0,0
379,2026-08-19T05:08:04.795491+00:00,ATOMUSDT,BUY,DIP_BUY,1.4151,1.485855,1.627365,1.4042435,18.0,20.0,18.2,-78.5,0.094,0,Pending ⏳,DIP_BUY trigger confirmed,10.8,50.2,56.0,RANGE,0.0,,,-0.29,0.0,0.0,ACTIVE,0.0,0.0,0,1,0,0,1,0.27,-0.94,0,0.0,0.0,,0.0,1.4189,1.4018,FINAL,56.9,2026-08-19T07:02:58.266136,0.27,0.94,1.9,,56.9,RS_LOW,,,,,LONG,"[""shadow_rs_low"", ""shadow_regime_bad""]",0,,,,,,RS_0_0.5,AI_0_20,,0,0,,,0,0,0
380,2026-08-19T05:08:38.513094+00:00,CASHCATUSDT,BUY,DIP_BUY,0.0899,0.094395,0.103385,0.0882565,67.7,56.7,45.7,1213.44,0.407,1,Pending ⏳,DIP_BUY trigger confirmed,59.6,50.2,56.0,RANGE,0.0,,,6.34,0.0,0.0,ACTIVE,0.0,0.0,0,1,1,0,0,7.23,-1.78,0,0.0,0.0,,0.0,0.0964,0.0883,FINAL,171.4,2026-08-19T08:19:15.260704,7.23,1.78,36.4,171.4,,RS_LOW,,,,,LONG,"[""shadow_rs_low"", ""shadow_regime_bad""]",0,,,,,,RS_0_0.5,AI_60_80,,0,0,,,0,0,0
381,2026-08-19T05:08:42.030950+00:00,CHZUSDT,BUY,DIP_BUY,0.01181,0.0124005,0.0135815,0.01171115,14.8,20.0,11.4,-0.47,0.215,0,Pending ⏳,DIP_BUY trigger confirmed,8.9,50.2,56.0,RANGE,0.0,,,6.1,0.0,0.0,ACTIVE,0.0,0.0,0,1,1,0,0,8.72,0.51,0,0.0,0.0,,0.0,0.01284,0.01187,FINAL,591.3,2026-08-19T15:51:26.387195,8.72,0.51,146.3,591.3,,RS_LOW,,,,,LONG,"[""shadow_rs_low"", ""shadow_regime_bad""]",0,,,,,,RS_0_0.5,AI_0_20,,0,0,,,0,0,0
382,2026-08-19T07:01:39.144535+00:00,ACEUSDT,BUY,DIP_BUY,0.23164,0.243222,0.266386,0.2257058,48.7,32.8,50.9,93.13,1.514,0,Pending ⏳,DIP_BUY trigger confirmed,29.2,50.2,56.0,RANGE,0.0,,,-4.0,0.0,0.0,ACTIVE,0.0,0.0,0,0,0,0,1,-1.3,-4.65,0,0.0,0.0,,0.0,0.22863,0.22086,FINAL,8.3,2026-08-19T07:49:26.332225,-1.3,4.65,,,8.3,RS_OK,,,,,LONG,"[""shadow_rs_ok"", ""shadow_regime_bad""]",0,,,,,,RS>1,AI_40_60,,0,0,,,0,0,0
383,2026-08-19T07:01:53.665620+00:00,NEARUSDT,BUY,DIP_BUY,1.6217,1.702785,1.864955,1.592796,39.4,34.5,45.5,57.01,0.119,0,Pending ⏳,DIP_BUY trigger confirmed,23.6,50.2,56.0,RANGE,0.0,,,4.88,0.0,0.0,ACTIVE,0.0,0.0,0,1,1,0,0,5.14,2.23,0,0.0,0.0,,0.0,1.705,1.6578,FINAL,643.1,2026-08-19T18:00:50.878471,5.14,2.23,508.1,643.1,,RS_LOW,,,,,LONG,"[""shadow_rs_low"", ""shadow_regime_bad""]",0,,,,,,RS_0_0.5,AI_20_40,,0,0,,,0,0,0
384,2026-08-19T07:02:20.613342+00:00,FETUSDT,BUY,DIP_BUY,0.1214,0.12747,0.13961,0.1202955,46.8,37.7,42.0,35.54,0.185,0,Pending ⏳,DIP_BUY trigger confirmed,28.1,50.2,56.0,RANGE,0.0,,,4.53,0.0,0.0,ACTIVE,0.0,0.0,0,1,1,0,0,5.77,-0.41,0,0.0,0.0,,0.0,0.1284,0.1209,FINAL,502.7,2026-08-19T15:51:26.394086,5.77,0.41,87.7,502.7,,RS_LOW,,,,,LONG,"[""shadow_rs_low"", ""shadow_regime_bad""]",0,,,,,,RS_0_0.5,AI_40_60,,0,0,,,0,0,0
385,2026-08-19T07:48:16.807925+00:00,BCHUSDT,BUY,DIP_BUY,203.17,213.3285,233.6455,201.71635,38.5,40.1,38.0,332.9,0.005,0,Pending ⏳,DIP_BUY trigger confirmed,23.1,50.2,56.0,RANGE,0.0,,,4.28,0.0,0.0,ACTIVE,0.0,0.0,0,1,1,0,0,5.08,0.16,0,0.0,0.0,,0.0,213.5,203.5,FINAL,816.7,2026-08-19T21:44:33.883383,5.08,0.16,336.7,816.7,,RS_LOW,,,,,LONG,"[""shadow_rs_low"", ""shadow_regime_bad""]",0,,,,,,RS_0_0.5,AI_20_40,,0,0,,,0,0,0
386,2026-08-19T07:49:09.503930+00:00,PYBOBOUSDT,BUY,VWAP_RECLAIM,0.0007316,0.00075721,0.00079013,0.00072263,43.6,29.3,35.7,145.09,-0.053,0,Pending ⏳,VWAP_RECLAIM trigger confirmed,26.2,50.2,56.0,RANGE,0.0,,,-0.26,0.0,0.0,ACTIVE,0.0,0.0,0,1,0,0,1,0.3,-1.85,0,0.0,0.0,,0.0,0.0007338,0.0007181,FINAL,75.8,2026-08-19T09:39:48.534195,0.3,1.85,0.8,,75.8,RS_LOW,,,,,LONG,"[""shadow_rs_low"", ""shadow_regime_bad""]",0,,,,,,RS<0,AI_40_60,,0,0,,,0,0,0
387,2026-08-19T07:49:20.055966+00:00,GRVTUSDT,BUY,DIP_BUY,0.3006,0.31563,0.34569,0.2942215,44.7,30.6,45.4,18.44,0.028,0,Pending ⏳,DIP_BUY trigger confirmed,26.8,50.2,56.0,RANGE,0.0,,,-2.26,0.0,0.0,ACTIVE,0.0,0.0,0,1,0,0,1,1.13,-2.26,0,0.0,0.0,,0.0,0.304,0.2938,FINAL,25.7,2026-08-19T08:19:15.275369,1.13,2.26,10.7,,25.7,RS_LOW,,,,,LONG,"[""shadow_rs_low"", ""shadow_regime_bad""]",0,,,,,,RS_0_0.5,AI_40_60,,0,0,,,0,0,0
388,2026-08-19T08:18:29.422478+00:00,AEONUSDT,BUY,DIP_BUY,0.08327,0.0874335,0.0957605,0.08146065,52.3,27.6,38.3,35.25,1.852,0,Pending ⏳,DIP_BUY trigger confirmed,46.0,50.2,56.0,RANGE,0.0,,,-4.02,0.0,0.0,ACTIVE,0.0,0.0,0,1,0,0,1,0.44,-4.49,0,0.0,0.0,,0.0,0.08364,0.07953,FINAL,41.5,2026-08-19T09:39:48.537508,0.44,4.49,1.5,,41.5,RS_OK,,,,,LONG,"[""shadow_rs_ok"", ""shadow_regime_bad""]",0,,,,,,RS>1,AI_40_60,,0,0,,,0,0,0
389,2026-08-19T08:18:50.659532+00:00,VELVETUSDT,BUY,VWAP_RECLAIM,0.65,0.67275,0.702,0.63868197,22.9,30.0,31.7,-19.3,-0.221,0,Pending ⏳,VWAP_RECLAIM trigger confirmed,13.7,50.2,56.0,RANGE,0.0,,,1.4,0.0,0.0,ACTIVE,0.0,0.0,0,1,1,0,0,5.4,-1.1,0,0.0,0.0,,0.0,0.68513,0.64286,FINAL,41.2,2026-08-19T09:39:48.540738,5.4,1.1,1.2,41.2,,RS_LOW,,,,,LONG,"[""shadow_rs_low"", ""shadow_regime_bad""]",0,,,,,,RS<0,AI_20_40,,0,0,,,0,0,0
390,2026-08-19T08:19:11.383286+00:00,XAIUSDT,BUY,DIP_BUY,0.00722,0.007581,0.008303,0.00713415,41.9,34.9,54.1,263.68,0.315,0,Pending ⏳,DIP_BUY trigger confirmed,25.1,50.2,56.0,RANGE,0.0,,,-1.39,0.0,0.0,ACTIVE,0.0,0.0,0,0,0,0,1,-0.28,-1.94,0,0.0,0.0,,0.0,0.0072,0.00708,FINAL,20.8,2026-08-19T09:01:08.034006,-0.28,1.94,,,20.8,RS_LOW,,,,,LONG,"[""shadow_rs_low"", ""shadow_regime_bad""]",0,,,,,,RS_0_0.5,AI_40_60,,0,0,,,0,0,0
391,2026-08-19T10:04:29.616114+00:00,ALLOUSDT,BUY,DIP_BUY,0.2965,0.311325,0.340975,0.287356,36.0,20.0,37.2,6.58,0.225,0,Pending ⏳,DIP_BUY trigger confirmed,21.6,50.2,56.0,RANGE,0.0,,,-3.27,0.0,0.0,ACTIVE,0.0,0.0,0,0,0,0,1,0.07,-3.64,0,0.0,0.0,,0.0,0.2967,0.2857,FINAL,1095.5,2026-08-20T04:52:41.990126,0.07,3.64,,,1095.5,RS_LOW,,,,,LONG,"[""shadow_rs_low"", ""shadow_regime_bad""]",0,,,,,,RS_0_0.5,AI_20_40,,0,0,,,0,0,0
392,2026-08-19T10:04:49.549646+00:00,ONDOUSDT,BUY,DIP_BUY,0.3238,0.33999,0.37237,0.32157405,46.2,38.8,40.1,100.68,0.053,0,Pending ⏳,DIP_BUY trigger confirmed,27.7,50.2,56.0,RANGE,0.0,,,5.27,0.0,0.0,ACTIVE,0.0,0.0,0,1,1,0,0,7.82,-0.19,0,0.0,0.0,,0.0,0.34912,0.3232,FINAL,320.2,2026-08-19T15:51:26.403843,7.82,0.19,5.2,320.2,,RS_LOW,,,,,LONG,"[""shadow_rs_low"", ""shadow_regime_bad""]",0,,,,,,RS_0_0.5,AI_40_60,,0,0,,,0,0,0
393,2026-08-19T10:04:55.864861+00:00,AEONUSDT,BUY,DIP_BUY,0.08084,0.084882,0.092966,0.07913235,18.5,38.0,31.8,-34.86,0.394,0,Pending ⏳,DIP_BUY trigger confirmed,11.1,50.2,56.0,RANGE,0.0,,,1.04,0.0,0.0,ACTIVE,0.0,0.0,0,1,1,0,0,5.07,-1.3,0,0.0,0.0,,0.0,0.08494,0.07979,FINAL,320.1,2026-08-19T15:51:26.407474,5.07,1.3,0.1,320.1,,RS_LOW,,,,,LONG,"[""shadow_rs_low"", ""shadow_regime_bad""]",0,,,,,,RS_0_0.5,AI_0_20,,0,0,,,0,0,0
394,2026-08-19T10:05:32.829257+00:00,CAPUSDT,BUY,DIP_BUY,0.069273,0.07273665,0.07966395,0.06888086,13.0,19.0,30.2,-15.9,0.088,0,Pending ⏳,DIP_BUY trigger confirmed,7.8,50.2,56.0,RANGE,0.0,,,1.75,0.0,0.0,ACTIVE,0.0,0.0,0,1,0,0,1,2.57,-0.94,0,0.0,0.0,,0.0,0.071055,0.068623,FINAL,34.5,2026-08-19T11:03:24.788762,2.57,0.94,14.5,,34.5,RS_LOW,,,,,LONG,"[""shadow_rs_low"", ""shadow_regime_bad""]",0,,,,,,RS_0_0.5,AI_0_20,,0,0,,,0,0,0
395,2026-08-19T11:34:30.527573+00:00,BTCUSDT,BUY,DIP_BUY,64503.4,67728.57,74178.91,64068.448,13.6,20.7,21.2,-11.92,0.0,0,Pending ⏳,DIP_BUY trigger confirmed,8.2,50.2,56.0,RANGE,0.0,,,6.08,0.0,0.0,ACTIVE,0.0,0.0,0,1,1,0,0,7.9,0.46,0,0.0,0.0,,0.0,69600.0,64800.9,FINAL,230.5,2026-08-19T15:51:26.410733,7.9,0.46,105.5,230.5,,RS_LOW,,,,,LONG,"[""shadow_rs_low"", ""shadow_regime_bad"", ""shadow_hour_weak""]",0,,,,,,RS_0_0.5,AI_0_20,,0,0,,,0,0,0
396,2026-08-19T11:34:50.280835+00:00,ZECUSDT,BUY,DIP_BUY,507.753,533.14065,583.91595,502.818275,20.6,40.4,39.0,-3.62,0.155,0,Pending ⏳,DIP_BUY trigger confirmed,12.4,50.2,56.0,RANGE,0.0,,,7.93,0.0,0.0,ACTIVE,0.0,0.0,0,1,1,0,0,8.87,-0.25,0,0.0,0.0,,0.0,552.792,506.467,FINAL,195.2,2026-08-19T15:19:48.646688,8.87,0.25,55.2,195.2,,RS_LOW,,,,,LONG,"[""shadow_rs_low"", ""shadow_regime_bad"", ""shadow_hour_weak""]",0,,,,,,RS_0_0.5,AI_20_40,,0,0,,,0,0,0
397,2026-08-19T11:35:43.511296+00:00,GRAMUSDT,BUY,VWAP_RECLAIM,1.325,1.371375,1.431,1.30709651,16.8,18.0,18.7,-69.8,0.299,0,Pending ⏳,VWAP_RECLAIM trigger confirmed,10.1,50.2,56.0,RANGE,0.0,,,3.4,0.0,0.0,ACTIVE,0.0,0.0,0,1,1,0,0,4.15,-0.3,0,0.0,0.0,,0.0,1.38,1.321,FINAL,564.3,2026-08-19T21:14:34.407517,4.15,0.3,79.3,564.3,,RS_LOW,,,,,LONG,"[""shadow_rs_low"", ""shadow_regime_bad"", ""shadow_hour_weak""]",0,,,,,,RS_0_0.5,AI_0_20,,0,0,,,0,0,0
398,2026-08-19T13:29:26.202965+00:00,STARUSDT,BUY,VWAP_RECLAIM,0.1498,0.155043,0.161784,0.14768354,31.3,23.0,21.0,-73.49,2.203,0,Pending ⏳,VWAP_RECLAIM trigger confirmed,18.8,50.2,56.0,RANGE,0.0,,,-1.413,0.0,0.0,ACTIVE,0.0,0.0,0,0,0,0,1,0.0,-18.291054739652868,1,0.0,0.0,0.0,0.0,0.0,0.0,FINAL,0.0,2026-08-23T15:05:15.249376,0.0,18.291054739652868,0.0,0.0,0.0,RS_OK,-1.0,0.0,12.946,,LONG,"[""shadow_rs_ok"", ""shadow_regime_bad"", ""shadow_hour_weak""]",0,,,,,,RS>1,AI_20_40,SL,0,0,simulated_v8.6,,0,0,0
399,2026-08-19T14:08:33.245337+00:00,ATOMUSDT,BUY,VWAP_RECLAIM,1.4071,1.4563485,1.519668,1.39221412,17.9,15.1,17.5,-56.97,-0.145,0,Pending ⏳,VWAP_RECLAIM trigger confirmed,10.7,50.2,56.0,RANGE,0.0,,,4.13,0.0,0.0,ACTIVE,0.0,0.0,0,1,1,0,0,4.24,-0.87,0,0.0,0.0,,0.0,1.4667,1.3949,FINAL,306.4,2026-08-19T19:37:44.108240,4.24,0.87,41.4,306.4,,RS_LOW,,,,,LONG,"[""shadow_rs_low"", ""shadow_regime_bad""]",0,,,,,,RS<0,AI_0_20,,0,0,,,0,0,0
400,2026-08-19T15:19:12.917682+00:00,ALPINEUSDT,BUY,DIP_BUY,0.3283,0.344715,0.377545,0.321982,45.0,28.4,39.5,114.99,-0.686,0,Pending ⏳,DIP_BUY trigger confirmed,27.0,59.2,56.0,RANGE,0.0,,,4.143,0.0,0.0,ACTIVE,0.0,0.0,0,1,0,0,0,4.142552543405422,0.0,1,0.0,0.0,,0.0,0.3372,0.3274,FINAL,,2026-08-23T15:05:15.254142,4.142552543405422,0.0,0.8,,,RS_LOW,2.153,2.153,0.0,,LONG,"[""shadow_rs_low"", ""shadow_regime_bad""]",0,,,,,,RS<0,AI_40_60,TIMEOUT,0,0,simulated_v8.6,,0,0,0
401,2026-08-19T15:19:26.358213+00:00,TUTUSDT,BUY,DIP_BUY,0.03683,0.0386715,0.0423545,0.0361583,36.9,13.9,31.3,46.5,-0.431,0,Pending ⏳,DIP_BUY trigger confirmed,22.1,59.2,56.0,RANGE,0.0,,,-2.2,0.0,0.0,ACTIVE,0.0,0.0,0,1,0,0,1,1.82,-3.37,0,0.0,0.0,,0.0,0.0375,0.03559,FINAL,70.6,2026-08-19T16:51:11.693657,1.82,3.37,5.6,,70.6,RS_LOW,,,,,LONG,"[""shadow_rs_low"", ""shadow_regime_bad""]",0,,,,,,RS<0,AI_20_40,,0,0,,,0,0,0
402,2026-08-19T15:19:45.495564+00:00,TRIAUSDT,BUY,DIP_BUY,0.007907,0.00830235,0.00909305,0.00771821,38.7,17.1,43.0,25.35,-0.924,0,Pending ⏳,DIP_BUY trigger confirmed,23.2,59.2,56.0,RANGE,0.0,,,-0.82,0.0,0.0,ACTIVE,0.0,0.0,0,1,0,0,1,0.94,-4.4,0,0.0,0.0,,0.0,0.007981,0.007559,FINAL,35.2,2026-08-19T16:17:21.343583,0.94,4.4,5.2,,35.2,RS_LOW,,,,,LONG,"[""shadow_rs_low"", ""shadow_regime_bad""]",0,,,,,,RS<0,AI_20_40,,0,0,,,0,0,0
403,2026-08-19T17:59:55.195513+00:00,LINKUSDT,BUY,DIP_BUY,9.9788,10.47774,11.47562,9.8040335,19.8,35.0,34.8,-9.04,0.896,0,Pending ⏳,DIP_BUY trigger confirmed,11.9,50.2,56.0,RANGE,0.0,,,7.84,0.0,0.0,ACTIVE,0.0,0.0,0,1,1,0,0,8.84,-0.22,0,0.0,0.0,,0.0,10.8608,9.9565,FINAL,170.1,2026-08-19T21:14:34.410504,8.84,0.22,0.1,170.1,,RS_OK,,,,,LONG,"[""shadow_rs_ok"", ""shadow_regime_bad""]",0,,,,,,RS_0.5_1,AI_0_20,,0,0,,,0,0,0
404,2026-08-19T18:42:21.456536+00:00,JUPUSDT,BUY,DIP_BUY,0.1763,0.185115,0.202745,0.173727,40.8,33.4,34.2,323.15,0.283,0,Pending ⏳,DIP_BUY trigger confirmed,24.5,50.2,56.0,RANGE,0.0,,,3.06,0.0,0.0,ACTIVE,0.0,0.0,0,1,1,0,0,5.28,0.11,0,0.0,0.0,,0.0,0.1856,0.1765,FINAL,182.6,2026-08-19T22:03:51.212172,5.28,0.11,2.6,182.6,,RS_LOW,,,,,LONG,"[""shadow_rs_low"", ""shadow_regime_bad""]",0,,,,,,RS_0_0.5,AI_40_60,,0,0,,,0,0,0
405,2026-08-19T19:08:33.763499+00:00,AVAXUSDT,BUY,VWAP_RECLAIM,6.538,6.76683,7.06104,6.45846991,15.1,25.2,20.1,-26.91,0.165,0,Pending ⏳,VWAP_RECLAIM trigger confirmed,9.1,50.2,56.0,RANGE,0.0,,,4.11,0.0,0.0,ACTIVE,0.0,0.0,0,1,1,0,0,4.96,-0.28,0,0.0,0.0,,0.0,6.862,6.52,FINAL,111.4,2026-08-19T21:14:34.414846,4.96,0.28,1.4,111.4,,RS_LOW,,,,,LONG,"[""shadow_rs_low"", ""shadow_regime_bad"", ""shadow_hour_weak""]",0,,,,,,RS_0_0.5,AI_0_20,,0,0,,,0,0,0
406,2026-08-19T19:09:34.128344+00:00,PORTALUSDT,BUY,DIP_BUY,0.01052,0.011046,0.012098,0.0103679,49.7,48.1,41.4,634.33,0.282,0,Pending ⏳,DIP_BUY trigger confirmed,29.8,50.2,56.0,RANGE,0.0,,,-1.43,0.0,0.0,ACTIVE,0.0,0.0,0,1,0,0,1,3.8,-1.71,0,0.0,0.0,,0.0,0.01092,0.01034,FINAL,245.4,2026-08-19T23:21:00.264268,3.8,1.71,10.4,,245.4,RS_LOW,,,,,LONG,"[""shadow_rs_low"", ""shadow_regime_bad"", ""shadow_hour_weak""]",0,,,,,,RS_0_0.5,AI_40_60,,0,0,,,0,0,0
407,2026-08-19T19:36:32.100063+00:00,PAXGUSDT,BUY,DIP_BUY,4498.69,4723.6245,5173.4935,4455.61,35.7,36.5,34.6,-29.1,0.54,1,Pending ⏳,DIP_BUY trigger confirmed,21.4,50.2,56.0,RANGE,0.0,,,-1.08,0.0,0.0,ACTIVE,0.0,0.0,0,0,0,0,1,-0.28,-1.08,0,0.0,0.0,,0.0,4486.31,4450.0,FINAL,978.5,2026-08-20T12:06:57.382369,-0.28,1.08,,,978.5,RS_OK,,,,,LONG,"[""shadow_rs_ok"", ""shadow_regime_bad"", ""shadow_hour_weak""]",0,,,,,,RS_0.5_1,AI_20_40,,0,0,,,0,0,0
408,2026-08-19T19:57:05.771244+00:00,ETHUSDT,BUY,DIP_BUY,2103.61,2208.7905,2419.1515,2078.5948,15.9,21.8,24.2,-30.81,0.489,0,Pending ⏳,DIP_BUY trigger confirmed,9.5,50.2,56.0,RANGE,0.0,,,5.55,0.0,0.0,ACTIVE,0.0,0.0,0,1,1,0,0,6.58,-0.07,0,0.0,0.0,,0.0,2242.01,2102.11,FINAL,52.9,2026-08-19T20:52:47.347861,6.58,0.07,2.9,52.9,,RS_LOW,,,,,LONG,"[""shadow_rs_low"", ""shadow_regime_bad"", ""shadow_hour_weak""]",0,,,,,,RS_0_0.5,AI_0_20,,0,0,,,0,0,0
409,2026-08-19T19:57:23.607268+00:00,ONDOUSDT,BUY,DIP_BUY,0.34065,0.3576825,0.3917475,0.3350563,17.1,18.7,19.9,-47.63,0.758,0,Pending ⏳,DIP_BUY trigger confirmed,10.3,50.2,56.0,RANGE,0.0,,,4.3,0.0,0.0,ACTIVE,0.0,0.0,0,1,1,0,0,5.24,0.68,0,0.0,0.0,,0.0,0.35849,0.34295,FINAL,1197.6,2026-08-20T16:18:53.280137,5.24,0.68,722.6,1197.6,,RS_OK,,,,,LONG,"[""shadow_rs_ok"", ""shadow_regime_bad"", ""shadow_hour_weak""]",0,,,,,,RS_0.5_1,AI_0_20,,0,0,,,0,0,0
410,2026-08-19T19:57:31.320037+00:00,FETUSDT,BUY,DIP_BUY,0.1273,0.133665,0.146395,0.124773,39.9,21.2,35.9,13.58,1.035,0,Pending ⏳,DIP_BUY trigger confirmed,23.9,50.2,56.0,RANGE,0.0,,,5.26,0.0,0.0,ACTIVE,0.0,0.0,0,1,1,0,0,5.5,1.18,0,0.0,0.0,,0.0,0.1343,0.1288,FINAL,782.5,2026-08-20T09:18:55.286001,5.5,1.18,302.5,782.5,,RS_OK,,,,,LONG,"[""shadow_rs_ok"", ""shadow_regime_bad"", ""shadow_hour_weak""]",0,,,,,,RS>1,AI_20_40,,0,0,,,0,0,0
411,2026-08-19T20:22:04.024020+00:00,BTCUSDT,BUY,DIP_BUY,68716.1,72151.905,79023.515,67865.8655,12.2,10.6,22.4,-31.58,0.0,0,Pending ⏳,DIP_BUY trigger confirmed,7.3,50.2,56.0,RANGE,0.0,,,5.14,0.0,0.0,ACTIVE,0.0,0.0,0,1,1,0,0,5.44,0.28,0,0.0,0.0,,0.0,72456.2,68906.1,FINAL,827.9,2026-08-20T10:18:42.300765,5.44,0.28,337.9,827.9,,RS_LOW,,,,,LONG,"[""shadow_rs_low"", ""shadow_regime_bad""]",0,,,,,,RS_0_0.5,AI_0_20,,0,0,,,0,0,0
412,2026-08-19T20:52:12.170179+00:00,ATOMUSDT,BUY,DIP_BUY,1.4799,1.553895,1.701885,1.4595655,14.7,10.0,24.8,-34.77,-0.173,0,Pending ⏳,DIP_BUY trigger confirmed,8.8,50.2,56.0,RANGE,0.0,,,6.09,0.0,0.0,ACTIVE,0.0,0.0,0,1,1,0,0,6.45,1.93,0,0.0,0.0,,0.0,1.5753,1.5084,FINAL,2087.8,2026-08-21T08:05:52.028801,6.45,1.93,1617.8,2087.8,,RS_LOW,,,,,LONG,"[""shadow_rs_low"", ""shadow_regime_bad""]",0,,,,,,RS<0,AI_0_20,,0,0,,,0,0,0
413,2026-08-19T21:44:06.962926+00:00,PRLUSDT,BUY,DIP_BUY,0.32583,0.3421215,0.3747045,0.3184199,11.5,8.0,23.0,-7.71,-0.769,0,Pending ⏳,DIP_BUY trigger confirmed,6.9,54.7,56.0,RANGE,0.0,,,-5.9,0.0,0.0,ACTIVE,0.0,0.0,0,1,0,0,1,1.97,-6.43,0,0.0,0.0,,0.0,0.33225,0.30487,FINAL,40.9,2026-08-20T02:38:41.460638,1.97,6.43,145.9,,40.9,RS_LOW,,,,,LONG,"[""shadow_rs_low"", ""shadow_regime_bad"", ""shadow_hour_weak""]",0,,,,,,RS<0,AI_0_20,,0,0,,,0,0,0
414,2026-08-19T22:02:17.508430+00:00,ACEUSDT,BUY,DIP_BUY,0.195,0.20475,0.22425,0.18923905,38.4,29.6,33.1,-11.26,2.681,0,Pending ⏳,DIP_BUY trigger confirmed,23.0,50.2,56.0,RANGE,0.0,,,-3.65,0.0,0.0,ACTIVE,0.0,0.0,0,1,0,0,1,0.74,-3.84,0,0.0,0.0,,0.0,0.19644,0.18751,FINAL,77.7,2026-08-19T23:43:39.029084,0.74,3.84,7.7,,77.7,RS_OK,,,,,LONG,"[""shadow_rs_ok"", ""shadow_regime_bad""]",0,,,,,,RS>1,AI_20_40,,0,0,,,0,0,0
415,2026-08-19T22:03:14.636412+00:00,MUBARAKUSDT,BUY,DIP_BUY,0.02104,0.022092,0.024196,0.02078555,62.0,35.7,36.8,196.54,3.239,0,Pending ⏳,DIP_BUY trigger confirmed,54.6,50.2,56.0,RANGE,0.0,,,-0.52,0.0,0.0,ACTIVE,0.0,0.0,0,1,0,0,1,0.33,-1.52,0,0.0,0.0,,0.0,0.02111,0.02072,FINAL,16.8,2026-08-19T22:35:16.770658,0.33,1.52,26.8,,16.8,RS_OK,,,,,LONG,"[""shadow_rs_ok"", ""shadow_regime_bad""]",0,,,,,,RS>1,AI_60_80,,0,0,,,0,0,0
416,2026-08-19T23:20:01.448017+00:00,PLUMEUSDT,BUY,DIP_BUY,0.013022,0.0136731,0.0149753,0.01285739,44.5,50.9,44.5,434.5,0.268,0,Pending ⏳,DIP_BUY trigger confirmed,26.7,50.2,56.0,RANGE,0.0,,,-3.49,0.0,0.0,ACTIVE,0.0,0.0,0,1,0,0,1,2.27,-4.5,0,0.0,0.0,,0.0,0.013317,0.012436,FINAL,440.0,2026-08-20T07:15:31.600091,2.27,4.5,10.0,,440.0,RS_LOW,,,,,LONG,"[""shadow_rs_low"", ""shadow_regime_bad""]",0,,,,,,RS_0_0.5,AI_40_60,,0,0,,,0,0,0
417,2026-08-19T23:20:26.583925+00:00,ETCUSDT,BUY,DIP_BUY,6.5363,6.863115,7.516745,6.4713805,29.0,19.4,31.9,-43.41,-0.179,1,Pending ⏳,DIP_BUY trigger confirmed,17.4,50.2,56.0,RANGE,0.0,,,4.5,0.0,0.0,ACTIVE,0.0,0.0,0,1,1,0,0,5.42,0.81,0,0.0,0.0,,0.0,6.8903,6.5892,FINAL,999.6,2026-08-20T16:18:53.286745,5.42,0.81,519.6,999.6,,RS_LOW,,,,,LONG,"[""shadow_rs_low"", ""shadow_regime_bad""]",0,,,,,,RS<0,AI_20_40,,0,0,,,0,0,0
418,2026-08-19T23:20:42.509366+00:00,JUPUSDT,BUY,DIP_BUY,0.1809,0.189945,0.208035,0.1791,57.6,19.0,51.0,37.56,-0.138,1,Pending ⏳,DIP_BUY trigger confirmed,50.7,50.2,56.0,RANGE,0.0,,,-0.39,0.0,0.0,ACTIVE,0.0,0.0,0,1,0,0,1,0.83,-1.11,0,0.0,0.0,,0.0,0.1824,0.1789,FINAL,114.3,2026-08-20T01:28:03.252250,0.83,1.11,4.3,,114.3,RS_LOW,,,,,LONG,"[""shadow_rs_low"", ""shadow_regime_bad""]",0,,,,,,RS<0,AI_40_60,,0,0,,,0,0,0
419,2026-08-19T23:20:55.567000+00:00,QNTUSDT,BUY,DIP_BUY,58.743,61.68015,67.55445,58.20949,56.5,28.0,56.9,189.88,-0.169,1,Pending ⏳,DIP_BUY trigger confirmed,49.7,50.2,56.0,RANGE,0.0,,,4.36,0.0,0.0,ACTIVE,0.0,0.0,0,1,1,0,0,7.75,-0.18,0,0.0,0.0,,0.0,63.294,58.636,FINAL,564.1,2026-08-20T09:18:55.298728,7.75,0.18,99.1,564.1,,RS_LOW,,,,,LONG,"[""shadow_rs_low"", ""shadow_regime_bad""]",0,,,,,,RS<0,AI_40_60,,0,0,,,0,0,0
420,2026-08-19T23:42:41.728977+00:00,SOLUSDT,BUY,DIP_BUY,85.65,89.9325,98.4975,84.70435,32.9,14.8,54.5,27.51,-0.083,0,Pending ⏳,DIP_BUY trigger confirmed,19.7,50.2,56.0,RANGE,0.0,,,-0.95,0.0,0.0,ACTIVE,0.0,0.0,0,1,0,0,1,0.15,-1.16,0,0.0,0.0,,0.0,85.78,84.66,FINAL,87.3,2026-08-20T01:28:03.258191,0.15,1.16,32.3,,87.3,RS_LOW,,,,,LONG,"[""shadow_rs_low"", ""shadow_regime_bad""]",0,,,,,,RS<0,AI_20_40,,0,0,,,0,0,0
421,2026-08-19T23:42:58.950013+00:00,LITUSDT,BUY,DIP_BUY,2.628,2.7594,3.0222,2.57506,45.6,19.4,34.3,22.37,0.665,0,Pending ⏳,DIP_BUY trigger confirmed,27.4,50.2,56.0,RANGE,0.0,,,5.97,0.0,0.0,ACTIVE,0.0,0.0,0,1,1,0,0,6.13,1.37,0,0.0,0.0,,0.0,2.789,2.664,FINAL,297.0,2026-08-20T04:52:42.017760,6.13,1.37,162.0,297.0,,RS_OK,,,,,LONG,"[""shadow_rs_ok"", ""shadow_regime_bad""]",0,,,,,,RS_0.5_1,AI_40_60,,0,0,,,0,0,0
422,2026-08-19T23:43:09.195483+00:00,POLUSDT,BUY,VWAP_RECLAIM,0.0817,0.0845595,0.088236,0.08079394,58.7,33.5,49.0,766.73,-0.141,1,Pending ⏳,VWAP_RECLAIM trigger confirmed,51.7,50.2,56.0,RANGE,0.0,,,0.12,0.0,0.0,ACTIVE,0.0,0.0,0,1,0,0,1,1.47,-2.08,0,0.0,0.0,,0.0,0.0829,0.08,FINAL,1076.8,2026-08-20T17:54:06.282111,1.47,2.08,591.8,,1076.8,RS_LOW,,,,,LONG,"[""shadow_rs_low"", ""shadow_regime_bad""]",0,,,,,,RS<0,AI_40_60,,0,0,,,0,0,0
423,2026-08-19T23:43:38.375887+00:00,GOMININGUSDT,BUY,DIP_BUY,0.3053,0.320565,0.351095,0.300689,56.8,26.2,42.9,15.26,0.485,1,Pending ⏳,DIP_BUY trigger confirmed,50.0,50.2,56.0,RANGE,0.0,,,1.24,0.0,0.0,ACTIVE,0.0,0.0,0,1,0,0,1,3.57,-2.39,0,0.0,0.0,,0.0,0.3162,0.298,FINAL,76.4,2026-08-20T07:59:29.404060,3.57,2.39,26.4,,76.4,RS_LOW,,,,,LONG,"[""shadow_rs_low"", ""shadow_regime_bad""]",0,,,,,,RS_0_0.5,AI_40_60,,0,0,,,0,0,0
424,2026-08-20T04:09:18.080945+00:00,TRUMPUSDT,BUY,DIP_BUY,1.677,1.76085,1.92855,1.646725,54.6,31.4,52.9,10.88,0.249,1,Pending ⏳,DIP_BUY trigger confirmed,48.0,53.4,72.0,RANGE,0.0,,,-1.31,0.0,0.0,ACTIVE,0.0,0.0,0,1,0,0,1,0.6,-3.22,0,0.0,0.0,,0.0,1.687,1.623,FINAL,20.7,2026-08-20T04:52:42.024188,0.6,3.22,0.7,,20.7,RS_LOW,,,,,LONG,"[""shadow_rs_low"", ""shadow_regime_bad""]",0,,,,,,RS_0_0.5,AI_40_60,,0,0,,,0,0,0
425,2026-08-20T04:09:27.380828+00:00,SOLUSDT,BUY,DIP_BUY,84.63,88.8615,97.3245,83.82875,19.3,13.4,26.8,1.91,-0.005,0,Pending ⏳,DIP_BUY trigger confirmed,11.6,53.4,72.0,RANGE,0.0,,,5.54,0.0,0.0,ACTIVE,0.0,0.0,0,1,1,0,0,6.09,2.42,0,0.0,0.0,,0.0,89.78,86.68,FINAL,1265.5,2026-08-21T02:11:15.635413,6.09,2.42,820.5,1265.5,,RS_LOW,,,,,LONG,"[""shadow_rs_low"", ""shadow_regime_bad""]",0,,,,,,RS<0,AI_0_20,,0,0,,,0,0,0
426,2026-08-20T04:09:32.121419+00:00,LINKUSDT,BUY,DIP_BUY,10.4599,10.982895,12.028885,10.3721785,13.3,21.0,15.0,-17.27,0.002,0,Pending ⏳,DIP_BUY trigger confirmed,8.0,53.4,72.0,RANGE,0.0,,,4.74,0.0,0.0,ACTIVE,0.0,0.0,0,1,1,0,0,5.15,0.4,0,0.0,0.0,,0.0,10.9984,10.5022,FINAL,1335.5,2026-08-21T03:17:21.728839,5.15,0.4,890.5,1335.5,,RS_LOW,,,,,LONG,"[""shadow_rs_low"", ""shadow_regime_bad""]",0,,,,,,RS_0_0.5,AI_0_20,,0,0,,,0,0,0
427,2026-08-20T04:09:33.680668+00:00,ZECUSDT,BUY,DIP_BUY,554.572,582.3006,637.7578,548.88379,9.7,10.0,16.0,-26.82,-0.022,0,Pending ⏳,DIP_BUY trigger confirmed,5.8,53.4,72.0,RANGE,0.0,,,5.98,0.0,0.0,ACTIVE,0.0,0.0,0,1,1,0,0,7.49,-0.34,0,0.0,0.0,,0.0,596.093,552.681,FINAL,740.4,2026-08-20T16:55:56.681409,7.49,0.34,615.4,740.4,,RS_LOW,,,,,LONG,"[""shadow_rs_low"", ""shadow_regime_bad""]",0,,,,,,RS<0,AI_0_20,,0,0,,,0,0,0
428,2026-08-20T04:52:27.177183+00:00,JUPUSDT,BUY,DIP_BUY,0.1799,0.188895,0.206885,0.1784035,52.5,34.7,52.0,613.67,-0.324,1,Pending ⏳,DIP_BUY trigger confirmed,46.2,53.4,72.0,RANGE,0.0,,,5.11,0.0,0.0,ACTIVE,0.0,0.0,0,1,1,0,0,5.17,0.11,0,0.0,0.0,,0.0,0.1892,0.1801,FINAL,217.5,2026-08-20T08:39:41.334112,5.17,0.11,2.5,217.5,,RS_LOW,,,,,LONG,"[""shadow_rs_low"", ""shadow_regime_bad""]",0,,,,,,RS<0,AI_40_60,,0,0,,,0,0,0
429,2026-08-20T05:19:16.874923+00:00,BNBUSDT,BUY,DIP_BUY,627.406,658.7763,721.5169,621.897885,57.3,33.9,56.5,345.91,-0.037,1,Pending ⏳,DIP_BUY trigger confirmed,50.4,53.4,72.0,RANGE,0.0,,,5.66,0.0,0.0,ACTIVE,0.0,0.0,0,1,1,0,0,6.25,3.12,0,0.0,0.0,,0.0,666.619,646.96,FINAL,1195.7,2026-08-21T02:11:15.642249,6.25,3.12,750.7,1195.7,,RS_LOW,,,,,LONG,"[""shadow_rs_low"", ""shadow_regime_bad""]",0,,,,,,RS<0,AI_40_60,,0,0,,,0,0,0
430,2026-08-20T05:19:26.118551+00:00,NEARUSDT,BUY,DIP_BUY,1.7267,1.813035,1.985705,1.708017,18.8,30.1,22.0,0.81,0.079,0,Pending ⏳,DIP_BUY trigger confirmed,11.3,53.4,72.0,RANGE,0.0,,,-0.06,0.0,0.0,ACTIVE,0.0,0.0,0,1,0,0,1,2.44,-1.38,0,0.0,0.0,,0.0,1.7688,1.7029,FINAL,565.6,2026-08-20T15:11:32.990306,2.44,1.38,95.6,,565.6,RS_LOW,,,,,LONG,"[""shadow_rs_low"", ""shadow_regime_bad""]",0,,,,,,RS_0_0.5,AI_0_20,,0,0,,,0,0,0
431,2026-08-20T06:21:56.982367+00:00,ETHUSDT,BUY,DIP_BUY,2249.95,2362.4475,2587.4425,2227.63585,37.5,15.3,37.0,57.0,-0.176,0,Pending ⏳,DIP_BUY trigger confirmed,22.5,53.4,72.0,RANGE,0.0,,,4.76,0.0,0.0,ACTIVE,0.0,0.0,0,1,1,0,0,5.8,2.57,0,0.0,0.0,,0.0,2380.45,2307.86,FINAL,1133.1,2026-08-21T02:11:15.645788,5.8,2.57,688.1,1133.1,,RS_LOW,,,,,LONG,"[""shadow_rs_low"", ""shadow_regime_bad"", ""shadow_hour_weak""]",0,,,,,,RS<0,AI_20_40,,0,0,,,0,0,0
432,2026-08-20T06:22:09.179518+00:00,SUIUSDT,BUY,DIP_BUY,0.7009,0.735945,0.806035,0.6950075,16.0,11.0,24.1,2.37,-0.168,0,Pending ⏳,DIP_BUY trigger confirmed,9.6,53.4,72.0,RANGE,0.0,,,5.02,0.0,0.0,ACTIVE,0.0,0.0,0,1,1,0,0,5.82,-0.19,0,0.0,0.0,,0.0,0.7417,0.6996,FINAL,527.8,2026-08-20T15:49:10.949829,5.82,0.19,72.8,527.8,,RS_LOW,,,,,LONG,"[""shadow_rs_low"", ""shadow_regime_bad"", ""shadow_hour_weak""]",0,,,,,,RS<0,AI_0_20,,0,0,,,0,0,0
433,2026-08-20T06:22:13.859441+00:00,TRUMPUSDT,BUY,DIP_BUY,1.649,1.73145,1.89635,1.61787,26.6,20.8,31.5,4.53,0.173,0,Pending ⏳,DIP_BUY trigger confirmed,16.0,53.4,72.0,RANGE,0.0,,,-0.85,0.0,0.0,ACTIVE,0.0,0.0,0,1,0,0,1,3.4,-2.91,0,0.0,0.0,,0.0,1.705,1.601,FINAL,482.8,2026-08-20T14:36:24.530425,3.4,2.91,2.8,,482.8,RS_LOW,,,,,LONG,"[""shadow_rs_low"", ""shadow_regime_bad"", ""shadow_hour_weak""]",0,,,,,,RS_0_0.5,AI_20_40,,0,0,,,0,0,0
434,2026-08-20T06:22:50.121622+00:00,ETHFIUSDT,BUY,DIP_BUY,0.5126,0.53823,0.58949,0.507052,15.0,28.0,12.4,-74.3,0.216,0,Pending ⏳,DIP_BUY trigger confirmed,9.0,53.4,72.0,RANGE,0.0,,,6.13,0.0,0.0,ACTIVE,0.0,0.0,0,1,1,0,0,6.42,0.12,0,0.0,0.0,,0.0,0.5455,0.5132,FINAL,47.2,2026-08-20T07:15:31.641320,6.42,0.12,2.2,47.2,,RS_LOW,,,,,LONG,"[""shadow_rs_low"", ""shadow_regime_bad"", ""shadow_hour_weak""]",0,,,,,,RS_0_0.5,AI_0_20,,0,0,,,0,0,0
435,2026-08-20T07:14:36.804452+00:00,GRVTUSDT,BUY,DIP_BUY,0.2989,0.313845,0.343735,0.2916345,38.7,33.6,23.1,-63.77,0.509,1,Pending ⏳,DIP_BUY trigger confirmed,23.2,53.4,72.0,RANGE,0.0,,,-2.91,0.0,0.0,ACTIVE,0.0,0.0,0,1,0,0,1,1.61,-2.91,0,0.0,0.0,,0.0,0.3037,0.2902,FINAL,155.4,2026-08-20T09:55:13.086166,1.61,2.91,0.4,,155.4,RS_OK,,,,,LONG,"[""shadow_rs_ok"", ""shadow_regime_bad""]",0,,,,,,RS_0.5_1,AI_20_40,,0,0,,,0,0,0
436,2026-08-20T07:15:04.374754+00:00,RAINUSDT,BUY,DIP_BUY,0.013931,0.01462755,0.01602065,0.01385537,16.4,23.3,18.8,-10.28,0.086,0,Pending ⏳,DIP_BUY trigger confirmed,9.8,53.4,72.0,RANGE,0.0,,,4.87,0.0,0.0,ACTIVE,0.0,0.0,0,1,1,0,0,5.48,-0.45,0,0.0,0.0,,0.0,0.014694,0.013868,FINAL,1619.9,2026-08-21T11:03:53.180443,5.48,0.45,1559.9,1619.9,,RS_LOW,,,,,LONG,"[""shadow_rs_low"", ""shadow_regime_bad""]",0,,,,,,RS_0_0.5,AI_0_20,,0,0,,,0,0,0
437,2026-08-20T08:38:41.799709+00:00,DOTUSDT,BUY,DIP_BUY,0.802,0.8421,0.9223,0.784259,18.7,28.2,21.0,-31.05,-0.66,0,Pending ⏳,DIP_BUY trigger confirmed,11.2,62.4,72.0,RANGE,0.0,,,4.96,0.0,0.0,ACTIVE,0.0,0.0,0,1,1,0,0,5.04,-0.42,0,0.0,0.0,,0.0,0.8424,0.7986,FINAL,486.3,2026-08-20T16:55:56.694727,5.04,0.42,1.3,486.3,,RS_LOW,,,,,LONG,"[""shadow_rs_low"", ""shadow_regime_bad""]",0,,,,,,RS<0,AI_0_20,,0,0,,,0,0,0
438,2026-08-20T09:18:52.992010+00:00,DEXEUSDT,BUY,DIP_BUY,1.8865,1.980825,2.169475,1.8677145,36.7,26.3,39.4,326.35,-0.103,0,Pending ⏳,DIP_BUY trigger confirmed,22.0,53.4,72.0,RANGE,0.0,,,0.26,0.0,0.0,ACTIVE,0.0,0.0,0,1,0,0,1,0.46,-1.02,0,0.0,0.0,,0.0,1.8952,1.8673,FINAL,6.1,2026-08-20T10:54:02.991876,0.46,1.02,56.1,,6.1,RS_LOW,,,,,LONG,"[""shadow_rs_low"", ""shadow_regime_bad"", ""shadow_hour_weak""]",0,,,,,,RS<0,AI_20_40,,0,0,,,0,0,0
439,2026-08-20T09:18:54.603030+00:00,CRCLXUSDT,BUY,DIP_BUY,83.41,87.5805,95.9215,82.09745,53.8,31.3,39.6,17.02,0.193,1,Pending ⏳,DIP_BUY trigger confirmed,47.3,53.4,72.0,RANGE,0.0,,,-0.16,0.0,0.0,ACTIVE,0.0,0.0,0,1,0,0,1,2.97,-2.42,0,0.0,0.0,,0.0,85.89,81.39,FINAL,166.1,2026-08-20T13:09:49.444775,2.97,2.42,1.1,,166.1,RS_LOW,,,,,LONG,"[""shadow_rs_low"", ""shadow_regime_bad"", ""shadow_hour_weak""]",0,,,,,,RS_0_0.5,AI_40_60,,0,0,,,0,0,0
440,2026-08-20T10:17:59.019017+00:00,FETUSDT,BUY,DIP_BUY,0.1348,0.14154,0.15502,0.1322355,17.7,23.5,24.3,-7.13,0.229,0,Pending ⏳,DIP_BUY trigger confirmed,10.6,57.9,72.0,RANGE,0.0,,,6.16,0.0,0.0,ACTIVE,0.0,0.0,0,1,1,0,0,7.49,-1.85,0,0.0,0.0,,0.0,0.1449,0.1323,FINAL,422.0,2026-08-20T17:54:06.300657,7.49,1.85,27.0,422.0,,RS_LOW,,,,,LONG,"[""shadow_rs_low"", ""shadow_regime_bad""]",0,,,,,,RS_0_0.5,AI_0_20,,0,0,,,0,0,0
441,2026-08-20T10:18:18.538205+00:00,SEIUSDT,BUY,DIP_BUY,0.04237,0.0444885,0.0487255,0.04172035,29.5,13.3,37.9,7.08,-0.071,0,Pending ⏳,DIP_BUY trigger confirmed,17.7,57.9,72.0,RANGE,0.0,,,0.12,0.0,0.0,ACTIVE,0.0,0.0,0,1,0,0,1,0.47,-1.56,0,0.0,0.0,,0.0,0.04257,0.04171,FINAL,196.7,2026-08-20T13:59:56.958501,0.47,1.56,71.7,,196.7,RS_LOW,,,,,LONG,"[""shadow_rs_low"", ""shadow_regime_bad""]",0,,,,,,RS<0,AI_20_40,,0,0,,,0,0,0
442,2026-08-20T11:47:16.166825+00:00,GRAMUSDT,BUY,DIP_BUY,1.401,1.47105,1.61115,1.378075,38.7,26.9,35.3,48.99,0.619,0,Pending ⏳,DIP_BUY trigger confirmed,23.2,53.4,72.0,RANGE,0.0,,,-1.43,0.0,0.0,ACTIVE,0.0,0.0,0,1,0,0,1,1.0,-1.64,0,0.0,0.0,,0.0,1.415,1.378,FINAL,432.7,2026-08-20T19:07:56.031970,1.0,1.64,12.7,,432.7,RS_OK,,,,,LONG,"[""shadow_rs_ok"", ""shadow_regime_bad"", ""shadow_hour_weak""]",0,,,,,,RS_0.5_1,AI_20_40,,0,0,,,0,0,0
443,2026-08-20T13:08:57.436389+00:00,METUSDT,BUY,DIP_BUY,0.2103,0.220815,0.241845,0.205368,52.2,56.4,57.1,564.15,0.168,0,Pending ⏳,DIP_BUY trigger confirmed,45.9,53.4,72.0,RANGE,0.0,,,-2.47,0.0,0.0,ACTIVE,0.0,0.0,0,1,0,0,1,3.33,-2.85,0,0.0,0.0,,0.0,0.2173,0.2043,FINAL,526.0,2026-08-20T22:01:20.195784,3.33,2.85,101.0,,526.0,RS_LOW,,,,,LONG,"[""shadow_rs_low"", ""shadow_regime_bad"", ""shadow_hour_weak""]",0,,,,,,RS_0_0.5,AI_40_60,,0,0,,,0,0,0
444,2026-08-20T13:09:18.692827+00:00,JUPUSDT,BUY,DIP_BUY,0.1883,0.197715,0.216545,0.1849705,38.5,32.7,29.4,199.67,0.47,0,Pending ⏳,DIP_BUY trigger confirmed,23.1,53.4,72.0,RANGE,0.0,,,7.17,0.0,0.0,ACTIVE,0.0,0.0,0,1,1,0,0,7.17,1.33,0,0.0,0.0,,0.0,0.2018,0.1908,FINAL,1145.7,2026-08-21T08:55:02.561912,7.17,1.33,685.7,1145.7,,RS_LOW,,,,,LONG,"[""shadow_rs_low"", ""shadow_regime_bad"", ""shadow_hour_weak""]",0,,,,,,RS_0_0.5,AI_20_40,,0,0,,,0,0,0
445,2026-08-20T13:09:47.782152+00:00,CYSUSDT,BUY,DIP_BUY,0.56378,0.591969,0.648347,0.55364785,34.9,25.0,24.0,-66.85,0.505,1,Pending ⏳,DIP_BUY trigger confirmed,20.9,53.4,72.0,RANGE,0.0,,,-2.18,0.0,0.0,ACTIVE,0.0,0.0,0,1,0,0,1,1.31,-3.73,0,0.0,0.0,,0.0,0.57116,0.54275,FINAL,120.2,2026-08-20T15:49:10.973253,1.31,3.73,0.2,,120.2,RS_OK,,,,,LONG,"[""shadow_rs_ok"", ""shadow_regime_bad"", ""shadow_hour_weak""]",0,,,,,,RS_0.5_1,AI_20_40,,0,0,,,0,0,0
446,2026-08-20T14:34:37.264398+00:00,DOGEUSDT,BUY,DIP_BUY,0.07797,0.0818685,0.0896655,0.0768538,20.5,29.8,21.6,-3.9,0.746,0,Pending ⏳,DIP_BUY trigger confirmed,12.3,53.4,72.0,RANGE,0.0,,,5.99,0.0,0.0,ACTIVE,0.0,0.0,0,1,1,0,0,6.1,-0.42,0,0.0,0.0,,0.0,0.08273,0.07764,FINAL,130.4,2026-08-20T16:55:56.710422,6.1,0.42,0.4,130.4,,RS_OK,,,,,LONG,"[""shadow_rs_ok"", ""shadow_regime_bad""]",0,,,,,,RS_0.5_1,AI_20_40,,0,0,,,0,0,0
447,2026-08-20T14:34:47.778343+00:00,AVAXUSDT,BUY,DIP_BUY,6.914,7.2597,7.9511,6.830675,35.0,21.3,48.7,16.44,0.105,0,Pending ⏳,DIP_BUY trigger confirmed,21.0,53.4,72.0,RANGE,0.0,,,4.8,0.0,0.0,ACTIVE,0.0,0.0,0,1,1,0,0,5.31,-0.01,0,0.0,0.0,,0.0,7.281,6.913,FINAL,150.2,2026-08-20T17:23:35.034182,5.31,0.01,0.2,150.2,,RS_LOW,,,,,LONG,"[""shadow_rs_low"", ""shadow_regime_bad""]",0,,,,,,RS_0_0.5,AI_20_40,,0,0,,,0,0,0
448,2026-08-20T14:35:01.676898+00:00,TAOUSDT,BUY,DIP_BUY,208.06,218.463,239.269,205.9849,18.2,38.0,21.8,-14.85,0.158,0,Pending ⏳,DIP_BUY trigger confirmed,10.9,53.4,72.0,RANGE,0.0,,,4.03,0.0,0.0,ACTIVE,0.0,0.0,0,1,1,0,0,5.16,0.38,0,0.0,0.0,,0.0,218.79,208.85,FINAL,695.0,2026-08-21T03:17:21.735426,5.16,0.38,265.0,695.0,,RS_LOW,,,,,LONG,"[""shadow_rs_low"", ""shadow_regime_bad""]",0,,,,,,RS_0_0.5,AI_0_20,,0,0,,,0,0,0
449,2026-08-20T14:35:57.901417+00:00,PYTHUSDT,BUY,DIP_BUY,0.04379,0.0459795,0.0503585,0.04313325,40.8,32.5,29.8,-0.37,0.36,1,Pending ⏳,DIP_BUY trigger confirmed,24.5,53.4,72.0,RANGE,0.0,,,3.84,0.0,0.0,ACTIVE,0.0,0.0,0,1,1,0,0,5.07,-0.07,0,0.0,0.0,,0.0,0.04601,0.04376,FINAL,739.0,2026-08-21T03:17:21.737834,5.07,0.07,274.0,739.0,,RS_LOW,,,,,LONG,"[""shadow_rs_low"", ""shadow_regime_bad""]",0,,,,,,RS_0_0.5,AI_40_60,,0,0,,,0,0,0
450,2026-08-20T14:36:17.083777+00:00,EIGENUSDT,BUY,VWAP_RECLAIM,0.1897,0.1963395,0.204876,0.18711128,41.2,19.8,31.0,156.61,-0.253,0,Pending ⏳,VWAP_RECLAIM trigger confirmed,24.7,53.4,72.0,RANGE,0.0,,,3.43,0.0,0.0,ACTIVE,0.0,0.0,0,1,1,0,0,4.38,-0.21,0,0.0,0.0,,0.0,0.198,0.1893,FINAL,168.7,2026-08-20T17:54:06.318766,4.38,0.21,18.7,168.7,,RS_LOW,,,,,LONG,"[""shadow_rs_low"", ""shadow_regime_bad""]",0,,,,,,RS<0,AI_40_60,,0,0,,,0,0,0
451,2026-08-20T15:48:06.190733+00:00,UNIUSDT,BUY,VWAP_RECLAIM,3.6922,3.821427,3.987576,3.65494006,11.5,10.0,13.0,-18.1,-0.07,0,Pending ⏳,VWAP_RECLAIM trigger confirmed,6.9,57.9,72.0,RANGE,0.0,,,3.38,0.0,0.0,ACTIVE,0.0,0.0,0,1,1,0,0,5.01,0.02,0,0.0,0.0,,0.0,3.877,3.6931,FINAL,546.9,2026-08-21T02:11:15.662334,5.01,0.02,121.9,546.9,,RS_LOW,,,,,LONG,"[""shadow_rs_low"", ""shadow_regime_bad""]",0,,,,,,RS<0,AI_0_20,,0,0,,,0,0,0
452,2026-08-20T15:48:29.117521+00:00,AEONUSDT,BUY,DIP_BUY,0.07343,0.0771015,0.0844445,0.07264495,11.7,11.0,20.0,-38.42,-0.154,0,Pending ⏳,DIP_BUY trigger confirmed,7.0,57.9,72.0,RANGE,0.0,,,-0.99,0.0,0.0,ACTIVE,0.0,0.0,0,1,0,0,1,4.36,-3.61,0,0.0,0.0,,0.0,0.07663,0.07078,FINAL,86.5,2026-08-20T17:23:35.049617,4.36,3.61,11.5,,86.5,RS_LOW,,,,,LONG,"[""shadow_rs_low"", ""shadow_regime_bad""]",0,,,,,,RS<0,AI_0_20,,0,0,,,0,0,0
453,2026-08-20T16:55:24.813650+00:00,ETCUSDT,BUY,DIP_BUY,6.9011,7.246155,7.936265,6.7961485,43.5,38.9,36.7,640.92,0.46,0,Pending ⏳,DIP_BUY trigger confirmed,26.1,53.4,72.0,RANGE,0.0,,,5.54,0.0,0.0,ACTIVE,0.0,0.0,0,1,1,0,0,5.92,0.65,0,0.0,0.0,,0.0,7.3097,6.9458,FINAL,879.6,2026-08-21T08:05:52.037077,5.92,0.65,414.6,879.6,,RS_LOW,,,,,LONG,"[""shadow_rs_low"", ""shadow_regime_bad""]",0,,,,,,RS_0_0.5,AI_40_60,,0,0,,,0,0,0
454,2026-08-20T17:23:22.132961+00:00,DOSUSDT,BUY,DIP_BUY,0.2412,0.25326,0.27738,0.2361135,36.9,21.7,51.2,27.4,0.331,0,Pending ⏳,DIP_BUY trigger confirmed,22.1,53.4,72.0,RANGE,0.0,,,-2.57,0.0,0.0,ACTIVE,0.0,0.0,0,0,0,0,1,0.0,-2.82,0,0.0,0.0,,0.0,0.2412,0.2344,FINAL,46.6,2026-08-20T18:19:33.393887,0.0,2.82,,,46.6,RS_LOW,,,,,LONG,"[""shadow_rs_low"", ""shadow_regime_bad""]",0,,,,,,RS_0_0.5,AI_20_40,,0,0,,,0,0,0
455,2026-08-20T17:23:31.177294+00:00,GRVTUSDT,BUY,DIP_BUY,0.2814,0.29547,0.32361,0.276411,43.7,25.7,38.9,88.58,1.435,0,Pending ⏳,DIP_BUY trigger confirmed,26.2,53.4,72.0,RANGE,0.0,,,-1.17,0.0,0.0,ACTIVE,0.0,0.0,0,1,0,0,1,0.43,-2.03,0,0.0,0.0,,0.0,0.2826,0.2757,FINAL,341.5,2026-08-20T23:31:01.908115,0.43,2.03,1.5,,341.5,RS_OK,,,,,LONG,"[""shadow_rs_ok"", ""shadow_regime_bad""]",0,,,,,,RS>1,AI_40_60,,0,0,,,0,0,0
456,2026-08-20T17:52:32.418220+00:00,BTCUSDT,BUY,DIP_BUY,72884.5,76528.725,83817.175,72183.3695,11.1,13.9,24.5,-45.49,0.0,0,Pending ⏳,DIP_BUY trigger confirmed,6.7,53.4,72.0,RANGE,0.0,,,4.65,0.0,0.0,ACTIVE,0.0,0.0,0,1,1,0,0,5.51,-0.23,0,0.0,0.0,,0.0,76899.9,72717.2,FINAL,802.5,2026-08-21T07:26:23.324910,5.51,0.23,322.5,802.5,,RS_LOW,,,,,LONG,"[""shadow_rs_low"", ""shadow_regime_bad""]",0,,,,,,RS_0_0.5,AI_0_20,,0,0,,,0,0,0
457,2026-08-20T19:07:38.261068+00:00,CHZUSDT,BUY,DIP_BUY,0.0129,0.013545,0.014835,0.0127758,43.2,27.2,32.7,4.4,0.256,1,Pending ⏳,DIP_BUY trigger confirmed,25.9,53.4,72.0,RANGE,0.0,,,4.65,0.0,0.0,ACTIVE,0.0,0.0,0,1,1,0,0,5.35,1.55,0,0.0,0.0,,0.0,0.01359,0.0131,FINAL,727.4,2026-08-21T07:26:23.327304,5.35,1.55,242.4,727.4,,RS_LOW,,,,,LONG,"[""shadow_rs_low"", ""shadow_regime_bad"", ""shadow_hour_weak""]",0,,,,,,RS_0_0.5,AI_40_60,,0,0,,,0,0,0
458,2026-08-20T19:07:50.652039+00:00,ALLOUSDT,BUY,DIP_BUY,0.3195,0.335475,0.367425,0.314619,19.0,28.6,29.7,0.29,0.526,0,Pending ⏳,DIP_BUY trigger confirmed,11.4,53.4,72.0,RANGE,0.0,,,-4.91,0.0,0.0,ACTIVE,0.0,0.0,0,1,0,0,1,2.38,-4.91,0,0.0,0.0,,0.0,0.3271,0.3038,FINAL,57.2,2026-08-20T20:41:48.288331,2.38,4.91,7.2,,57.2,RS_OK,,,,,LONG,"[""shadow_rs_ok"", ""shadow_regime_bad"", ""shadow_hour_weak""]",0,,,,,,RS_0.5_1,AI_0_20,,0,0,,,0,0,0
459,2026-08-20T19:41:41.071018+00:00,GRAMUSDT,BUY,DIP_BUY,1.385,1.45425,1.59275,1.37111,13.9,23.2,20.6,-31.73,0.029,0,Pending ⏳,DIP_BUY trigger confirmed,8.3,53.4,72.0,RANGE,0.0,,,6.28,0.0,0.0,ACTIVE,0.0,0.0,0,1,1,0,0,7.44,0.29,0,0.0,0.0,,0.0,1.488,1.389,FINAL,613.3,2026-08-21T06:27:41.351270,7.44,0.29,148.3,613.3,,RS_LOW,,,,,LONG,"[""shadow_rs_low"", ""shadow_regime_bad"", ""shadow_hour_weak""]",0,,,,,,RS_0_0.5,AI_0_20,,0,0,,,0,0,0
460,2026-08-20T20:03:24.915061+00:00,PLUMEUSDT,BUY,DIP_BUY,0.013448,0.0141204,0.0154652,0.01330514,49.5,39.7,50.4,549.46,0.486,0,Pending ⏳,DIP_BUY trigger confirmed,29.7,53.4,72.0,RANGE,0.0,,,4.59,0.0,0.0,ACTIVE,0.0,0.0,0,1,1,0,0,5.13,-0.33,0,0.0,0.0,,0.0,0.014138,0.013403,FINAL,566.6,2026-08-21T05:56:19.903690,5.13,0.33,111.6,566.6,,RS_LOW,,,,,LONG,"[""shadow_rs_low"", ""shadow_regime_bad""]",0,,,,,,RS_0_0.5,AI_40_60,,0,0,,,0,0,0
461,2026-08-20T20:03:37.894541+00:00,KIIUSDT,BUY,DIP_BUY,0.06516,0.068418,0.074934,0.0644561,37.2,25.7,47.1,11.88,0.331,0,Pending ⏳,DIP_BUY trigger confirmed,22.3,53.4,72.0,RANGE,0.0,,,-1.12,0.0,0.0,ACTIVE,0.0,0.0,0,1,0,0,1,1.03,-1.64,0,0.0,0.0,,0.0,0.06583,0.06409,FINAL,36.4,2026-08-20T21:04:22.304272,1.03,1.64,1.4,,36.4,RS_LOW,,,,,LONG,"[""shadow_rs_low"", ""shadow_regime_bad""]",0,,,,,,RS_0_0.5,AI_20_40,,0,0,,,0,0,0
462,2026-08-20T20:03:41.972663+00:00,FETUSDT,BUY,DIP_BUY,0.1412,0.14826,0.16238,0.137708,17.4,20.0,20.6,-26.67,0.378,0,Pending ⏳,DIP_BUY trigger confirmed,10.4,53.4,72.0,RANGE,0.0,,,4.67,0.0,0.0,ACTIVE,0.0,0.0,0,1,1,0,0,5.74,-0.35,0,0.0,0.0,,0.0,0.1493,0.1407,FINAL,396.3,2026-08-21T03:17:21.751239,5.74,0.35,1.3,396.3,,RS_LOW,,,,,LONG,"[""shadow_rs_low"", ""shadow_regime_bad""]",0,,,,,,RS_0_0.5,AI_0_20,,0,0,,,0,0,0
463,2026-08-20T21:03:12.310541+00:00,BCHUSDT,BUY,VWAP_RECLAIM,220.68,228.4038,238.3344,218.31757762,46.4,37.3,42.3,75.31,0.138,0,Pending ⏳,VWAP_RECLAIM trigger confirmed,27.8,53.4,72.0,RANGE,0.0,,,3.38,0.0,0.0,ACTIVE,0.0,0.0,0,1,1,0,0,3.51,-0.14,0,0.0,0.0,,0.0,228.42,220.37,FINAL,286.8,2026-08-21T02:11:15.685161,3.51,0.14,31.8,286.8,,RS_LOW,,,,,LONG,"[""shadow_rs_low"", ""shadow_regime_bad"", ""shadow_hour_weak""]",0,,,,,,RS_0_0.5,AI_40_60,,0,0,,,0,0,0
464,2026-08-20T21:03:59.491719+00:00,SEIUSDT,BUY,DIP_BUY,0.04314,0.045297,0.049611,0.04251635,38.0,25.6,38.7,75.84,0.229,0,Pending ⏳,DIP_BUY trigger confirmed,22.8,53.4,72.0,RANGE,0.0,,,6.33,0.0,0.0,ACTIVE,0.0,0.0,0,1,1,0,0,6.35,0.39,0,0.0,0.0,,0.0,0.04588,0.04331,FINAL,671.0,2026-08-21T08:55:02.565721,6.35,0.39,211.0,671.0,,RS_LOW,,,,,LONG,"[""shadow_rs_low"", ""shadow_regime_bad"", ""shadow_hour_weak""]",0,,,,,,RS_0_0.5,AI_20_40,,0,0,,,0,0,0
465,2026-08-20T21:04:04.175779+00:00,DOSUSDT,BUY,DIP_BUY,0.2335,0.245175,0.268525,0.231437,13.8,19.0,18.3,-7.71,0.129,0,Pending ⏳,DIP_BUY trigger confirmed,8.3,53.4,72.0,RANGE,0.0,,,-0.9,0.0,0.0,ACTIVE,0.0,0.0,0,1,0,0,1,0.3,-2.4,0,0.0,0.0,,0.0,0.2342,0.2279,FINAL,20.9,2026-08-20T21:40:18.339013,0.3,2.4,5.9,,20.9,RS_LOW,,,,,LONG,"[""shadow_rs_low"", ""shadow_regime_bad"", ""shadow_hour_weak""]",0,,,,,,RS_0_0.5,AI_0_20,,0,0,,,0,0,0
466,2026-08-20T21:38:53.051062+00:00,AAVEUSDT,BUY,DIP_BUY,97.738,102.6249,112.3987,96.466245,37.0,21.0,43.6,12.9,0.203,0,Pending ⏳,DIP_BUY trigger confirmed,22.2,53.4,72.0,RANGE,0.0,,,8.77,0.0,0.0,ACTIVE,0.0,0.0,0,1,1,0,0,8.85,0.8,0,0.0,0.0,,0.0,106.389,98.523,FINAL,601.1,2026-08-21T08:05:52.042689,8.85,0.8,126.1,601.1,,RS_LOW,,,,,LONG,"[""shadow_rs_low"", ""shadow_regime_bad"", ""shadow_hour_weak""]",0,,,,,,RS_0_0.5,AI_20_40,,0,0,,,0,0,0
467,2026-08-20T21:39:06.747083+00:00,LITUSDT,BUY,DIP_BUY,2.705,2.84025,3.11075,2.64073,21.5,22.5,16.9,-46.02,1.409,0,Pending ⏳,DIP_BUY trigger confirmed,12.9,53.4,72.0,RANGE,0.0,,,-0.89,0.0,0.0,ACTIVE,0.0,0.0,0,1,0,0,1,0.78,-2.74,0,0.0,0.0,,0.0,2.726,2.631,FINAL,235.9,2026-08-21T02:11:15.694826,0.78,2.74,0.9,,235.9,RS_OK,,,,,LONG,"[""shadow_rs_ok"", ""shadow_regime_bad"", ""shadow_hour_weak""]",0,,,,,,RS>1,AI_20_40,,0,0,,,0,0,0
468,2026-08-20T21:40:06.961143+00:00,PORTALUSDT,BUY,DIP_BUY,0.01136,0.011928,0.013064,0.01111415,38.3,24.7,42.3,62.76,0.593,0,Pending ⏳,DIP_BUY trigger confirmed,23.0,53.4,72.0,RANGE,0.0,,,-1.94,0.0,0.0,ACTIVE,0.0,0.0,0,1,0,0,1,0.44,-2.55,0,0.0,0.0,,0.0,0.01141,0.01107,FINAL,289.9,2026-08-21T03:17:21.757919,0.44,2.55,139.9,,289.9,RS_OK,,,,,LONG,"[""shadow_rs_ok"", ""shadow_regime_bad"", ""shadow_hour_weak""]",0,,,,,,RS_0.5_1,AI_20_40,,0,0,,,0,0,0
469,2026-08-20T22:33:30.601036+00:00,NEARUSDT,BUY,DIP_BUY,1.7663,1.854615,2.031245,1.734285,19.6,22.8,22.7,-7.23,1.006,0,Pending ⏳,DIP_BUY trigger confirmed,11.8,53.4,72.0,RANGE,0.0,,,4.8,0.0,0.0,ACTIVE,0.0,0.0,0,1,1,0,0,5.54,-0.32,0,0.0,0.0,,0.0,1.8641,1.7606,FINAL,521.5,2026-08-21T07:26:23.333930,5.54,0.32,31.5,521.5,,RS_OK,,,,,LONG,"[""shadow_rs_ok"", ""shadow_regime_bad""]",0,,,,,,RS>1,AI_0_20,,0,0,,,0,0,0
470,2026-08-20T22:34:45.424815+00:00,STRKUSDT,BUY,DIP_BUY,0.02549,0.0267645,0.0293135,0.02526305,46.8,33.9,49.3,3668.21,0.241,0,Pending ⏳,DIP_BUY trigger confirmed,28.1,53.4,72.0,RANGE,0.0,,,8.47,0.0,0.0,ACTIVE,0.0,0.0,0,1,1,0,0,8.47,1.1,0,0.0,0.0,,0.0,0.02765,0.02577,FINAL,600.2,2026-08-21T12:48:02.335704,8.47,1.1,355.2,600.2,,RS_LOW,,,,,LONG,"[""shadow_rs_low"", ""shadow_regime_bad""]",0,,,,,,RS_0_0.5,AI_40_60,,0,0,,,0,0,0
471,2026-08-20T23:29:11.965937+00:00,DOGEUSDT,BUY,DIP_BUY,0.08063,0.0846615,0.0927245,0.07885375,49.9,31.6,35.9,77.7,0.682,0,Pending ⏳,DIP_BUY trigger confirmed,29.9,57.9,72.0,RANGE,0.0,,,5.95,0.0,0.0,ACTIVE,0.0,0.0,0,1,1,0,0,5.95,2.95,0,0.0,0.0,,0.0,0.08543,0.08301,FINAL,540.8,2026-08-21T08:55:02.569711,5.95,2.95,415.8,540.8,,RS_OK,,,,,LONG,"[""shadow_rs_ok"", ""shadow_regime_bad""]",0,,,,,,RS_0.5_1,AI_40_60,,0,0,,,0,0,0
472,2026-08-20T23:29:20.943877+00:00,SUIUSDT,BUY,DIP_BUY,0.7362,0.77301,0.84663,0.725554,44.7,22.5,35.2,114.41,-0.138,0,Pending ⏳,DIP_BUY trigger confirmed,26.8,57.9,72.0,RANGE,0.0,,,4.55,0.0,0.0,ACTIVE,0.0,0.0,0,1,1,0,0,5.05,-0.71,0,0.0,0.0,,0.0,0.7734,0.731,FINAL,375.7,2026-08-21T05:56:19.919257,5.05,0.71,0.7,375.7,,RS_LOW,,,,,LONG,"[""shadow_rs_low"", ""shadow_regime_bad""]",0,,,,,,RS<0,AI_40_60,,0,0,,,0,0,0
473,2026-08-20T23:29:25.392325+00:00,TRUMPUSDT,BUY,DIP_BUY,1.645,1.72725,1.89175,1.610905,52.0,48.6,30.5,299.31,0.251,0,Pending ⏳,DIP_BUY trigger confirmed,45.8,57.9,72.0,RANGE,0.0,,,5.05,0.0,0.0,ACTIVE,0.0,0.0,0,1,1,0,0,5.05,-0.79,0,0.0,0.0,,0.0,1.728,1.632,FINAL,510.6,2026-08-21T08:05:52.049103,5.05,0.79,15.6,510.6,,RS_LOW,,,,,LONG,"[""shadow_rs_low"", ""shadow_regime_bad""]",0,,,,,,RS_0_0.5,AI_40_60,,0,0,,,0,0,0
474,2026-08-20T23:29:41.149092+00:00,ONDOUSDT,BUY,DIP_BUY,0.35649,0.3743145,0.4099635,0.3510957,37.4,25.1,40.0,110.33,0.048,0,Pending ⏳,DIP_BUY trigger confirmed,22.4,57.9,72.0,RANGE,0.0,,,5.47,0.0,0.0,ACTIVE,0.0,0.0,0,1,1,0,0,5.47,-0.98,0,0.0,0.0,,0.0,0.376,0.35298,FINAL,495.3,2026-08-21T08:05:52.052252,5.47,0.98,35.3,495.3,,RS_LOW,,,,,LONG,"[""shadow_rs_low"", ""shadow_regime_bad""]",0,,,,,,RS_0_0.5,AI_20_40,,0,0,,,0,0,0
475,2026-08-20T23:29:48.142301+00:00,FILUSDT,BUY,DIP_BUY,0.7374,0.77427,0.84801,0.7246585,45.5,24.5,37.5,163.12,-0.056,0,Pending ⏳,DIP_BUY trigger confirmed,27.3,57.9,72.0,RANGE,0.0,,,5.33,0.0,0.0,ACTIVE,0.0,0.0,0,1,1,0,0,5.4,0.0,0,0.0,0.0,,0.0,0.7772,0.7374,FINAL,555.2,2026-08-21T08:55:02.573767,5.4,0.0,65.2,555.2,,RS_LOW,,,,,LONG,"[""shadow_rs_low"", ""shadow_regime_bad""]",0,,,,,,RS<0,AI_40_60,,0,0,,,0,0,0
476,2026-08-20T23:30:55.775534+00:00,ROBOUSDT,BUY,DIP_BUY,0.01313,0.0137865,0.0150995,0.01286535,43.9,39.1,28.1,540.08,0.394,0,Pending ⏳,DIP_BUY trigger confirmed,26.3,57.9,72.0,RANGE,0.0,,,12.49,0.0,0.0,ACTIVE,0.0,0.0,0,1,1,0,0,12.72,-1.68,0,0.0,0.0,,0.0,0.0148,0.01291,FINAL,519.1,2026-08-21T08:55:02.577647,12.72,1.68,69.1,519.1,,RS_LOW,,,,,LONG,"[""shadow_rs_low"", ""shadow_regime_bad""]",0,,,,,,RS_0_0.5,AI_40_60,,0,0,,,0,0,0
477,2026-08-20T23:31:01.417498+00:00,VELVETUSDT,BUY,DIP_BUY,0.66908,0.702534,0.769442,0.6629685,53.0,15.6,44.0,12.52,-0.765,1,Pending ⏳,DIP_BUY trigger confirmed,46.6,57.9,72.0,RANGE,0.0,,,0.619,0.0,0.0,ACTIVE,0.0,0.0,0,0,0,0,0,0.6187600884797083,0.0,1,0.0,0.0,0.0,0.0,0.0,0.0,FINAL,0.0,2026-08-23T15:05:15.258778,0.6187600884797083,0.0,0.0,0.0,0.0,RS_LOW,0.678,0.677,0.0,,LONG,"[""shadow_rs_low"", ""shadow_regime_bad""]",0,,,,,,RS<0,AI_40_60,TIMEOUT,0,0,simulated_v8.6,,0,0,0
478,2026-08-20T23:52:29.120538+00:00,BOMEUSDT,BUY,DIP_BUY,0.0011689,0.00122735,0.00134424,0.0011335,34.0,18.5,26.5,5.44,1.571,0,Pending ⏳,DIP_BUY trigger confirmed,20.4,57.9,72.0,RANGE,0.0,,,-1.65,0.0,0.0,ACTIVE,0.0,0.0,0,1,0,0,1,2.96,-5.38,0,0.0,0.0,,0.0,0.0012035,0.001106,FINAL,77.5,2026-08-21T02:11:15.720579,2.96,5.38,2.5,,77.5,RS_OK,,,,,LONG,"[""shadow_rs_ok"", ""shadow_regime_bad""]",0,,,,,,RS>1,AI_20_40,,0,0,,,0,0,0
479,2026-08-20T23:52:43.142539+00:00,AVAXUSDT,BUY,DIP_BUY,7.294,7.6587,8.3881,7.147085,49.8,42.9,48.1,27.05,1.22,0,Pending ⏳,DIP_BUY trigger confirmed,29.9,57.9,72.0,RANGE,0.0,,,2.45,0.0,0.0,ACTIVE,0.0,0.0,0,1,1,0,0,5.53,-0.82,0,0.0,0.0,,0.0,7.697,7.234,FINAL,537.3,2026-08-21T09:26:52.544502,5.53,0.82,82.3,537.3,,RS_OK,,,,,LONG,"[""shadow_rs_ok"", ""shadow_regime_bad""]",0,,,,,,RS>1,AI_40_60,,0,0,,,0,0,0
480,2026-08-20T23:53:56.868188+00:00,BICOUSDT,BUY,DIP_BUY,0.0191,0.020055,0.021965,0.018706,49.0,49.7,58.8,111.19,0.563,0,Pending ⏳,DIP_BUY trigger confirmed,29.4,57.9,72.0,RANGE,0.0,,,3.14,0.0,0.0,ACTIVE,0.0,0.0,0,1,1,0,0,8.9,-1.05,0,0.0,0.0,,0.0,0.0208,0.0189,FINAL,51.1,2026-08-21T02:11:15.726963,8.9,1.05,51.1,51.1,,RS_OK,,,,,LONG,"[""shadow_rs_ok"", ""shadow_regime_bad""]",0,,,,,,RS_0.5_1,AI_40_60,,0,0,,,0,0,0
481,2026-08-21T00:28:34.604858+00:00,TRXUSDT,BUY,DIP_BUY,0.3386,0.35553,0.38939,0.335514,42.0,16.1,40.4,14.01,-0.837,0,Pending ⏳,DIP_BUY trigger confirmed,25.2,64.4,82.0,RANGE,0.0,,,1.861,0.0,0.0,ACTIVE,0.0,0.0,0,1,0,0,0,1.89013585351446,0.0,1,0.0,0.0,,0.0,0.3419,0.3381,FINAL,,2026-08-23T07:36:29.258802,1.89013585351446,0.0,421.4,,,RS_LOW,2.042,2.074,0.0,,LONG,"[""shadow_rs_low"", ""shadow_regime_bad"", ""shadow_hour_weak""]",0,,,,,,RS<0,AI_40_60,TIMEOUT,0,0,simulated_v8.4,,0,0,0
482,2026-08-21T00:29:11.626197+00:00,KIIUSDT,BUY,DIP_BUY,0.06501,0.0682605,0.0747615,0.0637994,37.4,28.6,46.8,76.13,-0.917,0,Pending ⏳,DIP_BUY trigger confirmed,22.4,64.4,82.0,RANGE,0.0,,,-1.74,0.0,0.0,ACTIVE,0.0,0.0,0,0,0,0,1,-0.03,-2.17,0,0.0,0.0,,0.0,0.06499,0.0636,FINAL,505.8,2026-08-21T09:26:52.550968,-0.03,2.17,,,505.8,RS_LOW,,,,,LONG,"[""shadow_rs_low"", ""shadow_regime_bad"", ""shadow_hour_weak""]",0,,,,,,RS<0,AI_20_40,,0,0,,,0,0,0
483,2026-08-21T04:04:15.326701+00:00,ETHUSDT,BUY,DIP_BUY,2349.55,2467.0275,2701.9825,2328.8771,36.6,12.4,48.0,24.25,-0.022,0,Pending ⏳,DIP_BUY trigger confirmed,22.0,55.4,82.0,RANGE,0.0,,,3.109,0.0,0.0,ACTIVE,0.0,0.0,0,1,0,0,1,3.6479325828350126,0.0,1,0.0,0.0,,0.0,2448.39,2355.4,FINAL,,2026-08-23T07:36:29.277300,3.6479325828350126,0.0,110.7,,,RS_LOW,3.533,4.146,0.0,,LONG,"[""shadow_rs_low"", ""shadow_regime_bad""]",0,,,,,,RS<0,AI_20_40,SL,0,0,simulated_v8.4,,0,0,0
484,2026-08-21T04:04:30.341684+00:00,TAOUSDT,BUY,DIP_BUY,217.36,228.228,249.964,215.1588,32.8,10.0,43.0,25.7,-0.319,0,Pending ⏳,DIP_BUY trigger confirmed,19.7,55.4,82.0,RANGE,0.0,,,5.36,0.0,0.0,ACTIVE,0.0,0.0,0,1,1,0,0,5.64,0.06,0,0.0,0.0,,0.0,229.62,217.5,FINAL,510.5,2026-08-21T12:48:02.345947,5.64,0.06,25.5,510.5,,RS_LOW,,,,,LONG,"[""shadow_rs_low"", ""shadow_regime_bad""]",0,,,,,,RS<0,AI_20_40,,0,0,,,0,0,0
485,2026-08-21T04:04:55.798491+00:00,AEONUSDT,BUY,DIP_BUY,0.0736,0.07728,0.08464,0.07244595,32.4,25.0,20.0,-10.25,0.489,1,Pending ⏳,DIP_BUY trigger confirmed,19.4,55.4,82.0,RANGE,0.0,,,-0.98,0.0,0.0,ACTIVE,0.0,0.0,0,1,0,0,1,3.93,-2.84,0,0.0,0.0,,0.0,0.07649,0.07151,FINAL,110.1,2026-08-21T06:27:41.393484,3.93,2.84,0.1,,110.1,RS_LOW,,,,,LONG,"[""shadow_rs_low"", ""shadow_regime_bad""]",0,,,,,,RS_0_0.5,AI_20_40,,0,0,,,0,0,0
486,2026-08-21T04:05:10.508231+00:00,CAPUSDT,BUY,DIP_BUY,0.064489,0.06771345,0.07416235,0.06305414,42.4,32.5,41.6,113.95,0.813,0,Pending ⏳,DIP_BUY trigger confirmed,25.4,55.4,82.0,RANGE,0.0,,,7.47,0.0,0.0,ACTIVE,0.0,0.0,0,1,1,0,0,7.55,0.23,0,0.0,0.0,,0.0,0.069356,0.064636,FINAL,279.8,2026-08-21T08:55:02.597774,7.55,0.23,4.8,279.8,,RS_OK,,,,,LONG,"[""shadow_rs_ok"", ""shadow_regime_bad""]",0,,,,,,RS_0.5_1,AI_40_60,,0,0,,,0,0,0
487,2026-08-21T04:05:27.294564+00:00,PORTALUSDT,BUY,DIP_BUY,0.01118,0.011739,0.012857,0.0110246,14.2,9.0,24.0,-12.78,-0.237,0,Pending ⏳,DIP_BUY trigger confirmed,8.5,55.4,82.0,RANGE,0.0,,,14.835,0.0,0.0,ACTIVE,0.0,0.0,0,1,1,1,1,19.85688729874776,0.0,1,0.0,0.0,,0.0,0.01148,0.01105,FINAL,,2026-08-23T07:36:29.282640,19.85688729874776,0.0,19.5,,,RS_LOW,10.673,14.286,0.0,,LONG,"[""shadow_rs_low"", ""shadow_regime_bad""]",0,,,,,,RS<0,AI_0_20,TP1,0,0,simulated_v8.4,,0,0,0
488,2026-08-21T04:51:22.207863+00:00,BCHUSDT,BUY,DIP_BUY,228.95,240.3975,263.2925,226.1038,19.3,19.7,22.6,2.12,-0.152,0,Pending ⏳,DIP_BUY trigger confirmed,11.6,59.9,82.0,RANGE,0.0,,,4.87,0.0,0.0,ACTIVE,0.0,0.0,0,1,1,0,0,5.41,-0.38,0,0.0,0.0,,0.0,241.34,228.08,FINAL,58.6,2026-08-21T05:56:19.954693,5.41,0.38,3.6,58.6,,RS_LOW,,,,,LONG,"[""shadow_rs_low"", ""shadow_regime_bad""]",0,,,,,,RS<0,AI_0_20,,0,0,,,0,0,0
489,2026-08-21T05:23:05.465314+00:00,ENSUSDT,BUY,VWAP_RECLAIM,4.68,4.8438,5.0544,4.63246993,36.1,22.9,34.6,43.39,0.071,0,Pending ⏳,VWAP_RECLAIM trigger confirmed,21.7,55.4,82.0,RANGE,0.0,,,3.95,0.0,0.0,ACTIVE,0.0,0.0,0,1,1,0,0,4.19,-0.3,0,0.0,0.0,,0.0,4.876,4.666,FINAL,131.9,2026-08-21T08:05:52.078030,4.19,0.3,11.9,131.9,,RS_LOW,,,,,LONG,"[""shadow_rs_low"", ""shadow_regime_bad""]",0,,,,,,RS_0_0.5,AI_20_40,,0,0,,,0,0,0
490,2026-08-21T05:54:35.606803+00:00,BNBUSDT,BUY,DIP_BUY,664.3,697.515,763.945,657.26914,16.2,27.9,20.3,-30.14,0.118,0,Pending ⏳,DIP_BUY trigger confirmed,9.7,55.4,82.0,RANGE,0.0,,,5.224,0.0,0.0,ACTIVE,0.0,0.0,0,1,1,0,1,5.631190727081141,0.0,1,0.0,0.0,,0.0,686.2,663.93,FINAL,,2026-08-23T07:36:29.294664,5.631190727081141,0.0,5.4,,,RS_LOW,4.936,5.32,0.0,,LONG,"[""shadow_rs_low"", ""shadow_regime_bad""]",0,,,,,,RS_0_0.5,AI_0_20,TP1,0,0,simulated_v8.4,,0,0,0
491,2026-08-21T06:27:24.910111+00:00,GRASSUSDT,BUY,DIP_BUY,0.3141,0.329805,0.361215,0.304271,17.5,21.6,25.4,-55.4,0.985,0,Pending ⏳,DIP_BUY trigger confirmed,10.5,55.4,82.0,RANGE,0.0,,,5.32,0.0,0.0,ACTIVE,0.0,0.0,0,1,1,0,0,5.32,-0.41,0,0.0,0.0,,0.0,0.3308,0.3128,FINAL,92.6,2026-08-21T08:05:52.083473,5.32,0.41,17.6,92.6,,RS_OK,,,,,LONG,"[""shadow_rs_ok"", ""shadow_regime_bad"", ""shadow_hour_weak""]",0,,,,,,RS_0.5_1,AI_0_20,,0,0,,,0,0,0
492,2026-08-21T07:24:43.033503+00:00,UNIUSDT,BUY,DIP_BUY,3.8908,4.08534,4.47442,3.8079645,18.3,21.0,26.5,1.96,-0.547,0,Pending ⏳,DIP_BUY trigger confirmed,11.0,59.9,82.0,RANGE,0.0,,,9.837,0.0,0.0,ACTIVE,0.0,0.0,0,1,1,0,1,12.44217127583017,0.0,1,0.0,0.0,,0.0,4.061,3.8384,FINAL,,2026-08-23T07:36:29.301639,12.44217127583017,0.0,0.3,,,RS_LOW,4.62,5.844,0.0,,LONG,"[""shadow_rs_low"", ""shadow_regime_bad""]",0,,,,,,RS<0,AI_0_20,TP1,0,0,simulated_v8.4,,0,0,0
493,2026-08-21T08:04:38.848943+00:00,PLUMEUSDT,BUY,DIP_BUY,0.014101,0.01480605,0.01621615,0.01388025,12.4,8.0,18.0,-66.27,-0.235,0,Pending ⏳,DIP_BUY trigger confirmed,7.4,55.4,82.0,RANGE,0.0,,,6.18,0.0,0.0,ACTIVE,0.0,0.0,0,1,1,0,0,6.3,-0.68,0,0.0,0.0,,0.0,0.014989,0.014005,FINAL,130.4,2026-08-21T10:39:06.816562,6.3,0.68,0.4,130.4,,RS_LOW,,,,,LONG,"[""shadow_rs_low"", ""shadow_regime_bad""]",0,,,,,,RS<0,AI_0_20,,0,0,,,0,0,0
494,2026-08-21T08:05:39.626365+00:00,ALLOUSDT,BUY,DIP_BUY,0.3062,0.32151,0.35213,0.3035745,21.8,25.3,15.4,-37.2,-0.429,0,Pending ⏳,DIP_BUY trigger confirmed,13.1,55.4,82.0,RANGE,0.0,,,-2.06,0.0,0.0,ACTIVE,0.0,0.0,0,1,0,0,1,1.01,-2.81,0,0.0,0.0,,0.0,0.3093,0.2976,FINAL,74.3,2026-08-21T09:26:52.573838,1.01,2.81,9.3,,74.3,RS_LOW,,,,,LONG,"[""shadow_rs_low"", ""shadow_regime_bad""]",0,,,,,,RS<0,AI_20_40,,0,0,,,0,0,0
495,2026-08-21T08:05:46.064205+00:00,STXUSDT,BUY,DIP_BUY,0.1593,0.167265,0.183195,0.1565135,37.8,31.4,63.3,16.15,-0.212,0,Pending ⏳,DIP_BUY trigger confirmed,22.7,55.4,82.0,RANGE,0.0,,,3.01,0.0,0.0,ACTIVE,0.0,0.0,0,1,1,0,0,5.15,-1.07,0,0.0,0.0,,0.0,0.1675,0.1576,FINAL,199.2,2026-08-21T11:37:00.294853,5.15,1.07,14.2,199.2,,RS_LOW,,,,,LONG,"[""shadow_rs_low"", ""shadow_regime_bad""]",0,,,,,,RS<0,AI_20_40,,0,0,,,0,0,0
496,2026-08-21T10:37:50.691656+00:00,PAXGUSDT,BUY,DIP_BUY,4581.48,4810.554,5268.702,4545.9759,15.2,21.0,22.9,-46.25,0.455,0,Pending ⏳,DIP_BUY trigger confirmed,9.1,55.4,82.0,RANGE,0.0,,,0.154,0.0,0.0,ACTIVE,0.0,0.0,0,1,0,0,1,0.17374298261697174,0.0,1,0.0,0.0,,0.0,4592.54,4555.15,FINAL,,2026-08-23T07:36:29.308486,0.17374298261697174,0.0,22.2,,,RS_LOW,0.199,0.224,0.0,,LONG,"[""shadow_rs_low"", ""shadow_regime_bad""]",0,,,,,,RS_0_0.5,AI_0_20,SL,0,0,simulated_v8.4,,0,0,0
497,2026-08-21T11:59:12.645980+00:00,PYTHUSDT,BUY,VWAP_RECLAIM,0.0485,0.0501975,0.05238,0.04795456,51.4,42.7,46.2,389.53,1.452,0,Pending ⏳,VWAP_RECLAIM trigger confirmed,45.2,46.4,82.0,RANGE,0.0,,,0.04,0.0,0.0,ACTIVE,0.0,0.0,0,0,0,0,1,0.04,-1.32,0,0.0,0.0,,0.0,0.04852,0.04786,FINAL,15.8,2026-08-21T12:48:02.357533,0.04,1.32,,,15.8,RS_OK,,,,,LONG,"[""shadow_rs_ok"", ""shadow_regime_bad"", ""shadow_hour_weak""]",0,,,,,,RS>1,AI_40_60,,0,0,,,0,0,0
498,2026-08-21T15:24:18.222154+00:00,EIGENUSDT,BUY,DIP_BUY,0.2175,0.228375,0.250125,0.214522,18.7,19.1,26.0,-22.2,-0.24,0,Pending ⏳,DIP_BUY trigger confirmed,11.2,55.4,82.0,RANGE,0.0,,,-1.369,0.0,0.0,ACTIVE,0.0,0.0,0,0,0,0,1,0.0,-3.6321839080459726,1,0.0,0.0,0.0,0.0,0.0,0.0,FINAL,0.0,2026-08-23T07:36:29.313442,0.0,3.6321839080459726,0.0,0.0,0.0,RS_LOW,-1.0,0.0,2.653,,LONG,"[""shadow_rs_low"", ""shadow_regime_bad""]",0,,,,,,RS<0,AI_0_20,SL,0,0,simulated_v8.4,,0,0,0
499,2026-08-21T15:55:29.764295+00:00,ACEUSDT,BUY,VWAP_RECLAIM,0.23251,0.24064785,0.2511108,0.22988478,30.0,26.0,37.6,-6.2,0.151,1,Pending ⏳,VWAP_RECLAIM trigger confirmed,18.0,55.4,82.0,RANGE,0.0,,,2.337,0.0,0.0,ACTIVE,0.0,0.0,0,0,0,0,1,2.6966582082491066,-0.2795578684787682,1,0.0,0.0,0.0,0.0,0.0,0.0,FINAL,0.0,2026-08-23T07:36:29.320184,2.6966582082491066,0.2795578684787682,0.0,0.0,0.0,RS_LOW,2.07,2.388,0.248,,LONG,"[""shadow_rs_low"", ""shadow_regime_bad""]",0,,,,,,RS_0_0.5,AI_20_40,SL,0,0,simulated_v8.4,,0,0,0
500,2026-08-21T16:23:40.775430+00:00,DOGEUSDT,BUY,VWAP_RECLAIM,0.08418,0.0871263,0.0909144,0.08310315,17.1,20.0,24.7,-9.1,0.619,0,Pending ⏳,VWAP_RECLAIM trigger confirmed,10.3,55.4,82.0,RANGE,0.0,,,9.174,0.0,0.0,ACTIVE,0.0,0.0,0,0,1,1,1,12.627702542171537,0.0,1,0.0,0.0,0.0,0.0,0.0,0.0,FINAL,0.0,2026-08-23T07:36:29.332239,12.627702542171537,0.0,0.0,0.0,0.0,RS_OK,7.172,9.872,0.0,,LONG,"[""shadow_rs_ok"", ""shadow_regime_bad""]",0,,,,,,RS_0.5_1,AI_0_20,TP1,0,0,simulated_v8.4,,0,0,0
501,2026-08-21T16:24:37.152841+00:00,ETCUSDT,BUY,DIP_BUY,7.4744,7.84812,8.59556,7.3987205,48.1,44.0,49.6,411.3,0.143,0,Pending ⏳,DIP_BUY trigger confirmed,28.9,55.4,82.0,RANGE,0.0,,,6.509,0.0,0.0,ACTIVE,0.0,0.0,0,0,1,0,1,7.389221877341321,0.0,1,0.0,0.0,0.0,0.0,0.0,0.0,FINAL,0.0,2026-08-23T07:36:29.343382,7.389221877341321,0.0,0.0,0.0,0.0,RS_LOW,6.429,7.298,0.0,,LONG,"[""shadow_rs_low"", ""shadow_regime_bad""]",0,,,,,,RS_0_0.5,AI_40_60,TP1,0,0,simulated_v8.4,,0,0,0
502,2026-08-21T17:00:05.583027+00:00,CAPUSDT,BUY,DIP_BUY,0.068481,0.07190505,0.07875315,0.06772965,20.9,18.1,15.7,1.2,0.161,0,Pending ⏳,DIP_BUY trigger confirmed,12.5,55.4,82.0,RANGE,0.0,,,2.246,0.0,0.0,ACTIVE,0.0,0.0,0,0,0,0,1,4.309224456418562,0.0,1,0.0,0.0,0.0,0.0,0.0,0.0,FINAL,0.0,2026-08-23T07:36:29.358630,4.309224456418562,0.0,0.0,0.0,0.0,RS_LOW,2.047,3.927,0.0,,LONG,"[""shadow_rs_low"", ""shadow_regime_bad""]",0,,,,,,RS_0_0.5,AI_20_40,SL,0,0,simulated_v8.4,,0,0,0
503,2026-08-21T17:32:17.673189+00:00,MANTRAUSDT,BUY,DIP_BUY,0.00481,0.0050505,0.0055315,0.00474615,39.8,26.8,42.3,83.19,0.147,0,Pending ⏳,DIP_BUY trigger confirmed,23.9,55.4,82.0,RANGE,0.0,,,-1.327,0.0,0.0,ACTIVE,0.0,0.0,0,0,0,0,1,0.0,-10.187110187110186,1,0.0,0.0,0.0,0.0,0.0,0.0,FINAL,0.0,2026-08-23T15:05:15.263628,0.0,10.187110187110186,0.0,0.0,0.0,RS_LOW,-1.0,0.0,7.674,,LONG,"[""shadow_rs_low"", ""shadow_regime_bad""]",0,,,,,,RS_0_0.5,AI_20_40,SL,0,0,simulated_v8.6,,0,0,0
504,2026-08-21T17:59:55.748035+00:00,AAVEUSDT,BUY,DIP_BUY,112.421,118.04205,129.28415,110.246,21.6,38.6,28.5,-16.59,0.765,0,Pending ⏳,DIP_BUY trigger confirmed,13.0,55.4,82.0,RANGE,0.0,,,10.766,0.0,0.0,ACTIVE,0.0,0.0,0,0,1,0,1,13.464566228729508,0.0,1,0.0,0.0,0.0,0.0,0.0,0.0,FINAL,0.0,2026-08-23T07:36:29.366966,13.464566228729508,0.0,0.0,0.0,0.0,RS_OK,5.565,6.96,0.0,,LONG,"[""shadow_rs_ok"", ""shadow_regime_bad""]",0,,,,,,RS_0.5_1,AI_20_40,TP1,0,0,simulated_v8.4,,0,0,0
505,2026-08-21T19:14:44.765013+00:00,LINKUSDT,BUY,DIP_BUY,11.6419,12.223995,13.388185,11.432948,39.2,23.3,45.3,19.98,0.402,0,Pending ⏳,DIP_BUY trigger confirmed,23.5,55.4,82.0,RANGE,0.0,,,0.039,0.0,0.0,ACTIVE,0.0,0.0,0,0,0,0,1,0.8959018716876136,-0.5944046933919753,1,0.0,0.0,0.0,0.0,0.0,0.0,FINAL,0.0,2026-08-23T07:36:29.379097,0.8959018716876136,0.5944046933919753,0.0,0.0,0.0,RS_LOW,0.022,0.499,0.331,,LONG,"[""shadow_rs_low"", ""shadow_regime_bad"", ""shadow_hour_weak""]",0,,,,,,RS_0_0.5,AI_20_40,SL,0,0,simulated_v8.4,,0,0,0
506,2026-08-21T19:41:10.180700+00:00,RSRUSDT,BUY,DIP_BUY,0.001508,0.0015834,0.0017342,0.0014726,22.8,20.0,20.9,-16.08,1.025,0,Pending ⏳,DIP_BUY trigger confirmed,13.7,55.4,82.0,RANGE,0.0,,,-2.347,0.0,0.0,ACTIVE,0.0,0.0,0,0,0,0,1,0.0,-6.366047745358086,1,0.0,0.0,0.0,0.0,0.0,0.0,FINAL,0.0,2026-08-23T10:31:20.943800,0.0,6.366047745358086,0.0,0.0,0.0,RS_OK,-1.0,0.0,2.712,,LONG,"[""shadow_rs_ok"", ""shadow_regime_bad"", ""shadow_hour_weak""]",0,,,,,,RS>1,AI_20_40,SL,0,0,simulated_v8.6,,0,0,0
507,2026-08-21T20:20:53.318316+00:00,ONTUSDT,BUY,VWAP_RECLAIM,0.04876,0.0504666,0.0526608,0.04824623,52.1,21.3,31.1,16.94,1.539,0,Pending ⏳,VWAP_RECLAIM trigger confirmed,45.8,59.9,82.0,RANGE,0.0,,,-1.054,0.0,0.0,ACTIVE,0.0,0.0,0,0,0,0,1,0.0,-4.224774405250204,1,0.0,0.0,0.0,0.0,0.0,0.0,FINAL,0.0,2026-08-23T15:05:15.268362,0.0,4.224774405250204,0.0,0.0,0.0,RS_OK,-1.0,0.0,4.009,,LONG,"[""shadow_rs_ok"", ""shadow_regime_bad""]",0,,,,,,RS>1,AI_40_60,SL,0,0,simulated_v8.6,,0,0,0
508,2026-08-21T20:21:20.593263+00:00,PYTHUSDT,BUY,DIP_BUY,0.04741,0.0497805,0.0545215,0.04661575,24.8,18.0,18.4,-47.24,0.683,0,Pending ⏳,DIP_BUY trigger confirmed,14.9,59.9,82.0,RANGE,0.0,,,10.229,0.0,0.0,ACTIVE,0.0,0.0,0,0,1,0,1,12.423539337692468,0.0,1,0.0,0.0,0.0,0.0,0.0,0.0,FINAL,0.0,2026-08-23T07:36:29.392542,12.423539337692468,0.0,0.0,0.0,0.0,RS_OK,6.106,7.416,0.0,,LONG,"[""shadow_rs_ok"", ""shadow_regime_bad""]",0,,,,,,RS_0.5_1,AI_20_40,TP1,0,0,simulated_v8.4,,0,0,0
509,2026-08-21T20:21:34.853613+00:00,GRAMUSDT,BUY,DIP_BUY,1.473,1.54665,1.69395,1.447725,17.2,28.7,21.4,-16.79,0.309,0,Pending ⏳,DIP_BUY trigger confirmed,10.3,59.9,82.0,RANGE,0.0,,,-1.716,0.0,0.0,ACTIVE,0.0,0.0,0,0,0,0,1,0.0,-2.4439918533604907,1,0.0,0.0,0.0,0.0,0.0,0.0,FINAL,0.0,2026-08-23T07:36:29.397666,0.0,2.4439918533604907,0.0,0.0,0.0,RS_LOW,-1.0,0.0,1.424,,LONG,"[""shadow_rs_low"", ""shadow_regime_bad""]",0,,,,,,RS_0_0.5,AI_0_20,SL,0,0,simulated_v8.4,,0,0,0
510,2026-08-21T20:46:18.824756+00:00,ATOMUSDT,BUY,DIP_BUY,1.5613,1.639365,1.795495,1.5341905,21.7,39.4,22.5,-45.76,0.443,0,Pending ⏳,DIP_BUY trigger confirmed,13.0,59.9,82.0,RANGE,0.0,,,1.001,0.0,0.0,ACTIVE,0.0,0.0,0,0,0,0,1,1.6908986101325807,0.0,1,0.0,0.0,0.0,0.0,0.0,0.0,FINAL,0.0,2026-08-23T07:36:29.410331,1.6908986101325807,0.0,0.0,0.0,0.0,RS_LOW,0.577,0.974,0.0,,LONG,"[""shadow_rs_low"", ""shadow_regime_bad""]",0,,,,,,RS_0_0.5,AI_20_40,SL,0,0,simulated_v8.4,,0,0,0
511,2026-08-21T21:04:34.862230+00:00,SUIUSDT,BUY,DIP_BUY,0.8168,0.85764,0.93932,0.80396,15.6,23.0,23.1,-55.22,0.39,0,Pending ⏳,DIP_BUY trigger confirmed,9.4,55.4,82.0,RANGE,0.0,,,0.607,0.0,0.0,ACTIVE,0.0,0.0,0,0,0,0,1,1.971106758080314,-1.1263467189030347,1,0.0,0.0,0.0,0.0,0.0,0.0,FINAL,0.0,2026-08-23T07:36:29.422709,1.971106758080314,1.1263467189030347,0.0,0.0,0.0,RS_LOW,0.386,1.254,0.717,,LONG,"[""shadow_rs_low"", ""shadow_regime_bad"", ""shadow_hour_weak""]",0,,,,,,RS_0_0.5,AI_0_20,SL,0,0,simulated_v8.4,,0,0,0
512,2026-08-21T21:04:40.753967+00:00,AVAXUSDT,BUY,DIP_BUY,7.641,8.02305,8.78715,7.53215,19.3,43.0,37.3,-6.46,0.15,0,Pending ⏳,DIP_BUY trigger confirmed,11.6,55.4,82.0,RANGE,0.0,,,-1.425,0.0,0.0,ACTIVE,0.0,0.0,0,0,0,0,1,0.0,-2.211752388430828,1,0.0,0.0,0.0,0.0,0.0,0.0,FINAL,0.0,2026-08-23T07:36:29.427816,0.0,2.211752388430828,0.0,0.0,0.0,RS_LOW,-1.0,0.0,1.553,,LONG,"[""shadow_rs_low"", ""shadow_regime_bad"", ""shadow_hour_weak""]",0,,,,,,RS_0_0.5,AI_0_20,SL,0,0,simulated_v8.4,,0,0,0
513,2026-08-21T21:04:51.461766+00:00,ONDOUSDT,BUY,DIP_BUY,0.38767,0.4070535,0.4458205,0.38113475,49.9,44.9,39.0,503.72,0.506,0,Pending ⏳,DIP_BUY trigger confirmed,29.9,55.4,82.0,RANGE,0.0,,,-1.686,0.0,0.0,ACTIVE,0.0,0.0,0,0,0,0,1,0.0,-5.272525601671528,1,0.0,0.0,0.0,0.0,0.0,0.0,FINAL,0.0,2026-08-23T07:36:29.432763,0.0,5.272525601671528,0.0,0.0,0.0,RS_OK,-1.0,0.0,3.128,,LONG,"[""shadow_rs_ok"", ""shadow_regime_bad"", ""shadow_hour_weak""]",0,,,,,,RS_0.5_1,AI_40_60,SL,0,0,simulated_v8.4,,0,0,0
514,2026-08-21T21:57:15.546662+00:00,JUPUSDT,BUY,DIP_BUY,0.2112,0.22176,0.24288,0.209149,35.9,15.0,28.0,-33.15,-1.12,1,Pending ⏳,DIP_BUY trigger confirmed,21.5,64.4,82.0,RANGE,0.0,,,-0.971,0.0,0.0,ACTIVE,0.0,0.0,0,0,0,0,1,0.0,-3.409090909090915,1,0.0,0.0,0.0,0.0,0.0,0.0,FINAL,0.0,2026-08-23T07:36:29.437722,0.0,3.409090909090915,0.0,0.0,0.0,RS_LOW,-1.0,0.0,3.511,,LONG,"[""shadow_rs_low"", ""shadow_regime_bad"", ""shadow_hour_weak""]",0,,,,,,RS<0,AI_20_40,SL,0,0,simulated_v8.4,,0,0,0
515,2026-08-21T21:57:17.749105+00:00,BBUSDT,BUY,DIP_BUY,0.01088,0.011424,0.012512,0.01067635,45.0,27.4,25.0,372.27,-0.664,0,Pending ⏳,DIP_BUY trigger confirmed,27.0,64.4,82.0,RANGE,0.0,,,-1.872,0.0,0.0,ACTIVE,0.0,0.0,0,0,0,0,1,0.0,-11.029411764705895,1,0.0,0.0,0.0,0.0,0.0,0.0,FINAL,0.0,2026-08-23T15:05:15.273001,0.0,11.029411764705895,0.0,0.0,0.0,RS_LOW,-1.0,0.0,5.892,,LONG,"[""shadow_rs_low"", ""shadow_regime_bad"", ""shadow_hour_weak""]",0,,,,,,RS<0,AI_40_60,SL,0,0,simulated_v8.6,,0,0,0
516,2026-08-21T22:19:07.063339+00:00,TRUMPUSDT,BUY,DIP_BUY,1.835,1.92675,2.11025,1.79498,35.7,31.2,40.9,4.68,0.405,0,Pending ⏳,DIP_BUY trigger confirmed,21.4,55.4,82.0,RANGE,0.0,,,21.909,0.0,0.0,ACTIVE,0.0,0.0,0,0,1,1,1,31.825613079019078,0.0,1,0.0,0.0,0.0,0.0,0.0,0.0,FINAL,0.0,2026-08-23T07:36:29.443566,31.825613079019078,0.0,0.0,0.0,0.0,RS_LOW,10.046,14.593,0.0,,LONG,"[""shadow_rs_low"", ""shadow_regime_bad""]",0,,,,,,RS_0_0.5,AI_20_40,TP1,0,0,simulated_v8.4,,0,0,0
517,2026-08-21T22:20:14.896968+00:00,PLUMEUSDT,BUY,DIP_BUY,0.014924,0.0156702,0.0171626,0.01471406,64.6,74.2,63.2,524.95,0.498,1,Pending ⏳,DIP_BUY trigger confirmed,56.8,55.4,82.0,RANGE,0.0,,,-1.407,0.0,0.0,ACTIVE,0.0,0.0,0,0,0,0,1,0.0,-13.88367729831144,1,0.0,0.0,0.0,0.0,0.0,0.0,FINAL,0.0,2026-08-23T15:05:15.277597,0.0,13.88367729831144,0.0,0.0,0.0,RS_LOW,-1.0,0.0,9.87,,LONG,"[""shadow_rs_low"", ""shadow_regime_bad""]",0,,,,,,RS_0_0.5,AI_60_80,SL,0,0,simulated_v8.6,,0,0,0
518,2026-08-21T22:48:29.543768+00:00,APEUSDT,BUY,DIP_BUY,0.1427,0.149835,0.164105,0.140096,20.6,23.8,27.6,-20.91,0.929,0,Pending ⏳,DIP_BUY trigger confirmed,12.4,55.4,82.0,RANGE,0.0,,,0.841,0.0,0.0,ACTIVE,0.0,0.0,0,0,0,0,1,1.261387526278904,-0.35038542396636335,1,0.0,0.0,0.0,0.0,0.0,0.0,FINAL,0.0,2026-08-23T15:05:15.289871,1.261387526278904,0.35038542396636335,0.0,0.0,0.0,RS_OK,0.461,0.691,0.192,,LONG,"[""shadow_rs_ok"", ""shadow_regime_bad""]",0,,,,,,RS_0.5_1,AI_20_40,SL,0,0,simulated_v8.6,,0,0,0
519,2026-08-21T23:04:47.847325+00:00,LITUSDT,BUY,DIP_BUY,3.092,3.2466,3.5558,3.05664,17.0,21.0,27.4,-51.72,0.196,0,Pending ⏳,DIP_BUY trigger confirmed,10.2,55.4,82.0,RANGE,0.0,,,5.124,0.0,0.0,ACTIVE,0.0,0.0,0,0,1,0,1,6.306597671410086,0.0,1,0.0,0.0,0.0,0.0,0.0,0.0,FINAL,0.0,2026-08-23T07:36:29.452276,6.306597671410086,0.0,0.0,0.0,0.0,RS_LOW,4.481,5.515,0.0,,LONG,"[""shadow_rs_low"", ""shadow_regime_bad""]",0,,,,,,RS_0_0.5,AI_0_20,TP1,0,0,simulated_v8.4,,0,0,0
520,2026-08-21T23:05:19.934701+00:00,JTOUSDT,BUY,DIP_BUY,0.647,0.67935,0.74405,0.63481,31.2,30.4,36.6,-79.37,0.221,1,Pending ⏳,DIP_BUY trigger confirmed,18.7,55.4,82.0,RANGE,0.0,,,-1.884,0.0,0.0,ACTIVE,0.0,0.0,0,0,0,0,1,0.0,-12.673879443585792,1,0.0,0.0,0.0,0.0,0.0,0.0,FINAL,0.0,2026-08-23T15:05:15.294554,0.0,12.673879443585792,0.0,0.0,0.0,RS_LOW,-1.0,0.0,6.727,,LONG,"[""shadow_rs_low"", ""shadow_regime_bad""]",0,,,,,,RS_0_0.5,AI_20_40,SL,0,0,simulated_v8.6,,0,0,0
521,2026-08-21T23:34:13.217290+00:00,FILUSDT,BUY,DIP_BUY,0.8168,0.85764,0.93932,0.80794,41.1,42.6,50.3,116.9,0.243,0,Pending ⏳,DIP_BUY trigger confirmed,24.7,55.4,82.0,RANGE,0.0,,,-1.085,0.0,0.0,ACTIVE,0.0,0.0,0,0,0,0,1,0.0,-9.500489715964742,1,0.0,0.0,0.0,0.0,0.0,0.0,FINAL,0.0,2026-08-23T07:36:29.456960,0.0,9.500489715964742,0.0,0.0,0.0,RS_LOW,-1.0,0.0,8.759,,LONG,"[""shadow_rs_low"", ""shadow_regime_bad""]",0,,,,,,RS_0_0.5,AI_40_60,SL,0,0,simulated_v8.4,,0,0,0
522,2026-08-21T23:34:57.598638+00:00,DOSUSDT,BUY,DIP_BUY,0.2508,0.26334,0.28842,0.2458645,18.5,21.9,20.6,-5.65,0.814,0,Pending ⏳,DIP_BUY trigger confirmed,11.1,55.4,82.0,RANGE,0.0,,,-1.968,0.0,0.0,ACTIVE,0.0,0.0,0,0,0,0,1,0.0,-7.2567783094098965,1,0.0,0.0,0.0,0.0,0.0,0.0,FINAL,0.0,2026-08-23T07:36:29.461816,0.0,7.2567783094098965,0.0,0.0,0.0,RS_OK,-1.0,0.0,3.688,,LONG,"[""shadow_rs_ok"", ""shadow_regime_bad""]",0,,,,,,RS_0.5_1,AI_0_20,SL,0,0,simulated_v8.4,,0,0,0
523,2026-08-21T23:55:25.878398+00:00,POLUSDT,BUY,DIP_BUY,0.0954,0.10017,0.10971,0.094326,46.2,20.9,46.0,34.98,1.374,0,Pending ⏳,DIP_BUY trigger confirmed,27.7,55.4,82.0,RANGE,0.0,,,10.565,0.0,0.0,ACTIVE,0.0,0.0,0,0,1,0,1,13.626834381551362,0.0,1,0.0,0.0,0.0,0.0,0.0,0.0,FINAL,0.0,2026-08-23T07:36:29.468670,13.626834381551362,0.0,0.0,0.0,0.0,RS_OK,9.384,12.104,0.0,,LONG,"[""shadow_rs_ok"", ""shadow_regime_bad""]",0,,,,,,RS>1,AI_40_60,TP1,0,0,simulated_v8.4,,0,0,0
524,2026-08-22T00:38:59.221036+00:00,ETHFIUSDT,BUY,DIP_BUY,0.6083,0.638715,0.699545,0.593219,22.8,18.0,21.1,-10.85,1.531,0,Pending ⏳,DIP_BUY trigger confirmed,13.7,55.2,81.0,RANGE,0.0,,,-2.479,0.0,0.0,ACTIVE,0.0,0.0,0,0,0,0,1,0.0,-4.849580798947883,1,0.0,0.0,0.0,0.0,0.0,0.0,FINAL,0.0,2026-08-23T07:36:29.473516,0.0,4.849580798947883,0.0,0.0,0.0,RS_OK,-1.0,0.0,1.956,,LONG,"[""shadow_rs_ok"", ""shadow_regime_bad"", ""shadow_hour_weak""]",0,,,,,,RS>1,AI_20_40,SL,0,0,simulated_v8.4,,0,0,0
525,2026-08-22T00:39:38.937336+00:00,KIIUSDT,BUY,DIP_BUY,0.06653,0.0698565,0.0765095,0.0655705,14.2,18.0,16.6,-21.47,0.785,0,Pending ⏳,DIP_BUY trigger confirmed,8.5,55.2,81.0,RANGE,0.0,,,-1.442,0.0,0.0,ACTIVE,0.0,0.0,0,0,0,0,1,0.0,-82.98511949496469,1,0.0,0.0,0.0,0.0,0.0,0.0,FINAL,0.0,2026-08-23T07:36:29.478470,0.0,82.98511949496469,0.0,0.0,0.0,RS_OK,-1.0,0.0,57.541,,LONG,"[""shadow_rs_ok"", ""shadow_regime_bad"", ""shadow_hour_weak""]",0,,,,,,RS_0.5_1,AI_0_20,SL,0,0,simulated_v8.4,,0,0,0
526,2026-08-22T02:05:50.422181+00:00,BTCUSDT,BUY,DIP_BUY,78023.1,81924.255,89726.565,77408.612,38.4,15.6,43.0,73.97,0.0,0,Pending ⏳,DIP_BUY trigger confirmed,23.0,55.2,81.0,RANGE,0.0,,,-0.788,0.0,0.0,ACTIVE,0.0,0.0,0,0,0,0,1,0.0,-1.3631860308037052,1,0.0,0.0,0.0,0.0,0.0,0.0,FINAL,0.0,2026-08-23T07:36:29.483314,0.0,1.3631860308037052,0.0,0.0,0.0,RS_LOW,-1.001,0.0,1.731,,LONG,"[""shadow_rs_low"", ""shadow_regime_bad""]",0,,,,,,RS_0_0.5,AI_20_40,SL,0,0,simulated_v8.4,,0,0,0
527,2026-08-22T08:02:16.149626+00:00,SUSDT,BUY,DIP_BUY,0.02959,0.0310695,0.0340285,0.02928285,39.3,35.2,40.8,247.04,0.391,0,Pending ⏳,DIP_BUY trigger confirmed,23.6,55.2,81.0,RANGE,0.0,,,-1.038,0.0,0.0,ACTIVE,0.0,0.0,0,0,0,0,1,0.0,-8.448800270361616,1,0.0,0.0,0.0,0.0,0.0,0.0,FINAL,0.0,2026-08-23T07:36:29.488159,0.0,8.448800270361616,0.0,0.0,0.0,RS_LOW,-1.0,0.0,8.139,,LONG,"[""shadow_rs_low"", ""shadow_regime_bad""]",0,,,,,,RS_0_0.5,AI_20_40,SL,0,0,simulated_v8.4,,0,0,0
528,2026-08-22T09:04:39.349357+00:00,RAINUSDT,BUY,DIP_BUY,0.014251,0.01496355,0.01638865,0.01417676,52.9,29.4,48.2,12.69,0.095,1,Pending ⏳,DIP_BUY trigger confirmed,46.6,55.2,81.0,RANGE,0.0,,,-0.521,0.0,0.0,ACTIVE,0.0,0.0,0,0,0,0,1,0.0,-2.919093396954598,1,0.0,0.0,0.0,0.0,0.0,0.0,FINAL,0.0,2026-08-23T07:36:29.493024,0.0,2.919093396954598,0.0,0.0,0.0,RS_LOW,-1.0,0.0,5.604,,LONG,"[""shadow_rs_low"", ""shadow_regime_bad"", ""shadow_hour_weak""]",0,,,,,,RS_0_0.5,AI_40_60,SL,0,0,simulated_v8.4,,0,0,0
529,2026-08-22T11:29:37.210391+00:00,BCHUSDT,BUY,DIP_BUY,276.53,290.3565,318.0095,272.8489,30.0,27.0,25.4,-15.73,0.187,1,Pending ⏳,DIP_BUY trigger confirmed,18.0,55.2,81.0,RANGE,0.0,,,0.415,0.0,0.0,ACTIVE,0.0,0.0,0,0,0,0,1,1.3126966332766978,-1.204209308212485,1,0.0,0.0,0.0,0.0,0.0,0.0,FINAL,0.0,2026-08-23T07:36:29.514304,1.3126966332766978,1.204209308212485,0.0,0.0,0.0,RS_LOW,0.312,0.986,0.905,,LONG,"[""shadow_rs_low"", ""shadow_regime_bad"", ""shadow_hour_weak""]",0,,,,,,RS_0_0.5,AI_20_40,SL,0,0,simulated_v8.4,,0,0,0
530,2026-08-22T11:29:45.117793+00:00,SOLUSDT,BUY,DIP_BUY,93.03,97.6815,106.9845,92.137,52.8,29.4,50.4,20.72,0.149,1,Pending ⏳,DIP_BUY trigger confirmed,46.5,55.2,81.0,RANGE,0.0,,,3.258,0.0,0.0,ACTIVE,0.0,0.0,0,0,0,0,1,4.568418789637752,0.0,1,0.0,0.0,0.0,0.0,0.0,0.0,FINAL,0.0,2026-08-23T07:36:29.522470,4.568418789637752,0.0,0.0,0.0,0.0,RS_LOW,3.394,4.759,0.0,,LONG,"[""shadow_rs_low"", ""shadow_regime_bad"", ""shadow_hour_weak""]",0,,,,,,RS_0_0.5,AI_40_60,SL,0,0,simulated_v8.4,,0,0,0
531,2026-08-22T11:30:19.960818+00:00,BOMEUSDT,BUY,DIP_BUY,0.0011404,0.00119742,0.00131146,0.00111739,23.9,21.0,22.1,-43.05,0.533,0,Pending ⏳,DIP_BUY trigger confirmed,14.3,55.2,81.0,RANGE,0.0,,,2.986,0.0,0.0,ACTIVE,0.0,0.0,0,0,0,0,1,4.787793756576652,0.0,1,0.0,0.0,0.0,0.0,0.0,0.0,FINAL,0.0,2026-08-23T07:36:29.529486,4.787793756576652,0.0,0.0,0.0,0.0,RS_OK,1.48,2.373,0.0,,LONG,"[""shadow_rs_ok"", ""shadow_regime_bad"", ""shadow_hour_weak""]",0,,,,,,RS_0.5_1,AI_20_40,SL,0,0,simulated_v8.4,,0,0,0
532,2026-08-22T11:48:46.325249+00:00,ZORAUSDT,BUY,DIP_BUY,0.006408,0.0067284,0.0073692,0.00627148,49.0,33.5,34.4,210.06,0.665,0,Pending ⏳,DIP_BUY trigger confirmed,29.4,55.2,81.0,RANGE,0.0,,,-2.13,0.0,0.0,ACTIVE,0.0,0.0,0,0,0,0,1,0.0,-5.664794007490631,1,0.0,0.0,0.0,0.0,0.0,0.0,FINAL,0.0,2026-08-23T13:48:15.603327,0.0,5.664794007490631,0.0,0.0,0.0,RS_OK,-1.0,0.0,2.659,,LONG,"[""shadow_rs_ok"", ""shadow_regime_bad"", ""shadow_hour_weak""]",0,,,,,,RS_0.5_1,AI_40_60,SL,0,0,simulated_v8.6,,0,0,0
533,2026-08-22T11:48:47.469059+00:00,ROBOUSDT,BUY,VWAP_RECLAIM,0.01458,0.0150903,0.0157464,0.01436956,10.5,8.9,17.2,-77.89,-0.011,0,Pending ⏳,VWAP_RECLAIM trigger confirmed,6.3,55.2,81.0,RANGE,0.0,,,-1.443,0.0,0.0,ACTIVE,0.0,0.0,0,0,0,0,1,0.0,-4.8010973936899815,1,0.0,0.0,0.0,0.0,0.0,0.0,FINAL,0.0,2026-08-23T15:05:15.299193,0.0,4.8010973936899815,0.0,0.0,0.0,RS_LOW,-1.0,0.0,3.326,,LONG,"[""shadow_rs_low"", ""shadow_regime_bad"", ""shadow_hour_weak""]",0,,,,,,RS<0,AI_0_20,SL,0,0,simulated_v8.6,,0,0,0
534,2026-08-22T11:48:58.590285+00:00,DEXEUSDT,BUY,DIP_BUY,1.9202,2.01621,2.20823,1.8852265,55.7,36.9,38.5,172.21,0.507,1,Pending ⏳,DIP_BUY trigger confirmed,49.0,55.2,81.0,RANGE,0.0,,,-1.821,0.0,0.0,ACTIVE,0.0,0.0,0,0,0,0,1,0.0,-3.0048953234038054,1,0.0,0.0,0.0,0.0,0.0,0.0,FINAL,0.0,2026-08-23T15:05:15.303791,0.0,3.0048953234038054,0.0,0.0,0.0,RS_OK,-1.0,0.0,1.65,,LONG,"[""shadow_rs_ok"", ""shadow_regime_bad"", ""shadow_hour_weak""]",0,,,,,,RS_0.5_1,AI_40_60,SL,0,0,simulated_v8.6,,0,0,0
535,2026-08-22T12:03:36.044818+00:00,ENSUSDT,BUY,DIP_BUY,5.641,5.92305,6.48715,5.54016,38.2,33.6,36.8,134.62,0.359,0,Pending ⏳,DIP_BUY trigger confirmed,22.9,55.2,81.0,RANGE,0.0,,,4.581,0.0,0.0,ACTIVE,0.0,0.0,0,0,1,0,1,5.424570111682327,-0.5140932458783889,1,0.0,0.0,0.0,0.0,0.0,0.0,FINAL,0.0,2026-08-23T07:36:29.541816,5.424570111682327,0.5140932458783889,0.0,0.0,0.0,RS_LOW,2.563,3.035,0.288,,LONG,"[""shadow_rs_low"", ""shadow_regime_bad""]",0,,,,,,RS_0_0.5,AI_20_40,TP1,0,0,simulated_v8.4,,0,0,0
536,2026-08-22T12:03:54.642403+00:00,STXUSDT,BUY,DIP_BUY,0.1963,0.206115,0.225745,0.19104,43.0,37.9,48.4,245.31,0.251,0,Pending ⏳,DIP_BUY trigger confirmed,25.8,55.2,81.0,RANGE,0.0,,,10.134,0.0,0.0,ACTIVE,0.0,0.0,0,0,1,0,1,14.212939378502295,0.0,1,0.0,0.0,0.0,0.0,0.0,0.0,FINAL,0.0,2026-08-23T07:36:29.548740,14.212939378502295,0.0,0.0,0.0,0.0,RS_LOW,3.782,5.304,0.0,,LONG,"[""shadow_rs_low"", ""shadow_regime_bad""]",0,,,,,,RS_0_0.5,AI_40_60,TP1,0,0,simulated_v8.4,,0,0,0
537,2026-08-22T12:04:07.578958+00:00,ZENUSDT,BUY,DIP_BUY,5.195,5.45475,5.97425,5.073505,63.5,45.0,49.5,197.77,0.016,1,Pending ⏳,DIP_BUY trigger confirmed,55.9,55.2,81.0,RANGE,0.0,,,3.469,0.0,0.0,ACTIVE,0.0,0.0,0,0,0,0,1,4.677574590952828,0.0,1,0.0,0.0,0.0,0.0,0.0,0.0,FINAL,0.0,2026-08-23T07:36:29.556652,4.677574590952828,0.0,0.0,0.0,0.0,RS_LOW,1.483,2.0,0.0,,LONG,"[""shadow_rs_low"", ""shadow_regime_bad""]",0,,,,,,RS_0_0.5,AI_60_80,SL,0,0,simulated_v8.4,,0,0,0
538,2026-08-22T12:04:30.197072+00:00,GRTUSDT,BUY,DIP_BUY,0.01688,0.017724,0.019412,0.01644735,62.7,41.6,52.6,1257.47,-0.039,1,Pending ⏳,DIP_BUY trigger confirmed,55.2,55.2,81.0,RANGE,0.0,,,-2.563,0.0,0.0,ACTIVE,0.0,0.0,0,0,0,0,1,0.0,-7.582938388625592,1,0.0,0.0,0.0,0.0,0.0,0.0,FINAL,0.0,2026-08-23T15:05:15.308434,0.0,7.582938388625592,0.0,0.0,0.0,RS_LOW,-1.0,0.0,2.959,,LONG,"[""shadow_rs_low"", ""shadow_regime_bad""]",0,,,,,,RS<0,AI_60_80,SL,0,0,simulated_v8.6,,0,0,0
539,2026-08-22T13:28:45.642679+00:00,GRASSUSDT,BUY,DIP_BUY,0.3041,0.319305,0.349715,0.2987985,45.2,23.8,38.9,17.08,0.534,0,Pending ⏳,DIP_BUY trigger confirmed,27.1,55.2,81.0,RANGE,0.0,,,-1.743,0.0,0.0,ACTIVE,0.0,0.0,0,0,0,0,1,0.0,-2.0059191055573806,1,0.0,0.0,0.0,0.0,0.0,0.0,FINAL,0.0,2026-08-23T07:36:29.562015,0.0,2.0059191055573806,0.0,0.0,0.0,RS_OK,-1.0,0.0,1.151,,LONG,"[""shadow_rs_ok"", ""shadow_regime_bad"", ""shadow_hour_weak""]",0,,,,,,RS_0.5_1,AI_40_60,SL,0,0,simulated_v8.4,,0,0,0
540,2026-08-22T13:53:44.078571+00:00,SEIUSDT,BUY,DIP_BUY,0.04747,0.0498435,0.0545905,0.04677495,18.3,22.2,20.8,-5.92,0.746,0,Pending ⏳,DIP_BUY trigger confirmed,11.0,55.2,81.0,RANGE,0.0,,,-1.464,0.0,0.0,ACTIVE,0.0,0.0,0,0,0,0,1,0.0,-2.0012639561828514,1,0.0,0.0,0.0,0.0,0.0,0.0,FINAL,0.0,2026-08-23T10:31:20.950345,0.0,2.0012639561828514,0.0,0.0,0.0,RS_OK,-1.0,0.0,1.367,,LONG,"[""shadow_rs_ok"", ""shadow_regime_bad"", ""shadow_hour_weak""]",0,,,,,,RS_0.5_1,AI_0_20,SL,0,0,simulated_v8.6,,0,0,0
541,2026-08-22T14:38:18.062914+00:00,TRBUSDT,BUY,DIP_BUY,18.229,19.14045,20.96335,17.73289,49.0,44.8,46.0,305.56,0.39,0,Pending ⏳,DIP_BUY trigger confirmed,29.4,55.2,81.0,RANGE,0.0,,,3.018,0.0,0.0,ACTIVE,0.0,0.0,0,0,0,0,1,4.498326841845413,0.0,1,0.0,0.0,0.0,0.0,0.0,0.0,FINAL,0.0,2026-08-23T07:36:29.579768,4.498326841845413,0.0,0.0,0.0,0.0,RS_LOW,1.109,1.653,0.0,,LONG,"[""shadow_rs_low"", ""shadow_regime_bad""]",0,,,,,,RS_0_0.5,AI_40_60,SL,0,0,simulated_v8.4,,0,0,0
542,2026-08-22T16:16:22.084921+00:00,FETUSDT,BUY,DIP_BUY,0.1608,0.16884,0.18492,0.158603,15.0,20.0,17.0,-42.0,0.489,0,Pending ⏳,DIP_BUY trigger confirmed,9.0,55.2,81.0,RANGE,0.0,,,0.275,0.0,0.0,ACTIVE,0.0,0.0,0,0,0,0,1,1.7412935323383065,-0.37313432835820237,1,0.0,0.0,0.0,0.0,0.0,0.0,FINAL,0.0,2026-08-23T07:36:29.591887,1.7412935323383065,0.37313432835820237,0.0,0.0,0.0,RS_LOW,0.201,1.274,0.273,,LONG,"[""shadow_rs_low"", ""shadow_regime_bad""]",0,,,,,,RS_0_0.5,AI_0_20,SL,0,0,simulated_v8.4,,0,0,0
543,2026-08-22T16:44:51.801695+00:00,NEARUSDT,BUY,DIP_BUY,1.9111,2.006655,2.197765,1.849904,32.8,43.0,45.9,-5.89,1.787,0,Pending ⏳,DIP_BUY trigger confirmed,19.7,59.7,81.0,RANGE,0.0,,,-0.655,0.0,0.0,ACTIVE,0.0,0.0,0,0,0,0,1,0.7848882842342055,-2.255245670032961,1,0.0,0.0,0.0,0.0,0.0,0.0,FINAL,0.0,2026-08-23T07:36:29.610324,0.7848882842342055,2.255245670032961,0.0,0.0,0.0,RS_OK,-0.205,0.245,0.704,,LONG,"[""shadow_rs_ok"", ""shadow_regime_bad""]",0,,,,,,RS>1,AI_20_40,SL,0,0,simulated_v8.4,,0,0,0
544,2026-08-22T17:04:38.042131+00:00,USELESSUSDT,BUY,DIP_BUY,0.06689,0.0702345,0.0769235,0.065471,49.6,23.3,30.6,70.87,1.301,0,Pending ⏳,DIP_BUY trigger confirmed,29.8,55.2,81.0,RANGE,0.0,,,1.019,0.0,0.0,ACTIVE,0.0,0.0,0,0,0,0,1,2.915233966213176,-1.4800418597697782,1,0.0,0.0,0.0,0.0,0.0,0.0,FINAL,0.0,2026-08-23T15:05:15.323028,2.915233966213176,1.4800418597697782,0.0,0.0,0.0,RS_OK,0.48,1.374,0.698,,LONG,"[""shadow_rs_ok"", ""shadow_regime_bad""]",0,,,,,,RS>1,AI_40_60,SL,0,0,simulated_v8.6,,0,0,0
545,2026-08-22T17:31:23.027429+00:00,STRKUSDT,BUY,DIP_BUY,0.02759,0.0289695,0.0317285,0.0273227,18.7,35.5,23.9,-68.13,0.467,0,Pending ⏳,DIP_BUY trigger confirmed,11.2,55.2,81.0,RANGE,0.0,,,-0.969,0.0,0.0,ACTIVE,0.0,0.0,0,0,0,0,1,0.0,-1.123595505617982,1,0.0,0.0,0.0,0.0,0.0,0.0,FINAL,0.0,2026-08-23T07:36:29.615909,0.0,1.123595505617982,0.0,0.0,0.0,RS_LOW,-1.0,0.0,1.16,,LONG,"[""shadow_rs_low"", ""shadow_regime_bad""]",0,,,,,,RS_0_0.5,AI_0_20,SL,0,0,simulated_v8.4,,0,0,0
546,2026-08-22T17:49:53.981906+00:00,TAOUSDT,BUY,DIP_BUY,225.72,237.006,259.578,222.0044,14.4,18.0,24.9,-28.28,0.495,0,Pending ⏳,DIP_BUY trigger confirmed,8.6,55.2,81.0,RANGE,0.0,,,-1.646,0.0,0.0,ACTIVE,0.0,0.0,0,0,0,0,1,0.0,-1.8651426546163423,1,0.0,0.0,0.0,0.0,0.0,0.0,FINAL,0.0,2026-08-23T07:36:29.621007,0.0,1.8651426546163423,0.0,0.0,0.0,RS_LOW,-1.0,0.0,1.133,,LONG,"[""shadow_rs_low"", ""shadow_regime_bad""]",0,,,,,,RS_0_0.5,AI_0_20,SL,0,0,simulated_v8.4,,0,0,0
547,2026-08-22T19:05:01.359423+00:00,ZECUSDT,BUY,DIP_BUY,837.856,879.7488,963.5344,822.86699,43.5,31.8,53.8,40.34,0.199,0,Pending ⏳,DIP_BUY trigger confirmed,26.1,55.2,81.0,RANGE,0.0,,,-1.789,0.0,0.0,ACTIVE,0.0,0.0,0,0,0,0,1,0.0,-5.52398025436352,1,0.0,0.0,0.0,0.0,0.0,0.0,FINAL,0.0,2026-08-23T07:36:29.625932,0.0,5.52398025436352,0.0,0.0,0.0,RS_LOW,-1.0,0.0,3.088,,LONG,"[""shadow_rs_low"", ""shadow_regime_bad"", ""shadow_hour_weak""]",0,,,,,,RS_0_0.5,AI_40_60,SL,0,0,simulated_v8.4,,0,0,0
548,2026-08-22T19:32:51.792830+00:00,MANAUSDT,BUY,DIP_BUY,0.07565,0.0794325,0.0869975,0.074824,41.0,34.9,43.4,202.42,0.193,0,Pending ⏳,DIP_BUY trigger confirmed,24.6,55.2,81.0,RANGE,0.0,,,-1.092,0.0,0.0,ACTIVE,0.0,0.0,0,0,0,0,1,0.0,-3.5955056179775284,1,0.0,0.0,0.0,0.0,0.0,0.0,FINAL,0.0,2026-08-23T15:05:15.327661,0.0,3.5955056179775284,0.0,0.0,0.0,RS_LOW,-1.0,0.0,3.293,,LONG,"[""shadow_rs_low"", ""shadow_regime_bad"", ""shadow_hour_weak""]",0,,,,,,RS_0_0.5,AI_40_60,SL,0,0,simulated_v8.6,,0,0,0
549,2026-08-22T19:51:26.691349+00:00,CROUSDT,BUY,DIP_BUY,0.0592,0.06216,0.06808,0.05831695,26.2,27.3,20.2,-0.28,0.552,0,Pending ⏳,DIP_BUY trigger confirmed,15.7,55.2,81.0,RANGE,0.0,,,-1.492,0.0,0.0,ACTIVE,0.0,0.0,0,0,0,0,1,0.0,-5.89527027027027,1,0.0,0.0,0.0,0.0,0.0,0.0,FINAL,0.0,2026-08-23T15:05:15.332296,0.0,5.89527027027027,0.0,0.0,0.0,RS_OK,-1.0,0.0,3.952,,LONG,"[""shadow_rs_ok"", ""shadow_regime_bad"", ""shadow_hour_weak""]",0,,,,,,RS_0.5_1,AI_20_40,SL,0,0,simulated_v8.6,,0,0,0
550,2026-08-22T21:15:23.581436+00:00,MELANIAUSDT,BUY,DIP_BUY,0.1106,0.11613,0.12719,0.10848485,46.8,29.4,44.3,150.23,0.652,0,Pending ⏳,DIP_BUY trigger confirmed,28.1,55.2,81.0,RANGE,0.0,,,-1.912,0.0,0.0,ACTIVE,0.0,0.0,0,0,0,0,1,0.0,-3.0741410488245933,1,0.0,0.0,0.0,0.0,0.0,0.0,FINAL,0.0,2026-08-23T07:36:29.631573,0.0,3.0741410488245933,0.0,0.0,0.0,RS_OK,-1.0,0.0,1.607,,LONG,"[""shadow_rs_ok"", ""shadow_regime_bad"", ""shadow_hour_weak""]",0,,,,,,RS_0.5_1,AI_40_60,SL,0,0,simulated_v8.4,,0,0,0
551,2026-08-22T21:23:52.058861+00:00,BICOUSDT,BUY,VWAP_RECLAIM,0.02,0.0207,0.0216,0.0195612,13.6,19.4,15.6,-64.07,0.183,0,Pending ⏳,VWAP_RECLAIM trigger confirmed,8.2,55.2,81.0,RANGE,0.0,,,-2.194,0.0,0.0,ACTIVE,0.0,0.0,0,0,0,0,1,0.0,-8.000000000000004,1,0.0,0.0,0.0,0.0,0.0,0.0,FINAL,0.0,2026-08-23T15:05:15.336903,0.0,8.000000000000004,0.0,0.0,0.0,RS_LOW,-1.0,0.0,3.646,,LONG,"[""shadow_rs_low"", ""shadow_regime_bad"", ""shadow_hour_weak""]",0,,,,,,RS_0_0.5,AI_0_20,SL,0,0,simulated_v8.6,,0,0,0
552,2026-08-22T22:14:40.110412+00:00,DOTUSDT,BUY,DIP_BUY,0.9174,0.96327,1.05501,0.9005745,45.6,46.6,43.0,9.15,0.615,0,Pending ⏳,DIP_BUY trigger confirmed,27.4,55.2,81.0,RANGE,0.0,,,0.797,0.0,0.0,ACTIVE,0.0,0.0,0,0,0,0,1,1.8312622629169433,-0.33791148899062473,1,0.0,0.0,0.0,0.0,0.0,0.0,FINAL,0.0,2026-08-23T07:36:29.644195,1.8312622629169433,0.33791148899062473,0.0,0.0,0.0,RS_OK,0.435,0.999,0.184,,LONG,"[""shadow_rs_ok"", ""shadow_regime_bad""]",0,,,,,,RS_0.5_1,AI_40_60,SL,0,0,simulated_v8.4,,0,0,0
553,2026-08-23T10:36:16.883224+00:00,CHZUSDT,BUY,DIP_BUY,0.01414,0.014847,0.016261,0.01392005,41.6,35.0,38.5,38.86,0.052,0,Pending ⏳,DIP_BUY trigger confirmed,25.0,54.2,76.0,RANGE,0.0,,,3.273,0.0,0.0,ACTIVE,0.0,0.0,0,0,0,0,1,4.455445544554458,-0.4243281471004193,1,0.0,0.0,0.0,0.0,0.0,0.0,FINAL,0.0,2026-08-23T14:36:49.431750,4.455445544554458,0.4243281471004193,0.0,0.0,0.0,RS_LOW,2.104,2.864,0.273,,LONG,"[""shadow_rs_low"", ""shadow_regime_bad""]",0,,,,,,RS_0_0.5,AI_40_60,SL,0,0,simulated_v8.6,,0,0,0
554,2026-08-23T10:54:39.542974+00:00,DOSUSDT,BUY,DIP_BUY,0.2296,0.24108,0.26404,0.226263,16.6,18.0,20.4,-5.67,0.523,0,Pending ⏳,DIP_BUY trigger confirmed,10.0,54.2,76.0,RANGE,0.0,,,-1.042,0.0,0.0,ACTIVE,0.0,0.0,0,0,0,0,1,1.0017421602787442,-1.1759581881533137,1,0.0,0.0,0.0,0.0,0.0,0.0,FINAL,0.0,2026-08-23T12:30:05.318123,1.0017421602787442,1.1759581881533137,0.0,0.0,0.0,RS_OK,-0.717,0.689,0.809,,LONG,"[""shadow_rs_ok"", ""shadow_regime_bad""]",0,,,,,,RS_0.5_1,AI_0_20,SL,0,0,simulated_v8.6,,0,0,0
555,2026-08-23T10:54:59.667426+00:00,MUBARAKUSDT,BUY,VWAP_RECLAIM,0.02323,0.02404305,0.0250884,0.02299614,21.2,18.0,17.0,-8.81,1.485,0,Pending ⏳,VWAP_RECLAIM trigger confirmed,12.7,54.2,76.0,RANGE,0.0,,,3.66,0.0,0.0,ACTIVE,0.0,0.0,0,0,1,0,1,4.347826086956523,-0.2582866982350453,1,0.0,0.0,0.0,0.0,0.0,0.0,FINAL,0.0,2026-08-23T15:05:15.360961,4.347826086956523,0.2582866982350453,0.0,0.0,0.0,RS_OK,3.636,4.319,0.257,,LONG,"[""shadow_rs_ok"", ""shadow_regime_bad""]",0,,,,,,RS>1,AI_20_40,TP1,0,0,simulated_v8.6,,0,0,0
556,2026-08-23T10:55:01.290008+00:00,GRVTUSDT,BUY,DIP_BUY,0.2313,0.242865,0.265995,0.226064,53.7,43.4,33.3,133.89,1.047,0,Pending ⏳,DIP_BUY trigger confirmed,47.3,54.2,76.0,RANGE,0.0,,,-0.139,0.0,0.0,ACTIVE,0.0,0.0,0,0,0,0,1,0.907911802853433,-1.1673151750972797,1,0.0,0.0,0.0,0.0,0.0,0.0,FINAL,0.0,2026-08-23T12:30:05.334094,0.907911802853433,1.1673151750972797,0.0,0.0,0.0,RS_OK,-0.061,0.401,0.516,,LONG,"[""shadow_rs_ok"", ""shadow_regime_bad""]",0,,,,,,RS>1,AI_40_60,SL,0,0,simulated_v8.6,,0,0,0
557,2026-08-23T11:16:18.308955+00:00,BCHUSDT,BUY,DIP_BUY,272.86,286.503,313.789,270.5405,13.7,20.0,19.6,-64.28,0.257,0,Pending ⏳,DIP_BUY trigger confirmed,8.2,54.2,76.0,RANGE,0.0,,,1.14,0.0,0.0,ACTIVE,0.0,0.0,0,0,0,0,1,1.836106428204937,0.0,1,0.0,0.0,0.0,0.0,0.0,0.0,FINAL,0.0,2026-08-23T14:36:49.453470,1.836106428204937,0.0,0.0,0.0,0.0,RS_LOW,1.341,2.16,0.0,,LONG,"[""shadow_rs_low"", ""shadow_regime_bad"", ""shadow_hour_weak""]",0,,,,,,RS_0_0.5,AI_0_20,SL,0,0,simulated_v8.6,,0,0,0
558,2026-08-23T11:17:21.611479+00:00,ZENUSDT,BUY,DIP_BUY,5.275,5.53875,6.06625,5.22574,17.6,23.1,24.4,-17.96,0.342,0,Pending ⏳,DIP_BUY trigger confirmed,10.6,54.2,76.0,RANGE,0.0,,,7.25,0.0,0.0,ACTIVE,0.0,0.0,0,0,1,0,1,9.289099526066337,0.0,1,0.0,0.0,0.0,0.0,0.0,0.0,FINAL,0.0,2026-08-23T14:05:57.779260,9.289099526066337,0.0,0.0,0.0,0.0,RS_LOW,7.764,9.948,0.0,,LONG,"[""shadow_rs_low"", ""shadow_regime_bad"", ""shadow_hour_weak""]",0,,,,,,RS_0_0.5,AI_0_20,TP1,0,0,simulated_v8.6,,0,0,0
559,2026-08-23T11:39:00.224877+00:00,BNBUSDT,BUY,DIP_BUY,694.802,729.5421,799.0223,686.202745,42.5,42.8,37.5,63.82,0.121,0,Pending ⏳,DIP_BUY trigger confirmed,25.5,58.7,76.0,RANGE,0.0,,,0.239,0.0,0.0,ACTIVE,0.0,0.0,0,0,0,0,1,0.6997677036047631,-0.3753587352943804,1,0.0,0.0,0.0,0.0,0.0,0.0,FINAL,0.0,2026-08-23T14:36:49.471243,0.6997677036047631,0.3753587352943804,0.0,0.0,0.0,RS_LOW,0.193,0.565,0.303,,LONG,"[""shadow_rs_low"", ""shadow_regime_bad"", ""shadow_hour_weak""]",0,,,,,,RS_0_0.5,AI_40_60,SL,0,0,simulated_v8.6,,0,0,0
560,2026-08-23T11:39:09.041810+00:00,TRXUSDT,BUY,DIP_BUY,0.344,0.3612,0.3956,0.3417825,15.7,25.9,25.2,-17.17,-0.568,0,Pending ⏳,DIP_BUY trigger confirmed,9.4,58.7,76.0,RANGE,0.0,,,-0.052,0.0,0.0,ACTIVE,0.0,0.0,0,0,0,0,1,0.1162790697674452,-0.203488372093017,1,0.0,0.0,0.0,0.0,0.0,0.0,FINAL,0.0,2026-08-23T14:36:49.491228,0.1162790697674452,0.203488372093017,0.0,0.0,0.0,RS_LOW,-0.081,0.18,0.316,,LONG,"[""shadow_rs_low"", ""shadow_regime_bad"", ""shadow_hour_weak""]",0,,,,,,RS<0,AI_0_20,SL,0,0,simulated_v8.6,,0,0,0
561,2026-08-23T11:39:29.432278+00:00,DOTUSDT,BUY,DIP_BUY,0.9163,0.962115,1.053745,0.9005745,41.7,30.5,36.7,48.81,0.555,0,Pending ⏳,DIP_BUY trigger confirmed,25.0,58.7,76.0,RANGE,0.0,,,1.068,0.0,0.0,ACTIVE,0.0,0.0,0,0,0,0,1,2.237258539779544,-0.25100949470697026,1,0.0,0.0,0.0,0.0,0.0,0.0,FINAL,0.0,2026-08-23T14:36:49.513099,2.237258539779544,0.25100949470697026,0.0,0.0,0.0,RS_OK,0.622,1.304,0.146,,LONG,"[""shadow_rs_ok"", ""shadow_regime_bad"", ""shadow_hour_weak""]",0,,,,,,RS_0.5_1,AI_40_60,SL,0,0,simulated_v8.6,,0,0,0
562,2026-08-23T11:39:35.101449+00:00,PYTHUSDT,BUY,DIP_BUY,0.05133,0.0538965,0.0590295,0.0503072,24.4,38.0,39.1,-66.29,0.537,0,Pending ⏳,DIP_BUY trigger confirmed,14.6,58.7,76.0,RANGE,0.0,,,4.999,0.0,0.0,ACTIVE,0.0,0.0,0,0,1,0,1,6.273134619131114,-0.4675628287551084,1,0.0,0.0,0.0,0.0,0.0,0.0,FINAL,0.0,2026-08-23T14:36:49.535832,6.273134619131114,0.4675628287551084,0.0,0.0,0.0,RS_OK,2.509,3.148,0.235,,LONG,"[""shadow_rs_ok"", ""shadow_regime_bad"", ""shadow_hour_weak""]",0,,,,,,RS_0.5_1,AI_20_40,TP1,0,0,simulated_v8.6,,0,0,0
563,2026-08-23T11:39:41.730035+00:00,PAXGUSDT,BUY,DIP_BUY,4603.84,4834.032,5294.416,4572.23395,38.0,18.4,43.8,38.78,-0.499,0,Pending ⏳,DIP_BUY trigger confirmed,22.8,58.7,76.0,RANGE,0.0,,,0.026,0.0,0.0,ACTIVE,0.0,0.0,0,0,0,0,1,0.04604851602140585,-0.003258149718507717,1,0.0,0.0,0.0,0.0,0.0,0.0,FINAL,0.0,2026-08-23T13:48:15.753868,0.04604851602140585,0.003258149718507717,0.0,0.0,0.0,RS_LOW,0.038,0.067,0.005,,LONG,"[""shadow_rs_low"", ""shadow_regime_bad"", ""shadow_hour_weak""]",0,,,,,,RS<0,AI_20_40,SL,0,0,simulated_v8.6,,0,0,0
564,2026-08-23T11:57:02.900287+00:00,ATOMUSDT,BUY,DIP_BUY,1.5776,1.65648,1.81424,1.5542895,56.2,29.0,42.1,10.89,0.159,1,Pending ⏳,DIP_BUY trigger confirmed,49.5,58.7,76.0,RANGE,0.0,,,1.584,0.0,0.0,ACTIVE,0.0,0.0,0,0,0,0,1,2.2756085192697797,-0.17114604462474167,1,0.0,0.0,0.0,0.0,0.0,0.0,FINAL,0.0,2026-08-23T14:57:45.418629,2.2756085192697797,0.17114604462474167,0.0,0.0,0.0,RS_LOW,1.072,1.54,0.116,,LONG,"[""shadow_rs_low"", ""shadow_regime_bad"", ""shadow_hour_weak""]",0,,,,,,RS_0_0.5,AI_40_60,SL,0,0,simulated_v8.6,,0,0,0
565,2026-08-23T12:29:21.746534+00:00,BOMEUSDT,BUY,DIP_BUY,0.0012217,0.00128279,0.00140495,0.00120773,41.6,20.9,49.7,29.83,0.704,0,Pending ⏳,DIP_BUY trigger confirmed,25.0,54.2,76.0,RANGE,0.0,,,-1.143,0.0,0.0,ACTIVE,0.0,0.0,0,0,0,0,1,0.5074895637226849,-1.8498813129246137,1,0.0,0.0,0.0,0.0,0.0,0.0,FINAL,0.0,2026-08-23T13:48:15.771564,0.5074895637226849,1.8498813129246137,0.0,0.0,0.0,RS_OK,-1.0,0.444,1.618,,LONG,"[""shadow_rs_ok"", ""shadow_regime_bad""]",0,,,,,,RS_0.5_1,AI_40_60,SL,0,0,simulated_v8.6,,0,0,0
566,2026-08-23T13:12:57.588621+00:00,ONDOUSDT,BUY,DIP_BUY,0.37459,0.3933195,0.4307785,0.3673142,63.7,41.4,54.5,93.75,0.138,1,Pending ⏳,DIP_BUY trigger confirmed,56.1,54.2,76.0,RANGE,0.0,,,0.931,0.0,0.0,ACTIVE,0.0,0.0,0,0,0,0,1,2.3999572866333856,-1.3828452441335761,1,0.0,0.0,0.0,0.0,0.0,0.0,FINAL,0.0,2026-08-23T14:57:45.425213,2.3999572866333856,1.3828452441335761,0.0,0.0,0.0,RS_LOW,0.479,1.236,0.712,,LONG,"[""shadow_rs_low"", ""shadow_regime_bad"", ""shadow_hour_weak""]",0,,,,,,RS_0_0.5,AI_60_80,SL,0,0,simulated_v8.6,,0,0,0
567,2026-08-23T13:47:19.528464+00:00,FETUSDT,BUY,DIP_BUY,0.1667,0.175035,0.191705,0.163578,50.1,43.0,38.8,138.01,1.034,0,Pending ⏳,DIP_BUY trigger confirmed,44.1,54.2,76.0,RANGE,0.0,,,-1.873,0.0,0.0,ACTIVE,0.0,0.0,0,0,0,0,1,1.4397120575884903,-3.6592681463707226,1,0.0,0.0,0.0,0.0,0.0,0.0,FINAL,0.0,2026-08-23T14:57:45.429545,1.4397120575884903,3.6592681463707226,0.0,0.0,0.0,RS_OK,-1.0,0.769,1.954,,LONG,"[""shadow_rs_ok"", ""shadow_regime_bad"", ""shadow_hour_weak""]",0,,,,,,RS>1,AI_40_60,SL,0,0,simulated_v8.6,,0,0,0
568,2026-08-23T14:04:08.978445+00:00,BTCUSDT,BUY,DIP_BUY,77547.4,81424.77,89179.51,76938.2755,13.5,11.4,18.4,-46.06,0.0,0,Pending ⏳,DIP_BUY trigger confirmed,8.1,54.2,76.0,RANGE,0.0,,,-0.785,0.0,0.0,ACTIVE,0.0,0.0,0,0,0,0,1,0.10767607940433853,-0.9605737909974985,1,0.0,0.0,0.0,0.0,0.0,0.0,FINAL,0.0,2026-08-23T14:57:45.433669,0.10767607940433853,0.9605737909974985,0.0,0.0,0.0,RS_LOW,-0.999,0.137,1.223,,LONG,"[""shadow_rs_low"", ""shadow_regime_bad""]",0,,,,,,RS_0_0.5,AI_0_20,SL,0,0,simulated_v8.6,,0,0,0
569,2026-08-23T14:04:10.202113+00:00,ETHUSDT,BUY,DIP_BUY,2460.4,2583.42,2829.46,2419.8798,14.9,24.4,23.6,-64.53,0.103,0,Pending ⏳,DIP_BUY trigger confirmed,8.9,54.2,76.0,RANGE,0.0,,,-1.647,0.0,0.0,ACTIVE,0.0,0.0,0,0,0,0,1,0.342220777109416,-2.921882620712074,1,0.0,0.0,0.0,0.0,0.0,0.0,FINAL,0.0,2026-08-23T14:57:45.437822,0.342220777109416,2.921882620712074,0.0,0.0,0.0,RS_LOW,-1.0,0.208,1.774,,LONG,"[""shadow_rs_low"", ""shadow_regime_bad""]",0,,,,,,RS_0_0.5,AI_0_20,SL,0,0,simulated_v8.6,,0,0,0
570,2026-08-23T14:04:44.521178+00:00,POLUSDT,BUY,DIP_BUY,0.1079,0.113295,0.124085,0.106067,17.5,18.0,23.8,-15.88,0.376,0,Pending ⏳,DIP_BUY trigger confirmed,10.5,54.2,76.0,RANGE,0.0,,,-1.699,0.0,0.0,ACTIVE,0.0,0.0,0,0,0,0,1,0.9267840593141806,-1.9462465245597689,1,0.0,0.0,0.0,0.0,0.0,0.0,FINAL,0.0,2026-08-23T14:57:45.441950,0.9267840593141806,1.9462465245597689,0.0,0.0,0.0,RS_LOW,-1.0,0.546,1.146,,LONG,"[""shadow_rs_low"", ""shadow_regime_bad""]",0,,,,,,RS_0_0.5,AI_0_20,SL,0,0,simulated_v8.6,,0,0,0
571,2026-08-23T14:36:05.703400+00:00,FFUSDT,BUY,DIP_BUY,0.08562,0.089901,0.098463,0.0839979,26.9,30.8,30.4,-29.19,0.611,0,Pending ⏳,DIP_BUY trigger confirmed,16.1,54.2,76.0,RANGE,0.0,,,-1.895,0.0,0.0,ACTIVE,0.0,0.0,0,0,0,0,1,0.0,-2.5811726232188783,1,0.0,0.0,0.0,0.0,0.0,0.0,FINAL,0.0,2026-08-23T14:57:45.445759,0.0,2.5811726232188783,0.0,0.0,0.0,RS_OK,-1.0,0.0,1.362,,LONG,"[""shadow_rs_ok"", ""shadow_regime_bad""]",0,,,,,,RS_0.5_1,AI_20_40,SL,0,0,simulated_v8.6,,0,0,0
572,2026-08-23T14:57:10.441923+00:00,PORTALUSDT,BUY,DIP_BUY,0.01355,0.0142275,0.0155825,0.0132534,26.8,21.0,28.4,-34.96,2.02,0,Pending ⏳,DIP_BUY trigger confirmed,16.1,54.2,76.0,RANGE,0.0,,,0.2,0.0,0.0,ACTIVE,0.0,0.0,0,0,0,0,1,2.0664206642066474,-0.2214022140221312,1,0.0,0.0,0.0,0.0,0.0,0.0,FINAL,0.0,2026-08-23T16:56:35.659822,2.0664206642066474,0.2214022140221312,0.0,0.0,0.0,RS_OK,0.091,0.944,0.101,,LONG,"[""shadow_rs_ok"", ""shadow_regime_bad""]",0,,,,,,RS>1,AI_20_40,SL,0,0,simulated_v8.6,,0,0,0
573,2026-08-23T14:57:34.988191+00:00,TRBUSDT,BUY,DIP_BUY,19.049,20.00145,21.90635,18.66421,20.3,28.0,21.5,-77.58,1.078,0,Pending ⏳,DIP_BUY trigger confirmed,12.2,54.2,76.0,RANGE,0.0,,,0.058,0.0,0.0,ACTIVE,0.0,0.0,0,0,0,0,1,2.021103469998433,-0.3517244999737528,1,0.0,0.0,0.0,0.0,0.0,0.0,FINAL,0.0,2026-08-23T16:31:33.355135,2.021103469998433,0.3517244999737528,0.0,0.0,0.0,RS_OK,0.029,1.001,0.174,,LONG,"[""shadow_rs_ok"", ""shadow_regime_bad""]",0,,,,,,RS>1,AI_20_40,SL,0,0,simulated_v8.6,,0,0,0
574,2026-08-23T15:03:10.464647+00:00,DOTUSDT,BUY,DIP_BUY,0.9256,0.97188,1.06444,0.906644,18.7,42.8,23.6,-36.93,0.196,0,Pending ⏳,DIP_BUY trigger confirmed,11.2,54.2,76.0,RANGE,0.0,,,-0.539,0.0,0.0,ACTIVE,0.0,0.0,0,0,0,0,1,0.9075194468452976,-0.5509939498703537,1,0.0,0.0,0.0,0.0,0.0,0.0,FINAL,0.0,2026-08-23T16:31:33.360501,0.9075194468452976,0.5509939498703537,0.0,0.0,0.0,RS_LOW,-0.263,0.443,0.269,,LONG,"[""shadow_rs_low"", ""shadow_regime_bad""]",0,,,,,,RS_0_0.5,AI_0_20,SL,0,0,simulated_v8.6,,0,0,0
575,2026-08-23T15:04:02.352930+00:00,SEIUSDT,BUY,DIP_BUY,0.04758,0.049959,0.054717,0.0464068,43.9,36.6,52.1,24.0,0.211,0,Pending ⏳,DIP_BUY trigger confirmed,26.3,54.2,76.0,RANGE,0.0,,,0.91,0.0,0.0,ACTIVE,0.0,0.0,0,0,0,0,1,1.7234131988230377,-0.882723833543499,1,0.0,0.0,0.0,0.0,0.0,0.0,FINAL,0.0,2026-08-23T19:13:53.137061,1.7234131988230377,0.882723833543499,0.0,0.0,0.0,RS_LOW,0.369,0.699,0.358,,LONG,"[""shadow_rs_low"", ""shadow_regime_bad""]",0,,,,,,RS_0_0.5,AI_40_60,SL,0,0,simulated_v8.6,,0,0,0
576,2026-08-23T15:04:16.404418+00:00,DOSUSDT,BUY,DIP_BUY,0.2242,0.23541,0.25783,0.2199945,36.7,23.3,37.8,10.79,0.316,0,Pending ⏳,DIP_BUY trigger confirmed,22.0,54.2,76.0,RANGE,0.0,,,0.169,0.0,0.0,ACTIVE,0.0,0.0,0,0,0,0,1,2.0071364852809883,-0.04460303300625189,1,0.0,0.0,0.0,0.0,0.0,0.0,FINAL,0.0,2026-08-23T18:13:58.352822,2.0071364852809883,0.04460303300625189,0.0,0.0,0.0,RS_LOW,0.09,1.07,0.024,,LONG,"[""shadow_rs_low"", ""shadow_regime_bad""]",0,,,,,,RS_0_0.5,AI_20_40,SL,0,0,simulated_v8.6,,0,0,0
577,2026-08-23T15:04:23.508147+00:00,GRVTUSDT,BUY,DIP_BUY,0.229,0.24045,0.26335,0.2255665,24.9,29.0,18.8,-21.44,0.397,0,Pending ⏳,DIP_BUY trigger confirmed,14.9,54.2,76.0,RANGE,0.0,,,0.802,0.0,0.0,ACTIVE,0.0,0.0,0,0,0,0,1,1.2227074235807847,-0.39301310043668647,1,0.0,0.0,0.0,0.0,0.0,0.0,FINAL,0.0,2026-08-23T17:38:19.906812,1.2227074235807847,0.39301310043668647,0.0,0.0,0.0,RS_LOW,0.535,0.816,0.262,,LONG,"[""shadow_rs_low"", ""shadow_regime_bad""]",0,,,,,,RS_0_0.5,AI_20_40,SL,0,0,simulated_v8.6,,0,0,0
578,2026-08-23T15:04:27.160286+00:00,RSRUSDT,BUY,DIP_BUY,0.00144,0.001512,0.001656,0.00142086,18.1,30.0,19.3,-27.45,0.237,0,Pending ⏳,DIP_BUY trigger confirmed,10.9,54.2,76.0,RANGE,0.0,,,4.817,0.0,0.0,ACTIVE,0.0,0.0,0,0,1,0,1,5.972222222222216,0.0,1,0.0,0.0,0.0,0.0,0.0,0.0,FINAL,0.0,2026-08-23T17:15:44.148301,5.972222222222216,0.0,0.0,0.0,0.0,RS_LOW,3.624,4.493,0.0,,LONG,"[""shadow_rs_low"", ""shadow_regime_bad""]",0,,,,,,RS_0_0.5,AI_0_20,TP1,0,0,simulated_v8.6,,0,0,0
579,2026-08-23T15:18:23.608862+00:00,LITUSDT,BUY,DIP_BUY,3.358,3.5259,3.8617,3.266585,27.8,21.0,29.9,-53.66,2.007,0,Pending ⏳,DIP_BUY trigger confirmed,16.7,54.2,76.0,RANGE,0.0,,,-2.722,0.0,0.0,ACTIVE,0.0,0.0,0,0,0,0,1,0.0,-3.7820131030375284,1,0.0,0.0,0.0,0.0,0.0,0.0,FINAL,0.0,2026-08-23T16:02:00.867875,0.0,3.7820131030375284,0.0,0.0,0.0,RS_OK,-1.0,0.0,1.389,,LONG,"[""shadow_rs_ok"", ""shadow_regime_bad""]",0,,,,,,RS>1,AI_20_40,SL,0,0,simulated_v8.6,,0,0,0
580,2026-08-23T15:29:58.403902+00:00,PAXGUSDT,BUY,DIP_BUY,4602.38,4832.499,5292.737,4575.7662,14.3,21.2,23.1,-44.36,0.023,0,Pending ⏳,DIP_BUY trigger confirmed,8.6,54.2,76.0,RANGE,0.0,,,0.033,0.0,0.0,ACTIVE,0.0,0.0,0,0,0,0,1,0.08669427557046097,-0.004780135495118931,1,0.0,0.0,0.0,0.0,0.0,0.0,FINAL,0.0,2026-08-23T16:56:35.698932,0.08669427557046097,0.004780135495118931,0.0,0.0,0.0,RS_LOW,0.057,0.15,0.008,,LONG,"[""shadow_rs_low"", ""shadow_regime_bad""]",0,,,,,,RS_0_0.5,AI_0_20,SL,0,0,simulated_v8.6,,0,0,0
581,2026-08-23T15:30:53.156580+00:00,GIGGLEUSDT,BUY,DIP_BUY,38.05,39.9525,43.7575,37.16325,29.4,28.0,29.8,-37.64,1.121,0,Pending ⏳,DIP_BUY trigger confirmed,17.6,54.2,76.0,RANGE,0.0,,,-0.82,0.0,0.0,ACTIVE,0.0,0.0,0,0,0,0,1,0.1051248357424606,-1.2614980289093218,1,0.0,0.0,0.0,0.0,0.0,0.0,FINAL,0.0,2026-08-23T17:15:44.155323,0.1051248357424606,1.2614980289093218,0.0,0.0,0.0,RS_OK,-0.352,0.045,0.541,,LONG,"[""shadow_rs_ok"", ""shadow_regime_bad""]",0,,,,,,RS>1,AI_20_40,SL,0,0,simulated_v8.6,,0,0,0
582,2026-08-23T15:43:46.243814+00:00,KCSUSDT,BUY,DIP_BUY,7.376,7.7448,8.4824,7.27942,34.0,38.6,26.1,0.64,0.189,1,Pending ⏳,DIP_BUY trigger confirmed,20.4,54.2,76.0,RANGE,0.0,,,0.549,0.0,0.0,ACTIVE,0.0,0.0,0,0,0,0,1,0.9761388286334065,-0.2847071583514087,1,0.0,0.0,0.0,0.0,0.0,0.0,FINAL,0.0,2026-08-23T18:50:57.415455,0.9761388286334065,0.2847071583514087,0.0,0.0,0.0,RS_LOW,0.419,0.745,0.217,,LONG,"[""shadow_rs_low"", ""shadow_regime_bad""]",0,,,,,,RS_0_0.5,AI_20_40,SL,0,0,simulated_v8.6,,0,0,0
583,2026-08-23T15:43:56.487697+00:00,CAPUSDT,BUY,DIP_BUY,0.069342,0.0728091,0.0797433,0.06819929,39.5,34.2,33.3,402.1,0.506,0,Pending ⏳,DIP_BUY trigger confirmed,23.7,54.2,76.0,RANGE,0.0,,,-0.217,0.0,0.0,ACTIVE,0.0,0.0,0,0,0,0,1,0.46724928614693095,-0.4239854633555458,1,0.0,0.0,0.0,0.0,0.0,0.0,FINAL,0.0,2026-08-23T17:15:44.170097,0.46724928614693095,0.4239854633555458,0.0,0.0,0.0,RS_OK,-0.132,0.284,0.257,,LONG,"[""shadow_rs_ok"", ""shadow_regime_bad""]",0,,,,,,RS_0.5_1,AI_20_40,SL,0,0,simulated_v8.6,,0,0,0
584,2026-08-23T15:55:32.544144+00:00,ENSUSDT,BUY,VWAP_RECLAIM,5.818,6.02163,6.28344,5.75359197,61.7,38.8,52.9,709.64,-0.163,1,Pending ⏳,VWAP_RECLAIM trigger confirmed,54.3,54.2,76.0,RANGE,0.0,,,-1.107,0.0,0.0,ACTIVE,0.0,0.0,0,0,0,0,1,0.0,-1.460983155723616,1,0.0,0.0,0.0,0.0,0.0,0.0,FINAL,0.0,2026-08-23T17:15:44.174972,0.0,1.460983155723616,0.0,0.0,0.0,RS_LOW,-1.0,0.0,1.32,,LONG,"[""shadow_rs_low"", ""shadow_regime_bad""]",0,,,,,,RS<0,AI_60_80,SL,0,0,simulated_v8.6,,0,0,0
585,2026-08-23T16:54:36.794549+00:00,ZECUSDT,BUY,DIP_BUY,849.156,891.6138,976.5294,829.604135,47.9,33.8,46.7,67.72,1.273,0,Pending ⏳,DIP_BUY trigger confirmed,28.7,54.2,76.0,RANGE,0.0,,,2.24,0.0,0.0,ACTIVE,0.0,0.0,0,0,0,0,1,4.582196910814984,-0.10163032469887073,1,0.0,0.0,0.0,0.0,0.0,0.0,FINAL,0.0,2026-08-23T19:35:44.483485,4.582196910814984,0.10163032469887073,0.0,0.0,0.0,RS_OK,0.973,1.99,0.044,,LONG,"[""shadow_rs_ok"", ""shadow_regime_bad""]",0,,,,,,RS>1,AI_40_60,SL,0,0,simulated_v8.6,,0,0,0
586,2026-08-23T16:54:44.549492+00:00,SUIUSDT,BUY,DIP_BUY,0.8241,0.865305,0.947715,0.812119,12.7,11.7,24.3,-15.94,-0.15,0,Pending ⏳,DIP_BUY trigger confirmed,7.6,54.2,76.0,RANGE,0.0,,,1.173,0.0,0.0,ACTIVE,0.0,0.0,0,0,0,0,1,2.7302511831088414,-0.8736803785948423,1,0.0,0.0,0.0,0.0,0.0,0.0,FINAL,0.0,2026-08-23T19:35:44.506174,2.7302511831088414,0.8736803785948423,0.0,0.0,0.0,RS_LOW,0.807,1.878,0.601,,LONG,"[""shadow_rs_low"", ""shadow_regime_bad""]",0,,,,,,RS<0,AI_0_20,SL,0,0,simulated_v8.6,,0,0,0
587,2026-08-23T16:54:53.157255+00:00,NEARUSDT,BUY,DIP_BUY,1.9605,2.058525,2.254575,1.9307975,37.7,24.3,39.7,19.05,0.208,0,Pending ⏳,DIP_BUY trigger confirmed,22.6,54.2,76.0,RANGE,0.0,,,-0.155,0.0,0.0,ACTIVE,0.0,0.0,0,0,0,0,1,1.2853863810252544,-0.6273909716908941,1,0.0,0.0,0.0,0.0,0.0,0.0,FINAL,0.0,2026-08-23T20:05:38.276249,1.2853863810252544,0.6273909716908941,0.0,0.0,0.0,RS_LOW,-0.102,0.848,0.414,,LONG,"[""shadow_rs_low"", ""shadow_regime_bad""]",0,,,,,,RS_0_0.5,AI_20_40,SL,0,0,simulated_v8.6,,0,0,0
588,2026-08-23T17:14:16.895114+00:00,POLUSDT,BUY,DIP_BUY,0.1071,0.112455,0.123165,0.105669,18.0,18.0,11.5,-23.7,0.232,0,Pending ⏳,DIP_BUY trigger confirmed,10.8,54.2,76.0,RANGE,0.0,,,-1.336,0.0,0.0,ACTIVE,0.0,0.0,0,0,0,0,1,0.46685340802987907,-1.400560224089637,1,0.0,0.0,0.0,0.0,0.0,0.0,FINAL,0.0,2026-08-23T17:56:10.138244,0.46685340802987907,1.400560224089637,0.0,0.0,0.0,RS_LOW,-1.0,0.349,1.048,,LONG,"[""shadow_rs_low"", ""shadow_regime_bad""]",0,,,,,,RS_0_0.5,AI_0_20,SL,0,0,simulated_v8.6,,0,0,0
589,2026-08-23T17:14:49.964141+00:00,RAINUSDT,BUY,VWAP_RECLAIM,0.01399,0.01447965,0.0151092,0.01384693,35.1,19.1,31.2,14.88,0.118,0,Pending ⏳,VWAP_RECLAIM trigger confirmed,21.1,54.2,76.0,RANGE,0.0,,,-0.159,0.0,0.0,ACTIVE,0.0,0.0,0,0,0,0,1,0.007147962830588029,-0.18584703359542518,1,0.0,0.0,0.0,0.0,0.0,0.0,FINAL,0.0,2026-08-23T18:50:57.459970,0.007147962830588029,0.18584703359542518,0.0,0.0,0.0,RS_LOW,-0.155,0.007,0.182,,LONG,"[""shadow_rs_low"", ""shadow_regime_bad""]",0,,,,,,RS_0_0.5,AI_20_40,SL,0,0,simulated_v8.6,,0,0,0
590,2026-08-23T17:36:59.082909+00:00,FILUSDT,BUY,DIP_BUY,0.7748,0.81354,0.89102,0.76018,46.9,51.5,38.2,497.93,0.857,0,Pending ⏳,DIP_BUY trigger confirmed,28.1,54.2,76.0,RANGE,0.0,,,-0.66,0.0,0.0,ACTIVE,0.0,0.0,0,0,0,0,1,0.0,-0.787299948373773,1,0.0,0.0,0.0,0.0,0.0,0.0,FINAL,0.0,2026-08-23T19:13:53.192434,0.0,0.787299948373773,0.0,0.0,0.0,RS_OK,-0.35,0.0,0.417,,LONG,"[""shadow_rs_ok"", ""shadow_regime_bad""]",0,,,,,,RS_0.5_1,AI_40_60,SL,0,0,simulated_v8.6,,0,0,0
591,2026-08-23T17:54:12.711015+00:00,TRXUSDT,BUY,VWAP_RECLAIM,0.3437,0.3557295,0.371196,0.34024517,15.9,27.3,14.4,-51.18,0.259,0,Pending ⏳,VWAP_RECLAIM trigger confirmed,9.5,54.2,76.0,RANGE,0.0,,,0.021,0.0,0.0,ACTIVE,0.0,0.0,0,0,0,0,1,0.14547570555717207,-0.05819028222286238,1,0.0,0.0,0.0,0.0,0.0,0.0,FINAL,0.0,2026-08-23T20:05:38.291240,0.14547570555717207,0.05819028222286238,0.0,0.0,0.0,RS_LOW,0.021,0.145,0.058,,LONG,"[""shadow_rs_low"", ""shadow_regime_bad""]",0,,,,,,RS_0_0.5,AI_0_20,SL,0,0,simulated_v8.6,,0,0,0
592,2026-08-23T18:11:59.419128+00:00,BTCUSDT,BUY,DIP_BUY,77309.7,81175.185,88906.155,76726.44,10.8,13.0,22.0,-14.35,0.0,0,Pending ⏳,DIP_BUY trigger confirmed,6.5,54.2,76.0,RANGE,0.0,,,0.028,0.0,0.0,ACTIVE,0.0,0.0,0,0,0,0,1,0.2208002359341675,-0.06984893228146016,1,0.0,0.0,0.0,0.0,0.0,0.0,FINAL,0.0,2026-08-23T20:05:38.301348,0.2208002359341675,0.06984893228146016,0.0,0.0,0.0,RS_LOW,0.037,0.293,0.093,,LONG,"[""shadow_rs_low"", ""shadow_regime_bad""]",0,,,,,,RS_0_0.5,AI_0_20,SL,0,0,simulated_v8.6,,0,0,0
593,2026-08-23T18:12:10.311497+00:00,UNIUSDT,BUY,DIP_BUY,4.5835,4.812675,5.271025,4.5199865,16.2,20.0,20.8,-5.91,0.641,0,Pending ⏳,DIP_BUY trigger confirmed,9.7,54.2,76.0,RANGE,0.0,,,-0.767,0.0,0.0,ACTIVE,0.0,0.0,0,0,0,0,1,0.4385295080178953,-0.835605977964428,1,0.0,0.0,0.0,0.0,0.0,0.0,FINAL,0.0,2026-08-23T20:05:38.310446,0.4385295080178953,0.835605977964428,0.0,0.0,0.0,RS_OK,-0.554,0.316,0.603,,LONG,"[""shadow_rs_ok"", ""shadow_regime_bad""]",0,,,,,,RS_0.5_1,AI_0_20,SL,0,0,simulated_v8.6,,0,0,0
594,2026-08-23T18:48:59.656778+00:00,LINKUSDT,BUY,DIP_BUY,11.5695,12.147975,13.304925,11.420411,15.6,20.0,19.7,-4.67,0.612,0,Pending ⏳,DIP_BUY trigger confirmed,9.4,54.2,76.0,RANGE,0.0,,,2.029,0.0,0.0,ACTIVE,0.0,0.0,0,0,0,0,1,3.382168633043788,-1.1556247028825728,1,0.0,0.0,0.0,0.0,0.0,0.0,FINAL,0.0,2026-08-23T21:41:13.077917,3.382168633043788,1.1556247028825728,0.0,0.0,0.0,RS_OK,1.575,2.625,0.897,,LONG,"[""shadow_rs_ok"", ""shadow_regime_bad""]",0,,,,,,RS_0.5_1,AI_0_20,SL,0,0,simulated_v8.6,,0,0,0
595,2026-08-23T18:49:18.759179+00:00,DOTUSDT,BUY,DIP_BUY,0.9283,0.974715,1.067545,0.9194795,15.6,24.0,24.8,-13.2,0.195,0,Pending ⏳,DIP_BUY trigger confirmed,9.4,54.2,76.0,RANGE,0.0,,,-0.95,0.0,0.0,ACTIVE,0.0,0.0,0,0,0,0,1,0.11849617580523429,-1.9713454702143685,1,0.0,0.0,0.0,0.0,0.0,0.0,FINAL,0.0,2026-08-23T19:35:44.568044,0.11849617580523429,1.9713454702143685,0.0,0.0,0.0,RS_LOW,-1.0,0.125,2.075,,LONG,"[""shadow_rs_low"", ""shadow_regime_bad""]",0,,,,,,RS_0_0.5,AI_0_20,SL,0,0,simulated_v8.6,,0,0,0
596,2026-08-23T18:49:53.241699+00:00,PORTALUSDT,BUY,VWAP_RECLAIM,0.01348,0.0139518,0.0145584,0.01330186,17.1,8.0,6.0,-38.62,-0.108,0,Pending ⏳,VWAP_RECLAIM trigger confirmed,10.3,54.2,76.0,RANGE,0.0,,,-1.322,0.0,0.0,ACTIVE,0.0,0.0,0,0,0,0,1,0.5934718100890094,-1.4836795252225559,1,0.0,0.0,0.0,0.0,0.0,0.0,FINAL,0.0,2026-08-23T19:35:44.572751,0.5934718100890094,1.4836795252225559,0.0,0.0,0.0,RS_LOW,-1.0,0.449,1.123,,LONG,"[""shadow_rs_low"", ""shadow_regime_bad""]",0,,,,,,RS<0,AI_0_20,SL,0,0,simulated_v8.6,,0,0,0
597,2026-08-23T19:13:22.014455+00:00,TRBUSDT,BUY,DIP_BUY,18.993,19.94265,21.84195,18.84729,38.7,30.7,20.8,-37.51,0.152,1,Pending ⏳,DIP_BUY trigger confirmed,23.2,54.2,76.0,RANGE,0.0,,,2.812,0.0,0.0,ACTIVE,0.0,0.0,0,0,0,0,1,3.6434475859527207,-0.16848312536197563,1,0.0,0.0,0.0,0.0,0.0,0.0,FINAL,0.0,2026-08-23T21:58:04.335673,3.6434475859527207,0.16848312536197563,0.0,0.0,0.0,RS_LOW,3.665,4.749,0.22,,LONG,"[""shadow_rs_low"", ""shadow_regime_bad"", ""shadow_hour_weak""]",0,,,,,,RS_0_0.5,AI_20_40,SL,0,0,simulated_v8.6,,0,0,0
598,2026-08-23T19:34:45.434265+00:00,KIIUSDT,BUY,DIP_BUY,0.06097,0.0640185,0.0701155,0.0600383,40.3,28.3,41.5,13.68,0.379,0,Pending ⏳,DIP_BUY trigger confirmed,24.2,54.2,76.0,RANGE,0.0,,,-1.528,0.0,0.0,ACTIVE,0.0,0.0,0,0,0,0,1,0.016401508938816013,-1.886173527964581,1,0.0,0.0,0.0,0.0,0.0,0.0,FINAL,0.0,2026-08-23T20:05:38.324450,0.016401508938816013,1.886173527964581,0.0,0.0,0.0,RS_LOW,-1.0,0.011,1.234,,LONG,"[""shadow_rs_low"", ""shadow_regime_bad"", ""shadow_hour_weak""]",0,,,,,,RS_0_0.5,AI_40_60,SL,0,0,simulated_v8.6,,0,0,0
599,2026-08-23T20:03:14.773914+00:00,TRUMPUSDT,BUY,DIP_BUY,2.692,2.8266,3.0958,2.653665,43.2,24.6,37.1,67.82,0.331,0,Pending ⏳,DIP_BUY trigger confirmed,25.9,54.2,76.0,RANGE,0.0,,,-1.424,0.0,0.0,ACTIVE,0.0,0.0,0,0,0,0,1,0.5572065378900326,-1.48588410104012,1,0.0,0.0,0.0,0.0,0.0,0.0,FINAL,0.0,2026-08-23T20:38:36.660614,0.5572065378900326,1.48588410104012,0.0,0.0,0.0,RS_LOW,-1.0,0.391,1.043,,LONG,"[""shadow_rs_low"", ""shadow_regime_bad""]",0,,,,,,RS_0_0.5,AI_40_60,SL,0,0,simulated_v8.6,,0,0,0
600,2026-08-23T20:04:53.738159+00:00,RSRUSDT,BUY,DIP_BUY,0.001506,0.0015813,0.0017319,0.00149449,61.1,33.5,45.6,72.31,0.241,1,Pending ⏳,DIP_BUY trigger confirmed,53.8,54.2,76.0,RANGE,0.0,,,0.455,0.0,0.0,ACTIVE,0.0,0.0,0,0,0,0,1,1.1952191235059764,-0.597609561752981,1,0.0,0.0,0.0,0.0,0.0,0.0,FINAL,0.0,2026-08-23T21:41:13.102689,1.1952191235059764,0.597609561752981,0.0,0.0,0.0,RS_LOW,0.595,1.564,0.782,,LONG,"[""shadow_rs_low"", ""shadow_regime_bad""]",0,,,,,,RS_0_0.5,AI_60_80,SL,0,0,simulated_v8.6,,0,0,0
601,2026-08-23T20:05:02.026489+00:00,AEONUSDT,BUY,DIP_BUY,0.06054,0.063567,0.069621,0.05984925,36.1,22.4,42.7,12.13,0.406,0,Pending ⏳,DIP_BUY trigger confirmed,21.7,54.2,76.0,RANGE,0.0,,,-1.141,0.0,0.0,ACTIVE,0.0,0.0,0,0,0,0,1,0.842418235877112,-1.3214403700032957,1,0.0,0.0,0.0,0.0,0.0,0.0,FINAL,0.0,2026-08-23T21:17:15.308091,0.842418235877112,1.3214403700032957,0.0,0.0,0.0,RS_LOW,-1.0,0.738,1.158,,LONG,"[""shadow_rs_low"", ""shadow_regime_bad""]",0,,,,,,RS_0_0.5,AI_20_40,SL,0,0,simulated_v8.6,,0,0,0
602,2026-08-23T20:35:52.698719+00:00,AVAXUSDT,BUY,DIP_BUY,7.565,7.94325,8.69975,7.47842,37.8,31.9,43.7,39.87,0.196,0,Pending ⏳,DIP_BUY trigger confirmed,22.7,54.2,76.0,RANGE,0.0,,,0.531,0.0,0.0,ACTIVE,0.0,0.0,0,0,0,0,1,1.4540647719761985,-0.06609385327165607,1,0.0,0.0,0.0,0.0,0.0,0.0,FINAL,0.0,2026-08-23T22:18:35.934790,1.4540647719761985,0.06609385327165607,0.0,0.0,0.0,RS_LOW,0.464,1.27,0.058,,LONG,"[""shadow_rs_low"", ""shadow_regime_bad""]",0,,,,,,RS_0_0.5,AI_20_40,SL,0,0,simulated_v8.6,,0,0,0
603,2026-08-23T20:56:05.731902+00:00,LITUSDT,BUY,VWAP_RECLAIM,3.315,3.431025,3.5802,3.28026306,39.7,12.3,36.0,26.56,-0.376,0,Pending ⏳,VWAP_RECLAIM trigger confirmed,23.8,54.2,76.0,RANGE,0.0,,,3.105,0.0,0.0,ACTIVE,0.0,0.0,0,0,1,0,1,3.9215686274509776,-0.2413273001508298,1,0.0,0.0,0.0,0.0,0.0,0.0,FINAL,0.0,2026-08-23T23:27:50.621392,3.9215686274509776,0.2413273001508298,0.0,0.0,0.0,RS_LOW,2.963,3.742,0.23,,LONG,"[""shadow_rs_low"", ""shadow_regime_bad""]",0,,,,,,RS<0,AI_20_40,TP1,0,0,simulated_v8.6,,0,0,0
604,2026-08-23T20:56:12.861226+00:00,BOMEUSDT,BUY,DIP_BUY,0.0012014,0.00126147,0.00138161,0.00118763,42.9,35.0,37.8,248.2,0.41,0,Pending ⏳,DIP_BUY trigger confirmed,25.7,54.2,76.0,RANGE,0.0,,,0.511,0.0,0.0,ACTIVE,0.0,0.0,0,0,0,0,1,1.4566339270850623,-0.19144331613118043,1,0.0,0.0,0.0,0.0,0.0,0.0,FINAL,0.0,2026-08-23T22:43:43.720689,1.4566339270850623,0.19144331613118043,0.0,0.0,0.0,RS_LOW,0.446,1.271,0.167,,LONG,"[""shadow_rs_low"", ""shadow_regime_bad""]",0,,,,,,RS_0_0.5,AI_40_60,SL,0,0,simulated_v8.6,,0,0,0
605,2026-08-23T20:56:30.511209+00:00,EIGENUSDT,BUY,DIP_BUY,0.2336,0.24528,0.26864,0.228452,31.5,21.6,22.0,3.26,0.919,0,Pending ⏳,DIP_BUY trigger confirmed,18.9,54.2,76.0,RANGE,0.0,,,-0.526,0.0,0.0,ACTIVE,0.0,0.0,0,0,0,0,1,1.498287671232878,-1.3698630136986336,1,0.0,0.0,0.0,0.0,0.0,0.0,FINAL,0.0,2026-08-23T22:43:43.726851,1.498287671232878,1.3698630136986336,0.0,0.0,0.0,RS_OK,-0.239,0.68,0.622,,LONG,"[""shadow_rs_ok"", ""shadow_regime_bad""]",0,,,,,,RS_0.5_1,AI_20_40,SL,0,0,simulated_v8.6,,0,0,0
606,2026-08-23T21:14:59.827362+00:00,STXUSDT,BUY,DIP_BUY,0.2365,0.248325,0.271975,0.229049,60.2,51.8,50.3,287.44,1.663,0,Pending ⏳,DIP_BUY trigger confirmed,53.0,54.2,76.0,RANGE,0.0,,,-3.151,0.0,0.0,ACTIVE,0.0,0.0,0,0,0,0,1,0.12684989429176427,-5.243128964059195,1,0.0,0.0,0.0,0.0,0.0,0.0,FINAL,0.0,2026-08-23T21:41:13.125293,0.12684989429176427,5.243128964059195,0.0,0.0,0.0,RS_OK,-1.0,0.04,1.664,,LONG,"[""shadow_rs_ok"", ""shadow_regime_bad"", ""shadow_hour_weak""]",0,,,,,,RS>1,AI_60_80,SL,0,0,simulated_v8.6,,0,0,0
607,2026-08-23T21:16:34.599782+00:00,MELANIAUSDT,BUY,DIP_BUY,0.111,0.11655,0.12765,0.10979825,58.2,17.9,58.3,21.19,-0.135,1,Pending ⏳,DIP_BUY trigger confirmed,51.2,54.2,76.0,RANGE,0.0,,,-1.083,0.0,0.0,ACTIVE,0.0,0.0,0,0,0,0,1,0.6126126126126127,-1.1081081081081035,1,0.0,0.0,0.0,0.0,0.0,0.0,FINAL,0.0,2026-08-23T21:58:04.353806,0.6126126126126127,1.1081081081081035,0.0,0.0,0.0,RS_LOW,-1.0,0.566,1.023,,LONG,"[""shadow_rs_low"", ""shadow_regime_bad"", ""shadow_hour_weak""]",0,,,,,,RS<0,AI_40_60,SL,0,0,simulated_v8.6,,0,0,0
608,2026-08-23T21:56:51.039541+00:00,FILUSDT,BUY,DIP_BUY,0.7782,0.81711,0.89493,0.7708265,17.2,28.1,20.8,-69.45,0.285,0,Pending ⏳,DIP_BUY trigger confirmed,10.3,58.7,76.0,RANGE,0.0,,,-0.415,0.0,0.0,ACTIVE,0.0,0.0,0,0,0,0,1,0.218452839886923,-0.8352608583911527,1,0.0,0.0,0.0,0.0,0.0,0.0,FINAL,0.0,2026-08-23T23:27:50.625781,0.218452839886923,0.8352608583911527,0.0,0.0,0.0,RS_LOW,-0.438,0.231,0.882,,LONG,"[""shadow_rs_low"", ""shadow_regime_bad"", ""shadow_hour_weak""]",0,,,,,,RS_0_0.5,AI_0_20,SL,0,0,simulated_v8.6,,0,0,0
609,2026-08-23T21:56:52.416588+00:00,ETCUSDT,BUY,DIP_BUY,7.9872,8.38656,9.18528,7.907066,22.8,30.0,20.0,-43.68,0.503,0,Pending ⏳,DIP_BUY trigger confirmed,13.7,58.7,76.0,RANGE,0.0,,,-0.072,0.0,0.0,ACTIVE,0.0,0.0,0,0,0,0,1,0.3255208333333309,-0.7912660256410164,1,0.0,0.0,0.0,0.0,0.0,0.0,FINAL,0.0,2026-08-23T23:27:50.629939,0.3255208333333309,0.7912660256410164,0.0,0.0,0.0,RS_OK,-0.072,0.324,0.789,,LONG,"[""shadow_rs_ok"", ""shadow_regime_bad"", ""shadow_hour_weak""]",0,,,,,,RS_0.5_1,AI_20_40,SL,0,0,simulated_v8.6,,0,0,0
610,2026-08-23T23:00:48.199740+00:00,RAYUSDT,BUY,DIP_BUY,0.7734,0.81207,0.88941,0.762966,53.5,57.7,43.7,971.85,0.727,0,Pending ⏳,DIP_BUY trigger confirmed,47.1,54.2,76.0,RANGE,0.0,,,-0.982,0.0,0.0,ACTIVE,0.0,0.0,0,0,0,0,1,0.1292991983449704,-2.0170674941815294,1,0.0,0.0,0.0,0.0,0.0,0.0,FINAL,0.0,2026-08-24T01:28:51.255145,0.1292991983449704,2.0170674941815294,0.0,0.0,0.0,RS_OK,-0.728,0.096,1.495,,LONG,"[""shadow_rs_ok"", ""shadow_regime_bad""]",0,,,,,,RS_0.5_1,AI_40_60,SL,0,0,simulated_v8.6,,0,0,0
611,2026-08-24T02:47:14.107811+00:00,GIGGLEUSDT,BUY,DIP_BUY,36.99,38.8395,42.5385,36.20805,51.9,36.8,28.7,347.42,0.844,0,Pending ⏳,DIP_BUY trigger confirmed,45.7,60.1,83.0,RANGE,0.0,,,-0.334,0.0,0.0,ACTIVE,0.0,0.0,0,0,0,0,1,0.4055150040551462,-1.7572316842389795,1,0.0,0.0,0.0,0.0,0.0,0.0,FINAL,0.0,2026-08-24T05:16:26.112648,0.4055150040551462,1.7572316842389795,0.0,0.0,0.0,RS_OK,-0.158,0.192,0.831,,LONG,"[""shadow_rs_ok"", ""shadow_regime_bad""]",0,,,,,,RS_0.5_1,AI_40_60,SL,0,0,simulated_v8.6,,0,0,0
612,2026-08-24T04:29:51.744107+00:00,UNIUSDT,BUY,DIP_BUY,4.5263,4.752615,5.205245,4.3838705,54.8,36.4,34.1,41.52,2.192,0,Pending ⏳,DIP_BUY trigger confirmed,48.2,55.6,83.0,RANGE,0.0,,,-1.948,0.0,0.0,ACTIVE,0.0,0.0,0,0,0,0,1,0.12813998188365344,-2.326403464198125,1,0.0,0.0,0.0,0.0,0.0,0.0,FINAL,0.0,2026-08-24T06:42:36.346598,0.12813998188365344,2.326403464198125,0.0,0.0,0.0,RS_OK,-0.619,0.041,0.739,,LONG,"[""shadow_rs_ok"", ""shadow_regime_bad""]",0,,,,,,RS>1,AI_40_60,SL,0,0,simulated_v8.6,,0,0,0
613,2026-08-24T04:29:53.389385+00:00,ETHUSDT,BUY,DIP_BUY,2445.81,2568.1005,2812.6815,2416.22815,38.3,27.3,33.4,9.97,0.26,0,Pending ⏳,DIP_BUY trigger confirmed,23.0,55.6,83.0,RANGE,0.0,,,0.416,0.0,0.0,ACTIVE,0.0,0.0,0,0,0,0,1,1.1517656727219234,-0.6979282936941203,1,0.0,0.0,0.0,0.0,0.0,0.0,FINAL,0.0,2026-08-24T07:47:03.971681,1.1517656727219234,0.6979282936941203,0.0,0.0,0.0,RS_LOW,0.344,0.952,0.577,,LONG,"[""shadow_rs_low"", ""shadow_regime_bad""]",0,,,,,,RS_0_0.5,AI_20_40,SL,0,0,simulated_v8.6,,0,0,0
614,2026-08-24T04:29:55.877796+00:00,SOLUSDT,BUY,DIP_BUY,94.29,99.0045,108.4335,93.20165,21.4,43.0,41.5,-17.24,0.268,0,Pending ⏳,DIP_BUY trigger confirmed,12.8,55.6,83.0,RANGE,0.0,,,0.307,0.0,0.0,ACTIVE,0.0,0.0,0,0,0,0,1,1.2090359529112318,-0.8590518612790352,1,0.0,0.0,0.0,0.0,0.0,0.0,FINAL,0.0,2026-08-24T07:47:03.993675,1.2090359529112318,0.8590518612790352,0.0,0.0,0.0,RS_LOW,0.266,1.047,0.744,,LONG,"[""shadow_rs_low"", ""shadow_regime_bad""]",0,,,,,,RS_0_0.5,AI_20_40,SL,0,0,simulated_v8.6,,0,0,0
615,2026-08-24T04:29:57.508309+00:00,ZECUSDT,BUY,DIP_BUY,834.451,876.17355,959.61865,823.58737,14.2,20.0,17.5,-18.64,0.202,0,Pending ⏳,DIP_BUY trigger confirmed,8.5,55.6,83.0,RANGE,0.0,,,0.079,0.0,0.0,ACTIVE,0.0,0.0,0,0,0,0,1,1.611718363331095,-1.110550529629667,1,0.0,0.0,0.0,0.0,0.0,0.0,FINAL,0.0,2026-08-24T06:47:10.750831,1.611718363331095,1.110550529629667,0.0,0.0,0.0,RS_LOW,0.061,1.238,0.853,,LONG,"[""shadow_rs_low"", ""shadow_regime_bad""]",0,,,,,,RS_0_0.5,AI_0_20,SL,0,0,simulated_v8.6,,0,0,0
616,2026-08-24T04:30:01.161022+00:00,DOGEUSDT,BUY,DIP_BUY,0.09213,0.0967365,0.1059495,0.09069425,43.7,28.4,33.9,45.16,0.614,0,Pending ⏳,DIP_BUY trigger confirmed,26.2,55.6,83.0,RANGE,0.0,,,-0.418,0.0,0.0,ACTIVE,0.0,0.0,0,0,0,0,1,1.0637143167263592,-0.8574839900141095,1,0.0,0.0,0.0,0.0,0.0,0.0,FINAL,0.0,2026-08-24T06:42:36.387720,1.0637143167263592,0.8574839900141095,0.0,0.0,0.0,RS_OK,-0.268,0.683,0.55,,LONG,"[""shadow_rs_ok"", ""shadow_regime_bad""]",0,,,,,,RS_0.5_1,AI_40_60,SL,0,0,simulated_v8.6,,0,0,0
617,2026-08-24T04:31:03.515436+00:00,GRVTUSDT,BUY,DIP_BUY,0.2218,0.23289,0.25507,0.2178055,21.7,20.2,21.8,-15.0,-0.102,0,Pending ⏳,DIP_BUY trigger confirmed,13.0,55.6,83.0,RANGE,0.0,,,-1.092,0.0,0.0,ACTIVE,0.0,0.0,0,0,0,0,1,0.0,-1.3976555455365156,1,0.0,0.0,0.0,0.0,0.0,0.0,FINAL,0.0,2026-08-24T05:57:43.092649,0.0,1.3976555455365156,0.0,0.0,0.0,RS_LOW,-0.606,0.0,0.776,,LONG,"[""shadow_rs_low"", ""shadow_regime_bad""]",0,,,,,,RS<0,AI_20_40,SL,0,0,simulated_v8.6,,0,0,0
618,2026-08-24T05:13:59.863674+00:00,TRUMPUSDT,BUY,DIP_BUY,2.513,2.63865,2.88995,2.462625,40.3,22.4,34.9,55.86,0.315,0,Pending ⏳,DIP_BUY trigger confirmed,24.2,55.6,83.0,RANGE,0.0,,,-2.005,0.0,0.0,ACTIVE,0.0,0.0,0,0,0,0,1,0.31834460803820164,-2.0692399522483105,1,0.0,0.0,0.0,0.0,0.0,0.0,FINAL,0.0,2026-08-24T05:57:43.097018,0.31834460803820164,2.0692399522483105,0.0,0.0,0.0,RS_LOW,-1.0,0.159,1.032,,LONG,"[""shadow_rs_low"", ""shadow_regime_bad""]",0,,,,,,RS_0_0.5,AI_40_60,SL,0,0,simulated_v8.6,,0,0,0
619,2026-08-24T05:14:01.350214+00:00,BNBUSDT,BUY,DIP_BUY,699.264,734.2272,804.1536,691.17277,37.1,26.2,44.8,9.05,0.094,0,Pending ⏳,DIP_BUY trigger confirmed,22.3,55.6,83.0,RANGE,0.0,,,0.004,0.0,0.0,ACTIVE,0.0,0.0,0,0,0,0,1,0.5501498718652726,-0.4666334889255036,1,0.0,0.0,0.0,0.0,0.0,0.0,FINAL,0.0,2026-08-24T07:47:04.008933,0.5501498718652726,0.4666334889255036,0.0,0.0,0.0,RS_LOW,0.003,0.475,0.403,,LONG,"[""shadow_rs_low"", ""shadow_regime_bad""]",0,,,,,,RS_0_0.5,AI_20_40,SL,0,0,simulated_v8.6,,0,0,0
620,2026-08-24T05:14:05.735578+00:00,SUIUSDT,BUY,DIP_BUY,0.8312,0.87276,0.95588,0.816696,40.4,33.9,47.3,17.13,0.053,0,Pending ⏳,DIP_BUY trigger confirmed,24.2,55.6,83.0,RANGE,0.0,,,-1.745,0.0,0.0,ACTIVE,0.0,0.0,0,0,0,0,1,0.5654475457170267,-1.7564966313763302,1,0.0,0.0,0.0,0.0,0.0,0.0,FINAL,0.0,2026-08-24T06:42:36.398676,0.5654475457170267,1.7564966313763302,0.0,0.0,0.0,RS_LOW,-1.0,0.324,1.007,,LONG,"[""shadow_rs_low"", ""shadow_regime_bad""]",0,,,,,,RS_0_0.5,AI_40_60,SL,0,0,simulated_v8.6,,0,0,0
621,2026-08-24T05:14:14.665835+00:00,NEARUSDT,BUY,DIP_BUY,2.0291,2.130555,2.333465,1.98204,20.1,20.0,22.5,-8.57,0.993,0,Pending ⏳,DIP_BUY trigger confirmed,12.1,55.6,83.0,RANGE,0.0,,,-2.319,0.0,0.0,ACTIVE,0.0,0.0,0,0,0,0,1,0.3794785865654634,-2.380365679365247,1,0.0,0.0,0.0,0.0,0.0,0.0,FINAL,0.0,2026-08-24T05:57:43.110977,0.3794785865654634,2.380365679365247,0.0,0.0,0.0,RS_OK,-1.0,0.164,1.026,,LONG,"[""shadow_rs_ok"", ""shadow_regime_bad""]",0,,,,,,RS_0.5_1,AI_20_40,SL,0,0,simulated_v8.6,,0,0,0
622,2026-08-24T05:14:21.303106+00:00,AVAXUSDT,BUY,DIP_BUY,7.525,7.90125,8.65375,7.41872,20.1,29.7,24.5,0.2,-0.085,0,Pending ⏳,DIP_BUY trigger confirmed,12.1,55.6,83.0,RANGE,0.0,,,-1.119,0.0,0.0,ACTIVE,0.0,0.0,0,0,0,0,1,0.0398671096345412,-1.1428571428571468,1,0.0,0.0,0.0,0.0,0.0,0.0,FINAL,0.0,2026-08-24T06:42:36.403710,0.0398671096345412,1.1428571428571468,0.0,0.0,0.0,RS_LOW,-0.792,0.028,0.809,,LONG,"[""shadow_rs_low"", ""shadow_regime_bad""]",0,,,,,,RS<0,AI_20_40,SL,0,0,simulated_v8.6,,0,0,0
623,2026-08-24T05:14:24.270039+00:00,TAOUSDT,BUY,DIP_BUY,236.72,248.556,272.228,232.7504,46.3,26.4,36.8,44.4,0.404,0,Pending ⏳,DIP_BUY trigger confirmed,27.8,55.6,83.0,RANGE,0.0,,,-1.365,0.0,0.0,ACTIVE,0.0,0.0,0,0,0,0,1,0.5533964177086863,-1.6137208516390642,1,0.0,0.0,0.0,0.0,0.0,0.0,FINAL,0.0,2026-08-24T06:42:36.408196,0.5533964177086863,1.6137208516390642,0.0,0.0,0.0,RS_LOW,-0.814,0.33,0.962,,LONG,"[""shadow_rs_low"", ""shadow_regime_bad""]",0,,,,,,RS_0_0.5,AI_40_60,SL,0,0,simulated_v8.6,,0,0,0
624,2026-08-24T05:14:27.158773+00:00,BCHUSDT,BUY,DIP_BUY,270.38,283.899,310.937,267.058,47.0,35.1,34.5,214.57,0.34,0,Pending ⏳,DIP_BUY trigger confirmed,28.2,55.6,83.0,RANGE,0.0,,,-0.788,0.0,0.0,ACTIVE,0.0,0.0,0,0,0,0,1,0.2477993934462667,-1.4091278940750063,1,0.0,0.0,0.0,0.0,0.0,0.0,FINAL,0.0,2026-08-24T06:42:36.412724,0.2477993934462667,1.4091278940750063,0.0,0.0,0.0,RS_LOW,-0.641,0.202,1.147,,LONG,"[""shadow_rs_low"", ""shadow_regime_bad""]",0,,,,,,RS_0_0.5,AI_40_60,SL,0,0,simulated_v8.6,,0,0,0
625,2026-08-24T05:14:30.038101+00:00,ONDOUSDT,BUY,DIP_BUY,0.3752,0.39396,0.43148,0.36774205,48.3,29.2,37.5,70.86,0.638,0,Pending ⏳,DIP_BUY trigger confirmed,29.0,55.6,83.0,RANGE,0.0,,,-0.746,0.0,0.0,ACTIVE,0.0,0.0,0,0,0,0,1,0.17324093816632183,-1.4205756929637532,1,0.0,0.0,0.0,0.0,0.0,0.0,FINAL,0.0,2026-08-24T08:31:57.436711,0.17324093816632183,1.4205756929637532,0.0,0.0,0.0,RS_OK,-0.375,0.087,0.715,,LONG,"[""shadow_rs_ok"", ""shadow_regime_bad""]",0,,,,,,RS_0.5_1,AI_40_60,SL,0,0,simulated_v8.6,,0,0,0
626,2026-08-24T05:14:41.699343+00:00,DOTUSDT,BUY,DIP_BUY,0.9171,0.962955,1.054665,0.902266,46.7,35.3,38.8,33.99,0.462,0,Pending ⏳,DIP_BUY trigger confirmed,28.0,55.6,83.0,RANGE,0.0,,,-1.617,0.0,0.0,ACTIVE,0.0,0.0,0,0,0,0,1,0.09813542688910826,-1.6683022571148163,1,0.0,0.0,0.0,0.0,0.0,0.0,FINAL,0.0,2026-08-24T06:42:36.422900,0.09813542688910826,1.6683022571148163,0.0,0.0,0.0,RS_LOW,-1.0,0.061,1.031,,LONG,"[""shadow_rs_low"", ""shadow_regime_bad""]",0,,,,,,RS_0_0.5,AI_40_60,SL,0,0,simulated_v8.6,,0,0,0
627,2026-08-24T05:14:59.367367+00:00,BOMEUSDT,BUY,DIP_BUY,0.0011596,0.00121758,0.00133354,0.00114415,47.6,27.5,39.2,172.74,0.559,0,Pending ⏳,DIP_BUY trigger confirmed,28.6,55.6,83.0,RANGE,0.0,,,-1.332,0.0,0.0,ACTIVE,0.0,0.0,0,0,0,0,1,0.2673335632976907,-1.4056571231459045,1,0.0,0.0,0.0,0.0,0.0,0.0,FINAL,0.0,2026-08-24T05:57:43.139316,0.2673335632976907,1.4056571231459045,0.0,0.0,0.0,RS_OK,-1.0,0.201,1.055,,LONG,"[""shadow_rs_ok"", ""shadow_regime_bad""]",0,,,,,,RS_0.5_1,AI_40_60,SL,0,0,simulated_v8.6,,0,0,0
628,2026-08-24T05:15:04.151454+00:00,POLUSDT,BUY,DIP_BUY,0.1075,0.112875,0.123625,0.105669,25.9,20.0,26.7,-17.46,0.749,0,Pending ⏳,DIP_BUY trigger confirmed,15.5,55.6,83.0,RANGE,0.0,,,0.173,0.0,0.0,ACTIVE,0.0,0.0,0,0,0,0,1,2.325581395348839,-0.9302325581395358,1,0.0,0.0,0.0,0.0,0.0,0.0,FINAL,0.0,2026-08-24T06:42:36.427245,2.325581395348839,0.9302325581395358,0.0,0.0,0.0,RS_OK,0.102,1.365,0.546,,LONG,"[""shadow_rs_ok"", ""shadow_regime_bad""]",0,,,,,,RS_0.5_1,AI_20_40,SL,0,0,simulated_v8.6,,0,0,0
629,2026-08-24T05:15:20.589579+00:00,ZORAUSDT,BUY,DIP_BUY,0.006818,0.0071589,0.0078407,0.00668839,50.3,33.2,37.2,229.65,0.842,0,Pending ⏳,DIP_BUY trigger confirmed,44.3,55.6,83.0,RANGE,0.0,,,-0.996,0.0,0.0,ACTIVE,0.0,0.0,0,0,0,0,1,0.4400117336462253,-1.1000293341155825,1,0.0,0.0,0.0,0.0,0.0,0.0,FINAL,0.0,2026-08-24T06:47:10.775772,0.4400117336462253,1.1000293341155825,0.0,0.0,0.0,RS_OK,-0.524,0.231,0.579,,LONG,"[""shadow_rs_ok"", ""shadow_regime_bad""]",0,,,,,,RS_0.5_1,AI_40_60,SL,0,0,simulated_v8.6,,0,0,0
630,2026-08-24T05:15:35.668563+00:00,ATOMUSDT,BUY,DIP_BUY,1.5824,1.66152,1.81976,1.56016,48.1,35.2,35.4,190.93,0.402,0,Pending ⏳,DIP_BUY trigger confirmed,28.9,55.6,83.0,RANGE,0.0,,,-0.716,0.0,0.0,ACTIVE,0.0,0.0,0,0,0,0,1,0.0,-0.7583417593528824,1,0.0,0.0,0.0,0.0,0.0,0.0,FINAL,0.0,2026-08-24T06:42:36.435208,0.0,0.7583417593528824,0.0,0.0,0.0,RS_LOW,-0.509,0.0,0.54,,LONG,"[""shadow_rs_low"", ""shadow_regime_bad""]",0,,,,,,RS_0_0.5,AI_40_60,SL,0,0,simulated_v8.6,,0,0,0
631,2026-08-24T05:15:46.895784+00:00,MELANIAUSDT,BUY,DIP_BUY,0.10466,0.109893,0.120359,0.1031417,42.4,22.6,44.4,182.16,-0.122,0,Pending ⏳,DIP_BUY trigger confirmed,25.4,55.6,83.0,RANGE,0.0,,,-0.65,0.0,0.0,ACTIVE,0.0,0.0,0,0,0,0,1,0.2961972100133679,-1.4141028090961294,1,0.0,0.0,0.0,0.0,0.0,0.0,FINAL,0.0,2026-08-24T06:42:36.439536,0.2961972100133679,1.4141028090961294,0.0,0.0,0.0,RS_LOW,-0.448,0.204,0.975,,LONG,"[""shadow_rs_low"", ""shadow_regime_bad""]",0,,,,,,RS<0,AI_40_60,SL,0,0,simulated_v8.6,,0,0,0
632,2026-08-24T05:15:55.919681+00:00,SUSDT,BUY,DIP_BUY,0.02777,0.0291585,0.0319355,0.0273227,16.6,28.0,19.9,-62.74,0.04,0,Pending ⏳,DIP_BUY trigger confirmed,10.0,55.6,83.0,RANGE,0.0,,,0.026,0.0,0.0,ACTIVE,0.0,0.0,0,0,0,0,1,1.332373064458044,-0.4321209938782808,1,0.0,0.0,0.0,0.0,0.0,0.0,FINAL,0.0,2026-08-24T07:47:04.042961,1.332373064458044,0.4321209938782808,0.0,0.0,0.0,RS_LOW,0.016,0.827,0.268,,LONG,"[""shadow_rs_low"", ""shadow_regime_bad""]",0,,,,,,RS_0_0.5,AI_0_20,SL,0,0,simulated_v8.6,,0,0,0
633,2026-08-24T06:41:26.974310+00:00,ACEUSDT,BUY,DIP_BUY,0.24036,0.252378,0.276414,0.238402,51.0,52.2,49.1,7361.71,0.209,0,Pending ⏳,DIP_BUY trigger confirmed,44.9,55.6,83.0,RANGE,0.0,,,-0.815,0.0,0.0,ACTIVE,0.0,0.0,0,0,0,0,1,0.8071226493592933,-1.8555500083208487,1,0.0,0.0,0.0,0.0,0.0,0.0,FINAL,0.0,2026-08-24T07:47:04.047256,0.8071226493592933,1.8555500083208487,0.0,0.0,0.0,RS_LOW,-1.0,0.991,2.278,,LONG,"[""shadow_rs_low"", ""shadow_regime_bad"", ""shadow_hour_weak""]",0,,,,,,RS_0_0.5,AI_40_60,SL,0,0,simulated_v8.6,,0,0,0
634,2026-08-24T06:41:54.562735+00:00,FFUSDT,BUY,DIP_BUY,0.0896,0.09408,0.10304,0.08860475,41.7,20.3,52.2,46.86,0.082,0,Pending ⏳,DIP_BUY trigger confirmed,25.0,55.6,83.0,RANGE,0.0,,,1.604,0.0,0.0,ACTIVE,0.0,0.0,0,0,0,0,1,2.2879464285714244,-0.4352678571428588,1,0.0,0.0,0.0,0.0,0.0,0.0,FINAL,0.0,2026-08-24T08:31:57.445395,2.2879464285714244,0.4352678571428588,0.0,0.0,0.0,RS_LOW,1.444,2.06,0.392,,LONG,"[""shadow_rs_low"", ""shadow_regime_bad"", ""shadow_hour_weak""]",0,,,,,,RS_0_0.5,AI_40_60,SL,0,0,simulated_v8.6,,0,0,0
635,2026-08-24T09:04:48.493504+00:00,BTCUSDT,BUY,DIP_BUY,77169.3,81027.765,88744.695,76456.2975,12.1,18.5,16.4,-63.42,0.0,0,Pending ⏳,DIP_BUY trigger confirmed,7.3,55.6,83.0,RANGE,0.0,,,0.617,0.0,0.0,ACTIVE,0.0,0.0,0,0,0,0,1,1.0764643452771985,-0.0020733633711927163,1,0.0,0.0,0.0,0.0,0.0,0.0,FINAL,0.0,2026-08-24T10:55:42.764806,1.0764643452771985,0.0020733633711927163,0.0,0.0,0.0,RS_LOW,0.668,1.165,0.002,,LONG,"[""shadow_rs_low"", ""shadow_regime_bad"", ""shadow_hour_weak""]",0,,,,,,RS_0_0.5,AI_0_20,SL,0,0,simulated_v8.6,,0,0,0
636,2026-08-24T09:04:49.449577+00:00,ETHUSDT,BUY,DIP_BUY,2459.99,2582.9895,2828.9885,2424.0588,19.1,43.0,38.0,-32.87,0.005,0,Pending ⏳,DIP_BUY trigger confirmed,11.5,55.6,83.0,RANGE,0.0,,,0.32,0.0,0.0,ACTIVE,0.0,0.0,0,0,0,0,1,1.1597608120358296,-0.2613831763543688,1,0.0,0.0,0.0,0.0,0.0,0.0,FINAL,0.0,2026-08-24T10:55:42.774304,1.1597608120358296,0.2613831763543688,0.0,0.0,0.0,RS_LOW,0.219,0.794,0.179,,LONG,"[""shadow_rs_low"", ""shadow_regime_bad"", ""shadow_hour_weak""]",0,,,,,,RS_0_0.5,AI_0_20,SL,0,0,simulated_v8.6,,0,0,0
637,2026-08-24T09:04:51.942696+00:00,AAVEUSDT,BUY,DIP_BUY,139.576,146.5548,160.5124,136.497085,44.3,22.9,28.4,13.55,0.486,0,Pending ⏳,DIP_BUY trigger confirmed,26.6,55.6,83.0,RANGE,0.0,,,-2.206,0.0,0.0,ACTIVE,0.0,0.0,0,0,0,0,1,1.4515389465237651,-2.263999541468445,1,0.0,0.0,0.0,0.0,0.0,0.0,FINAL,0.0,2026-08-24T10:55:42.779426,1.4515389465237651,2.263999541468445,0.0,0.0,0.0,RS_LOW,-1.0,0.658,1.026,,LONG,"[""shadow_rs_low"", ""shadow_regime_bad"", ""shadow_hour_weak""]",0,,,,,,RS_0_0.5,AI_40_60,SL,0,0,simulated_v8.6,,0,0,0
638,2026-08-24T09:04:53.511070+00:00,UNIUSDT,BUY,DIP_BUY,4.34,4.557,4.991,4.295415,21.8,43.0,35.1,-12.29,0.074,0,Pending ⏳,DIP_BUY trigger confirmed,13.1,55.6,83.0,RANGE,0.0,,,-0.281,0.0,0.0,ACTIVE,0.0,0.0,0,0,0,0,1,1.0368663594470031,-0.4423963133640475,1,0.0,0.0,0.0,0.0,0.0,0.0,FINAL,0.0,2026-08-24T10:55:42.785548,1.0368663594470031,0.4423963133640475,0.0,0.0,0.0,RS_LOW,-0.274,1.009,0.431,,LONG,"[""shadow_rs_low"", ""shadow_regime_bad"", ""shadow_hour_weak""]",0,,,,,,RS_0_0.5,AI_20_40,SL,0,0,simulated_v8.6,,0,0,0
639,2026-08-24T09:05:00.874368+00:00,TAOUSDT,BUY,DIP_BUY,233.64,245.322,268.686,229.845,22.6,34.7,19.8,-14.97,0.205,0,Pending ⏳,DIP_BUY trigger confirmed,13.6,55.6,83.0,RANGE,0.0,,,1.09,0.0,0.0,ACTIVE,0.0,0.0,0,0,0,0,1,2.465331278890609,0.0,1,0.0,0.0,0.0,0.0,0.0,0.0,FINAL,0.0,2026-08-24T10:55:42.793957,2.465331278890609,0.0,0.0,0.0,0.0,RS_LOW,0.671,1.518,0.0,,LONG,"[""shadow_rs_low"", ""shadow_regime_bad"", ""shadow_hour_weak""]",0,,,,,,RS_0_0.5,AI_20_40,SL,0,1,simulated_v8.6,,0,0,0
640,2026-08-24T09:05:18.558906+00:00,FILUSDT,BUY,DIP_BUY,0.752,0.7896,0.8648,0.739484,58.9,30.2,49.4,63.1,0.186,1,Pending ⏳,DIP_BUY trigger confirmed,51.8,55.6,83.0,RANGE,0.0,,,0.528,0.0,0.0,ACTIVE,0.0,0.0,0,0,0,0,1,1.1436170212766026,0.0,1,0.0,0.0,0.0,0.0,0.0,0.0,FINAL,0.0,2026-08-24T10:55:42.802158,1.1436170212766026,0.0,0.0,0.0,0.0,RS_LOW,0.317,0.687,0.0,,LONG,"[""shadow_rs_low"", ""shadow_regime_bad"", ""shadow_hour_weak""]",0,,,,,,RS_0_0.5,AI_40_60,SL,0,0,simulated_v8.6,,0,0,0
641,2026-08-24T09:05:22.169073+00:00,BOMEUSDT,BUY,DIP_BUY,0.00115,0.0012075,0.0013225,0.00112972,22.0,18.1,13.6,-18.88,0.303,0,Pending ⏳,DIP_BUY trigger confirmed,13.2,55.6,83.0,RANGE,0.0,,,0.301,0.0,0.0,ACTIVE,0.0,0.0,0,0,0,0,1,1.0260869565217359,-0.10434782608695906,1,0.0,0.0,0.0,0.0,0.0,0.0,FINAL,0.0,2026-08-24T10:55:42.812454,1.0260869565217359,0.10434782608695906,0.0,0.0,0.0,RS_LOW,0.171,0.582,0.059,,LONG,"[""shadow_rs_low"", ""shadow_regime_bad"", ""shadow_hour_weak""]",0,,,,,,RS_0_0.5,AI_20_40,SL,0,0,simulated_v8.6,,0,0,0
642,2026-08-24T09:05:30.764920+00:00,JUPUSDT,BUY,DIP_BUY,0.2071,0.217455,0.238165,0.2028805,17.2,35.2,15.1,-84.46,0.303,0,Pending ⏳,DIP_BUY trigger confirmed,10.3,55.6,83.0,RANGE,0.0,,,0.19,0.0,0.0,ACTIVE,0.0,0.0,0,0,0,0,1,0.8208594881699696,-0.19314340898117405,1,0.0,0.0,0.0,0.0,0.0,0.0,FINAL,0.0,2026-08-24T10:55:42.818588,0.8208594881699696,0.19314340898117405,0.0,0.0,0.0,RS_LOW,0.093,0.403,0.095,,LONG,"[""shadow_rs_low"", ""shadow_regime_bad"", ""shadow_hour_weak""]",0,,,,,,RS_0_0.5,AI_0_20,SL,0,0,simulated_v8.6,,0,0,0
643,2026-08-24T09:05:53.263072+00:00,ZENUSDT,BUY,VWAP_RECLAIM,5.504,5.69664,5.94432,5.44745408,40.4,49.9,30.2,-78.59,0.635,1,Pending ⏳,VWAP_RECLAIM trigger confirmed,24.2,55.6,83.0,RANGE,0.0,,,0.167,0.0,0.0,ACTIVE,0.0,0.0,0,0,0,0,1,1.1446220930232671,0.0,1,0.0,0.0,0.0,0.0,0.0,0.0,FINAL,0.0,2026-08-24T10:55:42.827013,1.1446220930232671,0.0,0.0,0.0,0.0,RS_OK,0.163,1.114,0.0,,LONG,"[""shadow_rs_ok"", ""shadow_regime_bad"", ""shadow_hour_weak""]",0,,,,,,RS_0.5_1,AI_40_60,SL,0,0,simulated_v8.6,,0,0,0
644,2026-08-24T09:26:19.134133+00:00,BCHUSDT,BUY,DIP_BUY,269.53,283.0065,309.9595,264.44115,19.6,20.0,14.3,-63.19,0.63,0,Pending ⏳,DIP_BUY trigger confirmed,11.8,55.6,83.0,RANGE,0.0,,,0.171,0.0,0.0,ACTIVE,0.0,0.0,0,0,0,0,1,0.7717137238897492,0.0,1,0.0,0.0,0.0,0.0,0.0,0.0,FINAL,0.0,2026-08-24T10:55:42.833118,0.7717137238897492,0.0,0.0,0.0,0.0,RS_OK,0.091,0.409,0.0,,LONG,"[""shadow_rs_ok"", ""shadow_regime_bad"", ""shadow_hour_weak""]",0,,,,,,RS_0.5_1,AI_0_20,SL,0,0,simulated_v8.6,,0,0,0
645,2026-08-24T10:12:01.660354+00:00,ZORAUSDT,BUY,VWAP_RECLAIM,0.006811,0.00704939,0.00735588,0.00670977,39.0,20.8,46.5,36.43,0.766,0,Pending ⏳,VWAP_RECLAIM trigger confirmed,23.4,55.6,83.0,RANGE,0.0,,,-0.645,0.0,0.0,ACTIVE,0.0,0.0,0,0,0,0,1,0.9690207018059035,-1.4388489208633093,1,0.0,0.0,0.0,0.0,0.0,0.0,FINAL,0.0,2026-08-24T12:19:38.887226,0.9690207018059035,1.4388489208633093,0.0,0.0,0.0,RS_OK,-0.434,0.652,0.968,,LONG,"[""shadow_rs_ok"", ""shadow_regime_bad""]",0,,,,,,RS_0.5_1,AI_20_40,SL,0,0,simulated_v8.6,,0,0,0
646,2026-08-24T10:12:35.924457+00:00,IMXUSDT,BUY,DIP_BUY,0.1294,0.13587,0.14881,0.1282555,40.5,26.1,48.6,102.89,0.034,0,Pending ⏳,DIP_BUY trigger confirmed,24.3,55.6,83.0,RANGE,0.0,,,-0.884,0.0,0.0,ACTIVE,0.0,0.0,0,0,0,0,1,0.0,-1.081916537867067,1,0.0,0.0,0.0,0.0,0.0,0.0,FINAL,0.0,2026-08-24T10:55:42.842326,0.0,1.081916537867067,0.0,0.0,0.0,RS_LOW,-0.999,0.0,1.223,,LONG,"[""shadow_rs_low"", ""shadow_regime_bad""]",0,,,,,,RS_0_0.5,AI_40_60,SL,0,0,simulated_v8.6,,0,0,0
647,2026-08-24T10:55:00.916770+00:00,MELANIAUSDT,BUY,DIP_BUY,0.1081,0.113505,0.124315,0.1061466,16.8,21.5,27.4,-62.44,0.336,0,Pending ⏳,DIP_BUY trigger confirmed,10.1,55.6,83.0,RANGE,0.0,,,0.361,0.0,0.0,ACTIVE,0.0,0.0,0,0,0,0,1,1.9981498612395885,-1.0453283996299778,1,0.0,0.0,0.0,0.0,0.0,0.0,FINAL,0.0,2026-08-24T13:20:35.710009,1.9981498612395885,1.0453283996299778,0.0,0.0,0.0,RS_LOW,0.2,1.106,0.578,,LONG,"[""shadow_rs_low"", ""shadow_regime_bad""]",0,,,,,,RS_0_0.5,AI_0_20,SL,0,1,simulated_v8.6,,0,0,0
648,2026-08-24T11:18:02.817182+00:00,GRAMUSDT,BUY,DIP_BUY,1.472,1.5456,1.6928,1.459665,11.3,11.0,22.0,-42.3,-0.083,0,Pending ⏳,DIP_BUY trigger confirmed,6.8,55.6,83.0,RANGE,0.0,,,0.505,0.0,0.0,ACTIVE,0.0,0.0,0,0,0,0,1,1.2907608695652262,-0.2038043478260796,1,0.0,0.0,0.0,0.0,0.0,0.0,FINAL,0.0,2026-08-24T14:09:49.004198,1.2907608695652262,0.2038043478260796,0.0,0.0,0.0,RS_LOW,0.603,1.54,0.243,,LONG,"[""shadow_rs_low"", ""shadow_regime_bad"", ""shadow_hour_weak""]",0,,,,,,RS<0,AI_0_20,SL,0,0,simulated_v8.6,,0,0,0
649,2026-08-24T11:18:34.116276+00:00,FFUSDT,BUY,DIP_BUY,0.08866,0.093093,0.101959,0.0866048,31.4,18.9,17.0,1.02,1.512,0,Pending ⏳,DIP_BUY trigger confirmed,18.8,55.6,83.0,RANGE,0.0,,,-2.318,0.0,0.0,ACTIVE,0.0,0.0,0,0,0,0,1,0.0,-3.000225580870753,1,0.0,0.0,0.0,0.0,0.0,0.0,FINAL,0.0,2026-08-24T12:19:38.903000,0.0,3.000225580870753,0.0,0.0,0.0,RS_OK,-1.0,0.0,1.294,,LONG,"[""shadow_rs_ok"", ""shadow_regime_bad"", ""shadow_hour_weak""]",0,,,,,,RS>1,AI_20_40,SL,0,0,simulated_v8.6,,0,0,0
650,2026-08-24T11:47:54.296013+00:00,BOMEUSDT,BUY,DIP_BUY,0.0011615,0.00121958,0.00133572,0.00113231,24.9,38.0,39.1,-18.73,0.567,0,Pending ⏳,DIP_BUY trigger confirmed,14.9,64.6,83.0,RANGE,0.0,,,-0.83,0.0,0.0,ACTIVE,0.0,0.0,0,0,0,0,1,0.24967714162719826,-1.5669393026259062,1,0.0,0.0,0.0,0.0,0.0,0.0,FINAL,0.0,2026-08-24T13:20:35.729981,0.24967714162719826,1.5669393026259062,0.0,0.0,0.0,RS_OK,-0.33,0.099,0.624,,LONG,"[""shadow_rs_ok"", ""shadow_regime_bad"", ""shadow_hour_weak""]",0,,,,,,RS_0.5_1,AI_20_40,SL,0,0,simulated_v8.6,,0,0,0
651,2026-08-24T14:07:45.259094+00:00,PYTHUSDT,BUY,DIP_BUY,0.05,0.0525,0.0575,0.0490734,50.2,39.6,27.3,134.91,0.659,0,Pending ⏳,DIP_BUY trigger confirmed,44.2,55.6,83.0,RANGE,0.0,,,1.821,0.0,0.0,ACTIVE,0.0,0.0,0,0,0,0,1,2.819999999999989,0.0,1,0.0,0.0,0.0,0.0,0.0,0.0,FINAL,0.0,2026-08-24T16:11:14.223267,2.819999999999989,0.0,0.0,0.0,0.0,RS_OK,0.983,1.522,0.0,,LONG,"[""shadow_rs_ok"", ""shadow_regime_bad""]",0,,,,,,RS_0.5_1,AI_40_60,SL,0,0,simulated_v8.6,,0,0,0
652,2026-08-24T14:08:22.556313+00:00,FILUSDT,BUY,DIP_BUY,0.7552,0.79296,0.86848,0.744061,42.7,20.3,43.0,14.61,-0.111,0,Pending ⏳,DIP_BUY trigger confirmed,25.6,55.6,83.0,RANGE,0.0,,,1.198,0.0,0.0,ACTIVE,0.0,0.0,0,0,0,0,1,2.2510593220339,0.0,1,0.0,0.0,0.0,0.0,0.0,0.0,FINAL,0.0,2026-08-24T16:11:14.229815,2.2510593220339,0.0,0.0,0.0,0.0,RS_LOW,0.812,1.526,0.0,,LONG,"[""shadow_rs_low"", ""shadow_regime_bad""]",0,,,,,,RS<0,AI_40_60,SL,0,0,simulated_v8.6,,0,0,0
653,2026-08-24T14:09:03.199808+00:00,ZORAUSDT,BUY,DIP_BUY,0.006761,0.00709905,0.00777515,0.00661874,49.9,51.1,50.2,240.73,-0.117,0,Pending ⏳,DIP_BUY trigger confirmed,29.9,55.6,83.0,RANGE,0.0,,,1.342,0.0,0.0,ACTIVE,0.0,0.0,0,0,0,0,1,2.2629788492826557,0.0,1,0.0,0.0,0.0,0.0,0.0,0.0,FINAL,0.0,2026-08-24T16:11:14.237005,2.2629788492826557,0.0,0.0,0.0,0.0,RS_LOW,0.638,1.076,0.0,,LONG,"[""shadow_rs_low"", ""shadow_regime_bad""]",0,,,,,,RS<0,AI_40_60,SL,0,0,simulated_v8.6,,0,0,0
654,2026-08-24T14:57:31.985826+00:00,PAXGUSDT,BUY,DIP_BUY,4666.43,4899.7515,5366.3945,4628.63055,13.0,11.0,23.0,-28.22,-0.924,0,Pending ⏳,DIP_BUY trigger confirmed,7.8,60.1,83.0,RANGE,0.0,,,-0.371,0.0,0.0,ACTIVE,0.0,0.0,0,0,0,0,1,0.13350677070050473,-0.6163169703606444,1,0.0,0.0,0.0,0.0,0.0,0.0,FINAL,0.0,2026-08-24T16:56:12.200465,0.13350677070050473,0.6163169703606444,0.0,0.0,0.0,RS_LOW,-0.458,0.165,0.761,,LONG,"[""shadow_rs_low"", ""shadow_regime_bad""]",0,,,,,,RS<0,AI_0_20,SL,0,0,simulated_v8.6,,0,0,0
655,2026-08-24T16:08:47.913041+00:00,ZECUSDT,BUY,DIP_BUY,841.794,883.8837,968.0631,826.90868,15.5,20.0,11.9,-40.6,0.438,0,Pending ⏳,DIP_BUY trigger confirmed,9.3,55.6,83.0,RANGE,0.0,,,-1.768,0.0,0.0,ACTIVE,0.0,0.0,0,0,0,0,1,0.5990776840889822,-3.020810317013423,1,0.0,0.0,0.0,0.0,0.0,0.0,FINAL,0.0,2026-08-24T17:23:58.646723,0.5990776840889822,3.020810317013423,0.0,0.0,0.0,RS_LOW,-1.0,0.339,1.708,,LONG,"[""shadow_rs_low"", ""shadow_regime_bad""]",0,,,,,,RS_0_0.5,AI_0_20,SL,0,0,simulated_v8.6,,0,0,0
656,2026-08-24T16:08:54.286074+00:00,AAVEUSDT,BUY,DIP_BUY,135.389,142.15845,155.69735,132.53201,36.4,21.5,26.3,13.63,0.142,0,Pending ⏳,DIP_BUY trigger confirmed,21.8,55.6,83.0,RANGE,0.0,,,-1.102,0.0,0.0,ACTIVE,0.0,0.0,0,0,0,0,1,0.9624120127927654,-2.0215822555746943,1,0.0,0.0,0.0,0.0,0.0,0.0,FINAL,0.0,2026-08-24T17:54:52.662759,0.9624120127927654,2.0215822555746943,0.0,0.0,0.0,RS_LOW,-0.522,0.456,0.958,,LONG,"[""shadow_rs_low"", ""shadow_regime_bad""]",0,,,,,,RS_0_0.5,AI_20_40,SL,0,0,simulated_v8.6,,0,0,0
657,2026-08-24T16:09:00.719709+00:00,UNIUSDT,BUY,DIP_BUY,4.3559,4.573695,5.009285,4.2778035,19.6,20.4,16.0,2.11,0.389,0,Pending ⏳,DIP_BUY trigger confirmed,11.8,55.6,83.0,RANGE,0.0,,,-1.793,0.0,0.0,ACTIVE,0.0,0.0,0,0,0,0,1,0.4430772056291539,-2.68371633875893,1,0.0,0.0,0.0,0.0,0.0,0.0,FINAL,0.0,2026-08-24T17:54:52.667981,0.4430772056291539,2.68371633875893,0.0,0.0,0.0,RS_LOW,-1.0,0.247,1.497,,LONG,"[""shadow_rs_low"", ""shadow_regime_bad""]",0,,,,,,RS_0_0.5,AI_0_20,SL,0,0,simulated_v8.6,,0,0,0
658,2026-08-24T16:09:05.706794+00:00,TRXUSDT,BUY,DIP_BUY,0.3437,0.360885,0.395255,0.341484,10.3,10.0,11.0,-40.01,-0.336,0,Pending ⏳,DIP_BUY trigger confirmed,6.2,55.6,83.0,RANGE,0.0,,,-0.303,0.0,0.0,ACTIVE,0.0,0.0,0,0,0,0,1,0.05819028222286238,-0.37823683444865386,1,0.0,0.0,0.0,0.0,0.0,0.0,FINAL,0.0,2026-08-24T17:54:52.676322,0.05819028222286238,0.37823683444865386,0.0,0.0,0.0,RS_LOW,-0.47,0.09,0.587,,LONG,"[""shadow_rs_low"", ""shadow_regime_bad""]",0,,,,,,RS<0,AI_0_20,SL,0,0,simulated_v8.6,,0,0,0
659,2026-08-24T16:09:12.275050+00:00,BCHUSDT,BUY,DIP_BUY,275.89,289.6845,317.2735,271.5753,38.9,24.4,27.8,41.81,0.425,0,Pending ⏳,DIP_BUY trigger confirmed,23.3,55.6,83.0,RANGE,0.0,,,-1.564,0.0,0.0,ACTIVE,0.0,0.0,0,0,0,0,1,0.4965747218094185,-3.229548008264152,1,0.0,0.0,0.0,0.0,0.0,0.0,FINAL,0.0,2026-08-24T17:54:52.681393,0.4965747218094185,3.229548008264152,0.0,0.0,0.0,RS_LOW,-1.0,0.318,2.065,,LONG,"[""shadow_rs_low"", ""shadow_regime_bad""]",0,,,,,,RS_0_0.5,AI_20_40,SL,0,0,simulated_v8.6,,0,0,0
660,2026-08-24T16:09:15.735442+00:00,ONDOUSDT,BUY,DIP_BUY,0.37949,0.3984645,0.4364135,0.37303545,28.6,19.1,21.1,4.74,0.296,0,Pending ⏳,DIP_BUY trigger confirmed,17.2,55.6,83.0,RANGE,0.0,,,-0.942,0.0,0.0,ACTIVE,0.0,0.0,0,0,0,0,1,0.943371366834443,-1.6100556009381022,1,0.0,0.0,0.0,0.0,0.0,0.0,FINAL,0.0,2026-08-24T17:54:52.687627,0.943371366834443,1.6100556009381022,0.0,0.0,0.0,RS_LOW,-0.554,0.555,0.947,,LONG,"[""shadow_rs_low"", ""shadow_regime_bad""]",0,,,,,,RS_0_0.5,AI_20_40,SL,0,0,simulated_v8.6,,0,0,0
661,2026-08-24T16:09:27.027900+00:00,DOTUSDT,BUY,DIP_BUY,0.9132,0.95886,1.05018,0.8993805,35.9,21.6,27.7,13.0,0.335,0,Pending ⏳,DIP_BUY trigger confirmed,21.5,55.6,83.0,RANGE,0.0,,,-1.513,0.0,0.0,ACTIVE,0.0,0.0,0,0,0,0,1,0.7008322382829567,-1.8177836180464364,1,0.0,0.0,0.0,0.0,0.0,0.0,FINAL,0.0,2026-08-24T17:54:52.692730,0.7008322382829567,1.8177836180464364,0.0,0.0,0.0,RS_LOW,-1.0,0.463,1.201,,LONG,"[""shadow_rs_low"", ""shadow_regime_bad""]",0,,,,,,RS_0_0.5,AI_20_40,SL,0,0,simulated_v8.6,,0,0,0
662,2026-08-24T16:10:07.150739+00:00,JUPUSDT,BUY,DIP_BUY,0.2131,0.223755,0.245065,0.2096465,42.4,29.9,39.4,45.05,0.561,0,Pending ⏳,DIP_BUY trigger confirmed,25.4,55.6,83.0,RANGE,0.0,,,-1.621,0.0,0.0,ACTIVE,0.0,0.0,0,0,0,0,1,0.4223369310182938,-2.768653214453316,1,0.0,0.0,0.0,0.0,0.0,0.0,FINAL,0.0,2026-08-24T17:23:58.670894,0.4223369310182938,2.768653214453316,0.0,0.0,0.0,RS_OK,-1.0,0.261,1.708,,LONG,"[""shadow_rs_ok"", ""shadow_regime_bad""]",0,,,,,,RS_0.5_1,AI_40_60,SL,0,0,simulated_v8.6,,0,0,0
663,2026-08-24T16:10:23.065963+00:00,ATOMUSDT,BUY,DIP_BUY,1.5638,1.64199,1.79837,1.544837,21.3,20.6,28.0,3.71,-0.032,0,Pending ⏳,DIP_BUY trigger confirmed,12.8,55.6,83.0,RANGE,0.0,,,-1.213,0.0,0.0,ACTIVE,0.0,0.0,0,0,0,0,1,0.3964701368461429,-1.285330604936693,1,0.0,0.0,0.0,0.0,0.0,0.0,FINAL,0.0,2026-08-24T17:23:58.674162,0.3964701368461429,1.285330604936693,0.0,0.0,0.0,RS_LOW,-1.0,0.327,1.06,,LONG,"[""shadow_rs_low"", ""shadow_regime_bad""]",0,,,,,,RS<0,AI_20_40,SL,0,0,simulated_v8.6,,0,0,0
664,2026-08-24T18:20:46.553836+00:00,LINKUSDT,BUY,DIP_BUY,11.5717,12.150285,13.307455,11.364691,43.0,43.5,35.5,3.41,0.361,1,Pending ⏳,DIP_BUY trigger confirmed,25.8,55.6,83.0,RANGE,0.0,,,0.136,0.0,0.0,ACTIVE,0.0,0.0,0,0,0,0,1,0.9497308087834947,-0.6109733228479862,1,0.0,0.0,0.0,0.0,0.0,0.0,FINAL,0.0,2026-08-24T22:38:59.049178,0.9497308087834947,0.6109733228479862,0.0,0.0,0.0,RS_LOW,0.076,0.531,0.342,,LONG,"[""shadow_rs_low"", ""shadow_regime_bad""]",0,,,,,,RS_0_0.5,AI_40_60,SL,0,0,simulated_v8.6,,0,0,0
665,2026-08-24T19:09:05.712127+00:00,RSRUSDT,BUY,DIP_BUY,0.001458,0.0015309,0.0016767,0.00144574,46.2,33.7,44.3,176.22,0.298,0,Pending ⏳,DIP_BUY trigger confirmed,27.7,55.6,83.0,RANGE,0.0,,,-0.216,0.0,0.0,ACTIVE,0.0,0.0,0,0,0,0,1,0.3429355281207142,-0.6858710562414284,1,0.0,0.0,0.0,0.0,0.0,0.0,FINAL,0.0,2026-08-24T22:38:59.074750,0.3429355281207142,0.6858710562414284,0.0,0.0,0.0,RS_LOW,-0.257,0.408,0.816,,LONG,"[""shadow_rs_low"", ""shadow_regime_bad"", ""shadow_hour_weak""]",0,,,,,,RS_0_0.5,AI_40_60,SL,0,0,simulated_v8.6,,0,0,0
666,2026-08-24T19:40:17.178826+00:00,ETHUSDT,BUY,VWAP_RECLAIM,2473.82,2560.4037,2671.7256,2445.45355424,11.2,18.0,17.1,-53.67,0.059,0,Pending ⏳,VWAP_RECLAIM trigger confirmed,6.7,55.6,83.0,RANGE,0.0,,,0.237,0.0,0.0,ACTIVE,0.0,0.0,0,0,0,0,1,0.6540492032564954,-0.3662352151732925,1,0.0,0.0,0.0,0.0,0.0,0.0,FINAL,0.0,2026-08-24T22:38:59.091903,0.6540492032564954,0.3662352151732925,0.0,0.0,0.0,RS_LOW,0.207,0.57,0.319,,LONG,"[""shadow_rs_low"", ""shadow_regime_bad"", ""shadow_hour_weak""]",0,,,,,,RS_0_0.5,AI_0_20,SL,0,0,simulated_v8.6,,0,0,0
667,2026-08-24T19:40:30.572984+00:00,BCHUSDT,BUY,DIP_BUY,270.59,284.1195,311.1785,267.38635,49.5,40.0,37.3,628.21,0.625,0,Pending ⏳,DIP_BUY trigger confirmed,29.7,55.6,83.0,RANGE,0.0,,,-0.027,0.0,0.0,ACTIVE,0.0,0.0,0,0,0,0,1,0.5395616985106754,-0.7169518459662212,1,0.0,0.0,0.0,0.0,0.0,0.0,FINAL,0.0,2026-08-24T21:45:34.755980,0.5395616985106754,0.7169518459662212,0.0,0.0,0.0,RS_OK,-0.023,0.456,0.606,,LONG,"[""shadow_rs_ok"", ""shadow_regime_bad"", ""shadow_hour_weak""]",0,,,,,,RS_0.5_1,AI_40_60,SL,0,0,simulated_v8.6,,0,0,0
668,2026-08-24T19:41:03.228112+00:00,BOMEUSDT,BUY,DIP_BUY,0.001124,0.0011802,0.0012926,0.00110355,22.7,24.3,16.5,-35.28,0.89,0,Pending ⏳,DIP_BUY trigger confirmed,13.6,55.6,83.0,RANGE,0.0,,,1.035,0.0,0.0,ACTIVE,0.0,0.0,0,0,0,0,1,1.556939501779354,-0.8007117437722324,1,0.0,0.0,0.0,0.0,0.0,0.0,FINAL,0.0,2026-08-24T22:38:59.110729,1.556939501779354,0.8007117437722324,0.0,0.0,0.0,RS_OK,0.569,0.856,0.44,,LONG,"[""shadow_rs_ok"", ""shadow_regime_bad"", ""shadow_hour_weak""]",0,,,,,,RS_0.5_1,AI_20_40,SL,0,0,simulated_v8.6,,0,0,0
669,2026-08-24T19:41:04.401035+00:00,JTOUSDT,BUY,DIP_BUY,0.56,0.588,0.644,0.550235,40.2,25.4,24.2,-11.45,0.577,1,Pending ⏳,DIP_BUY trigger confirmed,24.1,55.6,83.0,RANGE,0.0,,,0.434,0.0,0.0,ACTIVE,0.0,0.0,0,0,0,0,1,0.8928571428571237,-0.35714285714285743,1,0.0,0.0,0.0,0.0,0.0,0.0,FINAL,0.0,2026-08-24T21:45:34.770335,0.8928571428571237,0.35714285714285743,0.0,0.0,0.0,RS_OK,0.249,0.512,0.205,,LONG,"[""shadow_rs_ok"", ""shadow_regime_bad"", ""shadow_hour_weak""]",0,,,,,,RS_0.5_1,AI_40_60,SL,0,0,simulated_v8.6,,0,0,0
670,2026-08-24T19:41:07.986753+00:00,JUPUSDT,BUY,DIP_BUY,0.2054,0.21567,0.23621,0.2024825,46.9,29.3,43.2,119.91,0.527,0,Pending ⏳,DIP_BUY trigger confirmed,28.1,55.6,83.0,RANGE,0.0,,,2.66,0.0,0.0,ACTIVE,0.0,0.0,0,0,0,0,1,3.359298928919177,-0.34079844206426785,1,0.0,0.0,0.0,0.0,0.0,0.0,FINAL,0.0,2026-08-24T22:38:59.127322,3.359298928919177,0.34079844206426785,0.0,0.0,0.0,RS_OK,1.873,2.365,0.24,,LONG,"[""shadow_rs_ok"", ""shadow_regime_bad"", ""shadow_hour_weak""]",0,,,,,,RS_0.5_1,AI_40_60,SL,0,0,simulated_v8.6,,0,0,0
671,2026-08-24T19:41:24.640823+00:00,EIGENUSDT,BUY,DIP_BUY,0.2224,0.23352,0.25576,0.2188005,15.4,18.0,13.6,-59.1,0.808,0,Pending ⏳,DIP_BUY trigger confirmed,9.2,55.6,83.0,RANGE,0.0,,,0.646,0.0,0.0,ACTIVE,0.0,0.0,0,0,0,0,1,1.079136690647488,-0.5845323741007176,1,0.0,0.0,0.0,0.0,0.0,0.0,FINAL,0.0,2026-08-24T21:45:34.788247,1.079136690647488,0.5845323741007176,0.0,0.0,0.0,RS_OK,0.399,0.667,0.361,,LONG,"[""shadow_rs_ok"", ""shadow_regime_bad"", ""shadow_hour_weak""]",0,,,,,,RS_0.5_1,AI_0_20,SL,0,0,simulated_v8.6,,0,0,0
672,2026-08-24T19:41:25.831712+00:00,ENSUSDT,BUY,DIP_BUY,5.87,6.1635,6.7505,5.75309,49.9,32.8,41.1,161.18,0.932,0,Pending ⏳,DIP_BUY trigger confirmed,29.9,55.6,83.0,RANGE,0.0,,,-0.883,0.0,0.0,ACTIVE,0.0,0.0,0,0,0,0,1,0.0,-1.7035775127768402,1,0.0,0.0,0.0,0.0,0.0,0.0,FINAL,0.0,2026-08-24T21:45:34.796472,0.0,1.7035775127768402,0.0,0.0,0.0,RS_OK,-0.443,0.0,0.855,,LONG,"[""shadow_rs_ok"", ""shadow_regime_bad"", ""shadow_hour_weak""]",0,,,,,,RS_0.5_1,AI_40_60,SL,0,0,simulated_v8.6,,0,0,0
673,2026-08-24T19:41:31.152801+00:00,MELANIAUSDT,BUY,DIP_BUY,0.10666,0.111993,0.122659,0.105072,18.2,18.0,13.0,-44.09,0.518,0,Pending ⏳,DIP_BUY trigger confirmed,10.9,55.6,83.0,RANGE,0.0,,,1.342,0.0,0.0,ACTIVE,0.0,0.0,0,0,0,0,1,2.2782673917119833,-0.6375398462403901,1,0.0,0.0,0.0,0.0,0.0,0.0,FINAL,0.0,2026-08-24T21:45:34.804000,2.2782673917119833,0.6375398462403901,0.0,0.0,0.0,RS_OK,0.901,1.53,0.428,,LONG,"[""shadow_rs_ok"", ""shadow_regime_bad"", ""shadow_hour_weak""]",0,,,,,,RS_0.5_1,AI_0_20,SL,0,0,simulated_v8.6,,0,0,0
674,2026-08-24T20:02:49.300362+00:00,NEARUSDT,BUY,DIP_BUY,1.9327,2.029335,2.222605,1.918161,36.1,22.9,36.7,35.44,0.343,0,Pending ⏳,DIP_BUY trigger confirmed,21.7,55.6,83.0,RANGE,0.0,,,0.434,0.0,0.0,ACTIVE,0.0,0.0,0,0,0,0,1,1.381487038857554,0.0,1,0.0,0.0,0.0,0.0,0.0,0.0,FINAL,0.0,2026-08-24T23:26:02.667404,1.381487038857554,0.0,0.0,0.0,0.0,RS_LOW,0.577,1.836,0.0,,LONG,"[""shadow_rs_low"", ""shadow_regime_bad""]",0,,,,,,RS_0_0.5,AI_20_40,SL,0,0,simulated_v8.6,,0,0,0
675,2026-08-24T20:03:00.980046+00:00,PAXGUSDT,BUY,DIP_BUY,4647.7,4880.085,5344.855,4608.45195,16.7,35.0,33.8,-52.5,0.173,0,Pending ⏳,DIP_BUY trigger confirmed,10.0,55.6,83.0,RANGE,0.0,,,-0.072,0.0,0.0,ACTIVE,0.0,0.0,0,0,0,0,1,0.051853605008926024,-0.12952643242893316,1,0.0,0.0,0.0,0.0,0.0,0.0,FINAL,0.0,2026-08-24T22:02:28.919309,0.051853605008926024,0.12952643242893316,0.0,0.0,0.0,RS_LOW,-0.085,0.061,0.153,,LONG,"[""shadow_rs_low"", ""shadow_regime_bad""]",0,,,,,,RS_0_0.5,AI_0_20,SL,0,0,simulated_v8.6,,0,0,0
676,2026-08-24T20:04:06.591735+00:00,DOSUSDT,BUY,DIP_BUY,0.228,0.2394,0.2622,0.2255665,15.7,18.0,25.1,-3.56,0.459,0,Pending ⏳,DIP_BUY trigger confirmed,9.4,55.6,83.0,RANGE,0.0,,,0.555,0.0,0.0,ACTIVE,0.0,0.0,0,0,0,0,1,1.8421052631578867,-0.043859649122814356,1,0.0,0.0,0.0,0.0,0.0,0.0,FINAL,0.0,2026-08-24T23:26:02.694812,1.8421052631578867,0.043859649122814356,0.0,0.0,0.0,RS_LOW,0.52,1.726,0.041,,LONG,"[""shadow_rs_low"", ""shadow_regime_bad""]",0,,,,,,RS_0_0.5,AI_0_20,SL,0,0,simulated_v8.6,,0,0,0
677,2026-08-24T20:42:18.158069+00:00,PYTHUSDT,BUY,DIP_BUY,0.04935,0.0518175,0.0567525,0.04866545,34.3,9.4,37.0,17.13,-0.152,0,Pending ⏳,DIP_BUY trigger confirmed,20.6,55.6,83.0,RANGE,0.0,,,0.983,0.0,0.0,ACTIVE,0.0,0.0,0,0,0,0,1,1.195542046605877,-0.4660587639311065,1,0.0,0.0,0.0,0.0,0.0,0.0,FINAL,0.0,2026-08-24T23:26:02.712759,1.195542046605877,0.4660587639311065,0.0,0.0,0.0,RS_LOW,0.709,0.862,0.336,,LONG,"[""shadow_rs_low"", ""shadow_regime_bad""]",0,,,,,,RS<0,AI_20_40,SL,0,0,simulated_v8.6,,0,0,0
678,2026-08-24T21:08:52.698024+00:00,SEIUSDT,BUY,DIP_BUY,0.04712,0.049476,0.054188,0.04633715,36.6,47.0,42.4,-20.32,0.261,1,Pending ⏳,DIP_BUY trigger confirmed,22.0,55.6,83.0,RANGE,0.0,,,-0.306,0.0,0.0,ACTIVE,0.0,0.0,0,0,0,0,1,0.3395585738539907,-0.3395585738539907,1,0.0,0.0,0.0,0.0,0.0,0.0,FINAL,0.0,2026-08-24T22:38:59.183159,0.3395585738539907,0.3395585738539907,0.0,0.0,0.0,RS_LOW,-0.184,0.204,0.204,,LONG,"[""shadow_rs_low"", ""shadow_regime_bad"", ""shadow_hour_weak""]",0,,,,,,RS_0_0.5,AI_20_40,SL,0,0,simulated_v8.6,,0,0,0
679,2026-08-24T21:42:02.994310+00:00,DOTUSDT,BUY,DIP_BUY,0.9053,0.950565,1.041095,0.899281,49.1,20.7,45.0,36.46,-0.018,1,Pending ⏳,DIP_BUY trigger confirmed,29.5,55.6,83.0,RANGE,0.0,,,-0.665,0.0,0.0,ACTIVE,0.0,0.0,0,0,0,0,1,0.044184248315470666,-0.6738097868110013,1,0.0,0.0,0.0,0.0,0.0,0.0,FINAL,0.0,2026-08-24T22:38:59.187520,0.044184248315470666,0.6738097868110013,0.0,0.0,0.0,RS_LOW,-1.0,0.066,1.013,,LONG,"[""shadow_rs_low"", ""shadow_regime_bad"", ""shadow_hour_weak""]",0,,,,,,RS<0,AI_40_60,SL,0,0,simulated_v8.6,,0,0,0
680,2026-08-24T21:44:07.682598+00:00,ATOMUSDT,BUY,DIP_BUY,1.547,1.62435,1.77905,1.529116,28.2,37.0,26.6,-43.73,0.556,0,Pending ⏳,DIP_BUY trigger confirmed,16.9,55.6,83.0,RANGE,0.0,,,-1.156,0.0,0.0,ACTIVE,0.0,0.0,0,0,0,0,1,0.0,-1.2217194570135692,1,0.0,0.0,0.0,0.0,0.0,0.0,FINAL,0.0,2026-08-24T23:00:03.970851,0.0,1.2217194570135692,0.0,0.0,0.0,RS_OK,-1.0,0.0,1.057,,LONG,"[""shadow_rs_ok"", ""shadow_regime_bad"", ""shadow_hour_weak""]",0,,,,,,RS_0.5_1,AI_20_40,SL,0,0,simulated_v8.6,,0,0,0
681,2026-08-24T21:44:43.910977+00:00,ONGUSDT,BUY,DIP_BUY,0.071769,0.07535745,0.08253435,0.07038232,33.6,32.0,17.1,0.0,0.473,1,Pending ⏳,DIP_BUY trigger confirmed,20.2,55.6,83.0,RANGE,0.0,,,12.725,0.0,0.0,ACTIVE,0.0,0.0,0,0,1,1,1,16.285582911842166,0.0,1,0.0,0.0,0.0,0.0,0.0,0.0,FINAL,0.0,2026-08-24T23:45:41.054816,16.285582911842166,0.0,0.0,0.0,0.0,RS_LOW,6.586,8.429,0.0,,LONG,"[""shadow_rs_low"", ""shadow_regime_bad"", ""shadow_hour_weak""]",0,,,,,,RS_0_0.5,AI_20_40,TP1,0,0,simulated_v8.6,,0,0,0
682,2026-08-24T22:37:51.623792+00:00,JTOUSDT,BUY,DIP_BUY,0.566,0.5943,0.6509,0.55919,24.2,18.0,21.4,-37.75,0.873,0,Pending ⏳,DIP_BUY trigger confirmed,14.5,55.6,83.0,RANGE,0.0,,,1.843,0.0,0.0,ACTIVE,0.0,0.0,0,0,0,0,1,2.8268551236749144,-0.3533568904593643,1,0.0,0.0,0.0,0.0,0.0,0.0,FINAL,0.0,2026-08-25T01:42:40.087121,2.8268551236749144,0.3533568904593643,0.0,0.0,0.0,RS_OK,1.532,2.349,0.294,,LONG,"[""shadow_rs_ok"", ""shadow_regime_bad""]",0,,,,,,RS_0.5_1,AI_20_40,SL,0,0,simulated_v8.6,,0,0,0
683,2026-08-24T22:58:45.666757+00:00,POLUSDT,BUY,DIP_BUY,0.1132,0.11886,0.13018,0.111639,37.6,19.3,43.2,10.8,0.58,0,Pending ⏳,DIP_BUY trigger confirmed,22.6,55.6,83.0,RANGE,0.0,,,1.754,0.0,0.0,ACTIVE,0.0,0.0,0,0,0,0,1,3.180212014134281,-0.5300353356890366,1,0.0,0.0,0.0,0.0,0.0,0.0,FINAL,0.0,2026-08-25T02:48:15.327039,3.180212014134281,0.5300353356890366,0.0,0.0,0.0,RS_OK,1.272,2.306,0.384,,LONG,"[""shadow_rs_ok"", ""shadow_regime_bad""]",0,,,,,,RS_0.5_1,AI_20_40,SL,0,0,simulated_v8.6,,0,0,0
684,2026-08-24T23:24:14.879621+00:00,BTCUSDT,BUY,DIP_BUY,78857.7,82800.585,90686.355,78236.253,39.0,28.5,55.4,10.17,0.0,0,Pending ⏳,DIP_BUY trigger confirmed,23.4,55.6,83.0,RANGE,0.0,,,2.201,0.0,0.0,ACTIVE,0.0,0.0,0,0,0,0,1,3.0582936098821003,-0.1675169323984738,1,0.0,0.0,0.0,0.0,0.0,0.0,FINAL,0.0,2026-08-25T04:22:16.271171,3.0582936098821003,0.1675169323984738,0.0,0.0,0.0,RS_LOW,2.793,3.881,0.213,,LONG,"[""shadow_rs_low"", ""shadow_regime_bad""]",0,,,,,,RS_0_0.5,AI_20_40,SL,0,0,simulated_v8.6,,0,0,0
685,2026-08-24T23:24:38.156578+00:00,FETUSDT,BUY,DIP_BUY,0.1727,0.181335,0.198605,0.1706425,20.2,40.0,38.1,-14.31,0.011,0,Pending ⏳,DIP_BUY trigger confirmed,12.1,55.6,83.0,RANGE,0.0,,,1.96,0.0,0.0,ACTIVE,0.0,0.0,0,0,0,0,1,3.3005211349160457,-0.8106543138390184,1,0.0,0.0,0.0,0.0,0.0,0.0,FINAL,0.0,2026-08-25T04:22:16.314777,3.3005211349160457,0.8106543138390184,0.0,0.0,0.0,RS_LOW,1.645,2.77,0.68,,LONG,"[""shadow_rs_low"", ""shadow_regime_bad""]",0,,,,,,RS_0_0.5,AI_20_40,SL,0,0,simulated_v8.6,,0,0,0
686,2026-08-24T23:24:40.136503+00:00,DOTUSDT,BUY,DIP_BUY,0.8963,0.941115,1.030745,0.885152,14.8,13.8,13.8,0.68,-0.053,0,Pending ⏳,DIP_BUY trigger confirmed,8.9,55.6,83.0,RANGE,0.0,,,0.736,0.0,0.0,ACTIVE,0.0,0.0,0,0,0,0,1,1.6177619100747596,-0.25661050987392264,1,0.0,0.0,0.0,0.0,0.0,0.0,FINAL,0.0,2026-08-25T02:48:15.400299,1.6177619100747596,0.25661050987392264,0.0,0.0,0.0,RS_LOW,0.592,1.301,0.206,,LONG,"[""shadow_rs_low"", ""shadow_regime_bad""]",0,,,,,,RS<0,AI_0_20,SL,0,0,simulated_v8.6,,0,0,0
687,2026-08-24T23:24:50.554242+00:00,FILUSDT,BUY,DIP_BUY,0.7516,0.78918,0.86434,0.744061,37.5,20.8,37.0,79.52,-0.008,0,Pending ⏳,DIP_BUY trigger confirmed,22.5,55.6,83.0,RANGE,0.0,,,0.657,0.0,0.0,ACTIVE,0.0,0.0,0,0,0,0,1,1.5832889835018509,-0.399148483235764,1,0.0,0.0,0.0,0.0,0.0,0.0,FINAL,0.0,2026-08-25T01:42:40.181310,1.5832889835018509,0.399148483235764,0.0,0.0,0.0,RS_LOW,0.655,1.578,0.398,,LONG,"[""shadow_rs_low"", ""shadow_regime_bad""]",0,,,,,,RS<0,AI_20_40,SL,0,0,simulated_v8.6,,0,0,0
688,2026-08-24T23:25:00.729993+00:00,SUPERUSDT,BUY,DIP_BUY,0.1179,0.123795,0.135585,0.116415,23.6,19.0,16.9,-15.86,0.462,0,Pending ⏳,DIP_BUY trigger confirmed,14.2,55.6,83.0,RANGE,0.0,,,3.968,0.0,0.0,ACTIVE,0.0,0.0,0,0,1,0,1,5.682782018659879,-0.5937234944868585,1,0.0,0.0,0.0,0.0,0.0,0.0,FINAL,0.0,2026-08-25T02:48:15.423887,5.682782018659879,0.5937234944868585,0.0,0.0,0.0,RS_LOW,3.15,4.512,0.471,,LONG,"[""shadow_rs_low"", ""shadow_regime_bad""]",0,,,,,,RS_0_0.5,AI_20_40,TP1,0,1,simulated_v8.6,,0,0,0
689,2026-08-24T23:25:11.608699+00:00,JUPUSDT,BUY,VWAP_RECLAIM,0.2094,0.216729,0.226152,0.20724874,14.6,22.5,13.5,-29.96,-0.221,0,Pending ⏳,VWAP_RECLAIM trigger confirmed,8.8,55.6,83.0,RANGE,0.0,,,4.231,0.0,0.0,ACTIVE,0.0,0.0,0,0,1,0,1,6.064947468958925,-0.09551098376313549,1,0.0,0.0,0.0,0.0,0.0,0.0,FINAL,0.0,2026-08-25T01:42:40.210005,6.064947468958925,0.09551098376313549,0.0,0.0,0.0,RS_LOW,4.119,5.904,0.093,,LONG,"[""shadow_rs_low"", ""shadow_regime_bad""]",0,,,,,,RS<0,AI_0_20,TP1,0,0,simulated_v8.6,,0,0,0
690,2026-08-24T23:44:02.428292+00:00,LITUSDT,BUY,DIP_BUY,3.386,3.5553,3.8939,3.346185,31.3,15.0,24.0,-67.05,-0.275,1,Pending ⏳,DIP_BUY trigger confirmed,18.8,55.6,83.0,RANGE,0.0,,,0.032,0.0,0.0,ACTIVE,0.0,0.0,0,0,0,0,1,2.126402835203782,-1.1222681630242248,1,0.0,0.0,0.0,0.0,0.0,0.0,FINAL,0.0,2026-08-25T01:42:40.221564,2.126402835203782,1.1222681630242248,0.0,0.0,0.0,RS_LOW,0.027,1.808,0.954,,LONG,"[""shadow_rs_low"", ""shadow_regime_bad""]",0,,,,,,RS<0,AI_20_40,SL,0,0,simulated_v8.6,,0,0,0
691,2026-08-24T23:44:13.847583+00:00,AVAXUSDT,BUY,DIP_BUY,7.545,7.92225,8.67675,7.4625,44.5,37.9,54.8,52.13,0.054,0,Pending ⏳,DIP_BUY trigger confirmed,26.7,55.6,83.0,RANGE,0.0,,,1.478,0.0,0.0,ACTIVE,0.0,0.0,0,0,0,0,1,2.4917163684559274,-0.4373757455268437,1,0.0,0.0,0.0,0.0,0.0,0.0,FINAL,0.0,2026-08-25T04:22:16.353292,2.4917163684559274,0.4373757455268437,0.0,0.0,0.0,RS_LOW,1.352,2.279,0.4,,LONG,"[""shadow_rs_low"", ""shadow_regime_bad""]",0,,,,,,RS_0_0.5,AI_40_60,SL,0,0,simulated_v8.6,,0,0,0
692,2026-08-24T23:44:28.811346+00:00,STORJUSDT,BUY,DIP_BUY,0.0523,0.054915,0.060145,0.051143,55.3,39.3,60.6,254.01,0.08,1,Pending ⏳,DIP_BUY trigger confirmed,48.7,55.6,83.0,RANGE,0.0,,,19.485,0.0,0.0,ACTIVE,0.0,0.0,0,0,1,1,1,27.724665391969406,0.0,1,0.0,0.0,0.0,0.0,0.0,0.0,FINAL,0.0,2026-08-25T01:42:40.241161,27.724665391969406,0.0,0.0,0.0,0.0,RS_LOW,8.808,12.533,0.0,,LONG,"[""shadow_rs_low"", ""shadow_regime_bad""]",0,,,,,,RS_0_0.5,AI_40_60,TP1,0,0,simulated_v8.6,,0,0,0
693,2026-08-24T23:45:13.409452+00:00,EIGENUSDT,BUY,DIP_BUY,0.2208,0.23184,0.25392,0.215915,18.6,20.8,19.3,-57.74,0.84,0,Pending ⏳,DIP_BUY trigger confirmed,11.2,55.6,83.0,RANGE,0.0,,,0.696,0.0,0.0,ACTIVE,0.0,0.0,0,0,0,0,1,1.8115942028985526,-0.4981884057970969,1,0.0,0.0,0.0,0.0,0.0,0.0,FINAL,0.0,2026-08-25T01:42:40.248499,1.8115942028985526,0.4981884057970969,0.0,0.0,0.0,RS_OK,0.315,0.819,0.225,,LONG,"[""shadow_rs_ok"", ""shadow_regime_bad""]",0,,,,,,RS_0.5_1,AI_0_20,SL,0,0,simulated_v8.6,,0,0,0
694,2026-08-25T00:01:08.822450+00:00,PROMUSDT,BUY,DIP_BUY,3.659,3.84195,4.20785,3.58996,43.9,26.5,38.8,5.06,0.257,1,Pending ⏳,DIP_BUY trigger confirmed,26.3,55.8,84.0,RANGE,0.0,,,-1.887,0.0,0.0,ACTIVE,0.0,0.0,0,0,0,0,1,0.0,-2.131729980869086,1,0.0,0.0,0.0,0.0,0.0,0.0,FINAL,0.0,2026-08-25T01:42:40.252903,0.0,2.131729980869086,0.0,0.0,0.0,RS_LOW,-1.0,0.0,1.13,,LONG,"[""shadow_rs_low"", ""shadow_regime_bad"", ""shadow_hour_weak""]",0,,,,,,RS_0_0.5,AI_40_60,SL,0,0,simulated_v8.6,,0,0,0
695,2026-08-25T00:02:15.017168+00:00,ETCUSDT,BUY,DIP_BUY,7.7612,8.14926,8.92538,7.65752,17.6,23.0,17.2,-35.17,0.099,0,Pending ⏳,DIP_BUY trigger confirmed,10.6,55.8,84.0,RANGE,0.0,,,0.667,0.0,0.0,ACTIVE,0.0,0.0,0,0,0,0,1,1.394114312219761,-0.4934803896304638,1,0.0,0.0,0.0,0.0,0.0,0.0,FINAL,0.0,2026-08-25T02:48:15.461213,1.394114312219761,0.4934803896304638,0.0,0.0,0.0,RS_LOW,0.499,1.044,0.369,,LONG,"[""shadow_rs_low"", ""shadow_regime_bad"", ""shadow_hour_weak""]",0,,,,,,RS_0_0.5,AI_0_20,SL,0,0,simulated_v8.6,,0,0,0
696,2026-08-25T00:02:48.873422+00:00,STXUSDT,BUY,DIP_BUY,0.231,0.24255,0.26565,0.227855,13.8,20.7,21.2,-67.21,0.124,0,Pending ⏳,DIP_BUY trigger confirmed,8.3,55.8,84.0,RANGE,0.0,,,4.277,0.0,0.0,ACTIVE,0.0,0.0,0,0,1,0,1,5.454545454545454,-0.08658008658008905,1,0.0,0.0,0.0,0.0,0.0,0.0,FINAL,0.0,2026-08-25T02:48:15.477875,5.454545454545454,0.08658008658008905,0.0,0.0,0.0,RS_LOW,3.141,4.006,0.064,,LONG,"[""shadow_rs_low"", ""shadow_regime_bad"", ""shadow_hour_weak""]",0,,,,,,RS_0_0.5,AI_0_20,TP1,0,0,simulated_v8.6,,0,0,0
697,2026-08-25T00:03:12.099722+00:00,CAPUSDT,BUY,DIP_BUY,0.068993,0.07244265,0.07934195,0.06843511,48.7,50.2,41.0,648.07,0.056,0,Pending ⏳,DIP_BUY trigger confirmed,29.2,55.8,84.0,RANGE,0.0,,,0.21,0.0,0.0,ACTIVE,0.0,0.0,0,0,0,0,1,1.1551896569217255,-0.4116359630687064,1,0.0,0.0,0.0,0.0,0.0,0.0,FINAL,0.0,2026-08-25T02:48:15.483798,1.1551896569217255,0.4116359630687064,0.0,0.0,0.0,RS_LOW,0.26,1.429,0.509,,LONG,"[""shadow_rs_low"", ""shadow_regime_bad"", ""shadow_hour_weak""]",0,,,,,,RS_0_0.5,AI_40_60,SL,0,0,simulated_v8.6,,0,0,0
698,2026-08-25T02:47:28.421022+00:00,SEIUSDT,BUY,DIP_BUY,0.04802,0.050421,0.055223,0.04693415,20.0,28.8,20.8,-1.61,0.335,0,Pending ⏳,DIP_BUY trigger confirmed,12.0,64.8,84.0,RANGE,0.0,,,1.206,0.0,0.0,ACTIVE,0.0,0.0,0,0,0,0,1,2.165764264889628,-0.6247396917950888,1,0.0,0.0,0.0,0.0,0.0,0.0,FINAL,0.0,2026-08-25T07:06:02.492683,2.165764264889628,0.6247396917950888,0.0,0.0,0.0,RS_LOW,0.533,0.958,0.276,,LONG,"[""shadow_rs_low"", ""shadow_regime_bad""]",0,,,,,,RS_0_0.5,AI_20_40,SL,0,0,simulated_v8.6,,0,0,0
699,2026-08-25T05:02:14.232219+00:00,CAPUSDT,BUY,DIP_BUY,0.068698,0.0721329,0.0790027,0.06795551,49.0,39.4,33.3,662.54,0.583,0,Pending ⏳,DIP_BUY trigger confirmed,29.4,55.8,84.0,RANGE,0.0,,,0.128,0.0,0.0,ACTIVE,0.0,0.0,0,0,0,0,1,0.23144778596175486,-0.01892340388366346,1,0.0,0.0,0.0,0.0,0.0,0.0,FINAL,0.0,2026-08-25T07:06:02.498988,0.23144778596175486,0.01892340388366346,0.0,0.0,0.0,RS_OK,0.118,0.214,0.018,,LONG,"[""shadow_rs_ok"", ""shadow_regime_bad""]",0,,,,,,RS_0.5_1,AI_40_60,SL,0,0,simulated_v8.6,,0,0,0
700,2026-08-25T05:37:00.220002+00:00,TRUMPUSDT,BUY,DIP_BUY,2.486,2.6103,2.8589,2.42979,45.8,34.5,40.8,142.52,0.765,0,Pending ⏳,DIP_BUY trigger confirmed,27.5,60.3,84.0,RANGE,0.0,,,-1.402,0.0,0.0,ACTIVE,0.0,0.0,0,0,0,0,1,0.5229283990345897,-3.2984714400643718,1,0.0,0.0,0.0,0.0,0.0,0.0,FINAL,0.0,2026-08-25T07:55:22.802367,0.5229283990345897,3.2984714400643718,0.0,0.0,0.0,RS_OK,-0.62,0.231,1.459,,LONG,"[""shadow_rs_ok"", ""shadow_regime_bad""]",0,,,,,,RS_0.5_1,AI_40_60,SL,0,0,simulated_v8.6,,0,0,0
701,2026-08-25T05:38:02.329685+00:00,ENSUSDT,BUY,DIP_BUY,6.003,6.30315,6.90345,5.879455,49.0,36.9,36.1,165.9,1.05,0,Pending ⏳,DIP_BUY trigger confirmed,29.4,60.3,84.0,RANGE,0.0,,,-2.058,0.0,0.0,ACTIVE,0.0,0.0,0,0,0,0,1,0.0666333499916635,-2.215558887223055,1,0.0,0.0,0.0,0.0,0.0,0.0,FINAL,0.0,2026-08-25T07:06:02.510897,0.0666333499916635,2.215558887223055,0.0,0.0,0.0,RS_OK,-1.0,0.032,1.077,,LONG,"[""shadow_rs_ok"", ""shadow_regime_bad""]",0,,,,,,RS>1,AI_40_60,SL,0,0,simulated_v8.6,,0,0,0
702,2026-08-25T06:03:40.378843+00:00,AAVEUSDT,BUY,DIP_BUY,132.021,138.62205,151.82415,129.446515,17.3,40.1,18.7,0.09,0.177,0,Pending ⏳,DIP_BUY trigger confirmed,10.4,55.8,84.0,RANGE,0.0,,,-1.177,0.0,0.0,ACTIVE,0.0,0.0,0,0,0,0,1,0.4650775255451817,-1.670946288847978,1,0.0,0.0,0.0,0.0,0.0,0.0,FINAL,0.0,2026-08-25T07:55:22.812831,0.4650775255451817,1.670946288847978,0.0,0.0,0.0,RS_LOW,-0.604,0.238,0.857,,LONG,"[""shadow_rs_low"", ""shadow_regime_bad"", ""shadow_hour_weak""]",0,,,,,,RS_0_0.5,AI_0_20,SL,0,0,simulated_v8.6,,0,0,0
703,2026-08-25T06:04:05.549330+00:00,DOTUSDT,BUY,DIP_BUY,0.9171,0.962955,1.054665,0.9113205,22.4,20.1,22.8,1.4,0.114,0,Pending ⏳,DIP_BUY trigger confirmed,13.4,55.8,84.0,RANGE,0.0,,,-0.63,0.0,0.0,ACTIVE,0.0,0.0,0,0,0,0,1,0.23988659906225926,-0.8396030967179194,1,0.0,0.0,0.0,0.0,0.0,0.0,FINAL,0.0,2026-08-25T07:06:02.519535,0.23988659906225926,0.8396030967179194,0.0,0.0,0.0,RS_LOW,-1.0,0.381,1.332,,LONG,"[""shadow_rs_low"", ""shadow_regime_bad"", ""shadow_hour_weak""]",0,,,,,,RS_0_0.5,AI_20_40,SL,0,0,simulated_v8.6,,0,0,0
704,2026-08-25T06:04:54.603056+00:00,GRTUSDT,BUY,DIP_BUY,0.01886,0.019803,0.021689,0.018706,17.6,33.0,28.6,-75.69,0.036,0,Pending ⏳,DIP_BUY trigger confirmed,10.6,55.8,84.0,RANGE,0.0,,,1.216,0.0,0.0,ACTIVE,0.0,0.0,0,0,0,0,1,2.2269353128313907,-0.3711558854718831,1,0.0,0.0,0.0,0.0,0.0,0.0,FINAL,0.0,2026-08-25T07:55:22.823057,2.2269353128313907,0.3711558854718831,0.0,0.0,0.0,RS_LOW,1.489,2.727,0.455,,LONG,"[""shadow_rs_low"", ""shadow_regime_bad"", ""shadow_hour_weak""]",0,,,,,,RS_0_0.5,AI_0_20,SL,0,0,simulated_v8.6,,0,0,0
705,2026-08-25T07:03:29.735489+00:00,SOLUSDT,BUY,DIP_BUY,101.12,106.176,116.288,99.94775,38.1,27.6,40.4,54.76,0.203,0,Pending ⏳,DIP_BUY trigger confirmed,22.9,55.8,84.0,RANGE,0.0,,,-1.159,0.0,0.0,ACTIVE,0.0,0.0,0,0,0,0,1,0.8010284810126604,-1.5624999999999982,1,0.0,0.0,0.0,0.0,0.0,0.0,FINAL,0.0,2026-08-25T07:55:22.827683,0.8010284810126604,1.5624999999999982,0.0,0.0,0.0,RS_LOW,-1.0,0.691,1.348,,LONG,"[""shadow_rs_low"", ""shadow_regime_bad""]",0,,,,,,RS_0_0.5,AI_20_40,SL,0,0,simulated_v8.6,,0,0,0
706,2026-08-25T07:03:52.995819+00:00,AVAXUSDT,BUY,DIP_BUY,7.607,7.98735,8.74805,7.54011,37.6,33.6,36.2,112.43,0.11,0,Pending ⏳,DIP_BUY trigger confirmed,22.6,55.8,84.0,RANGE,0.0,,,-0.879,0.0,0.0,ACTIVE,0.0,0.0,0,0,0,0,1,0.21033258840541624,-1.2619955304324975,1,0.0,0.0,0.0,0.0,0.0,0.0,FINAL,0.0,2026-08-25T07:55:22.832221,0.21033258840541624,1.2619955304324975,0.0,0.0,0.0,RS_LOW,-1.0,0.239,1.435,,LONG,"[""shadow_rs_low"", ""shadow_regime_bad""]",0,,,,,,RS_0_0.5,AI_20_40,SL,0,0,simulated_v8.6,,0,0,0
707,2026-08-25T07:03:57.183448+00:00,TAOUSDT,BUY,DIP_BUY,241.27,253.3335,277.4605,238.3622,12.2,18.1,18.0,-4.86,0.02,0,Pending ⏳,DIP_BUY trigger confirmed,7.3,55.8,84.0,RANGE,0.0,,,-1.205,0.0,0.0,ACTIVE,0.0,0.0,0,0,0,0,1,0.4642102209143184,-1.9231566295022233,1,0.0,0.0,0.0,0.0,0.0,0.0,FINAL,0.0,2026-08-25T07:55:22.836718,0.4642102209143184,1.9231566295022233,0.0,0.0,0.0,RS_LOW,-1.0,0.385,1.596,,LONG,"[""shadow_rs_low"", ""shadow_regime_bad""]",0,,,,,,RS_0_0.5,AI_0_20,SL,0,0,simulated_v8.6,,0,0,0
708,2026-08-25T07:04:10.309621+00:00,DGAIUSDT,BUY,DIP_BUY,0.7296,0.76608,0.83904,0.7175144,38.0,19.7,31.0,13.7,0.406,0,Pending ⏳,DIP_BUY trigger confirmed,22.8,55.8,84.0,RANGE,0.0,,,-1.656,0.0,0.0,ACTIVE,0.0,0.0,0,0,0,0,1,0.3481359649122789,-3.7198464912280773,1,0.0,0.0,0.0,0.0,0.0,0.0,FINAL,0.0,2026-08-25T07:55:22.841232,0.3481359649122789,3.7198464912280773,0.0,0.0,0.0,RS_LOW,-1.0,0.21,2.246,,LONG,"[""shadow_rs_low"", ""shadow_regime_bad""]",0,,,,,,RS_0_0.5,AI_20_40,SL,0,0,simulated_v8.6,,0,0,0
709,2026-08-25T07:04:15.637745+00:00,LITUSDT,BUY,DIP_BUY,3.423,3.59415,3.93645,3.39096,15.6,21.0,15.4,-59.11,0.198,0,Pending ⏳,DIP_BUY trigger confirmed,9.4,55.8,84.0,RANGE,0.0,,,-0.936,0.0,0.0,ACTIVE,0.0,0.0,0,0,0,0,1,1.168565585743501,-1.2562080046742667,1,0.0,0.0,0.0,0.0,0.0,0.0,FINAL,0.0,2026-08-25T08:29:18.667651,1.168565585743501,1.2562080046742667,0.0,0.0,0.0,RS_LOW,-1.0,1.248,1.342,,LONG,"[""shadow_rs_low"", ""shadow_regime_bad""]",0,,,,,,RS_0_0.5,AI_0_20,SL,0,0,simulated_v8.6,,0,0,0
710,2026-08-25T07:04:25.174814+00:00,STORJUSDT,BUY,DIP_BUY,0.0498,0.05229,0.05727,0.0482575,45.2,23.9,53.5,20.32,0.249,0,Pending ⏳,DIP_BUY trigger confirmed,27.1,55.8,84.0,RANGE,0.0,,,1.0,0.0,0.0,ACTIVE,0.0,0.0,0,0,1,0,1,7.429718875502012,-2.2088353413654556,1,0.0,0.0,0.0,0.0,0.0,0.0,FINAL,0.0,2026-08-25T07:55:22.850299,7.429718875502012,2.2088353413654556,0.0,0.0,0.0,RS_LOW,0.323,2.399,0.713,,LONG,"[""shadow_rs_low"", ""shadow_regime_bad""]",0,,,,,,RS_0_0.5,AI_40_60,TP1,0,0,simulated_v8.6,,0,0,0
711,2026-08-25T07:04:35.580736+00:00,SUPERUSDT,BUY,DIP_BUY,0.1181,0.124005,0.135815,0.1153205,15.1,21.0,19.1,-62.78,0.357,0,Pending ⏳,DIP_BUY trigger confirmed,9.1,55.8,84.0,RANGE,0.0,,,-2.354,0.0,0.0,ACTIVE,0.0,0.0,0,0,0,0,1,0.6773920406435301,-2.4555461473327687,1,0.0,0.0,0.0,0.0,0.0,0.0,FINAL,0.0,2026-08-25T07:55:22.854521,0.6773920406435301,2.4555461473327687,0.0,0.0,0.0,RS_LOW,-1.0,0.288,1.043,,LONG,"[""shadow_rs_low"", ""shadow_regime_bad""]",0,,,,,,RS_0_0.5,AI_0_20,SL,0,0,simulated_v8.6,,0,0,0
712,2026-08-25T07:04:40.468987+00:00,JUPUSDT,BUY,DIP_BUY,0.221,0.23205,0.25415,0.2176065,42.1,22.9,27.4,52.48,0.713,0,Pending ⏳,DIP_BUY trigger confirmed,25.3,55.8,84.0,RANGE,0.0,,,-1.536,0.0,0.0,ACTIVE,0.0,0.0,0,0,0,0,1,1.2669683257918538,-1.7194570135746596,1,0.0,0.0,0.0,0.0,0.0,0.0,FINAL,0.0,2026-08-25T07:55:22.859116,1.2669683257918538,1.7194570135746596,0.0,0.0,0.0,RS_OK,-1.0,0.825,1.12,,LONG,"[""shadow_rs_ok"", ""shadow_regime_bad""]",0,,,,,,RS_0.5_1,AI_40_60,SL,0,0,simulated_v8.6,,0,0,0
713,2026-08-25T07:04:56.666589+00:00,GRVTUSDT,BUY,DIP_BUY,0.2069,0.217245,0.237935,0.2040745,28.1,17.3,37.7,-59.49,-0.057,1,Pending ⏳,DIP_BUY trigger confirmed,16.9,55.8,84.0,RANGE,0.0,,,-1.366,0.0,0.0,ACTIVE,0.0,0.0,0,0,0,0,1,0.33832769453842737,-1.643305944900925,1,0.0,0.0,0.0,0.0,0.0,0.0,FINAL,0.0,2026-08-25T07:55:22.863687,0.33832769453842737,1.643305944900925,0.0,0.0,0.0,RS_LOW,-1.0,0.248,1.203,,LONG,"[""shadow_rs_low"", ""shadow_regime_bad""]",0,,,,,,RS<0,AI_20_40,SL,0,0,simulated_v8.6,,0,0,0
714,2026-08-25T07:05:14.069053+00:00,RAYUSDT,BUY,VWAP_RECLAIM,0.8238,0.852633,0.889704,0.80847343,17.4,18.0,12.5,-12.24,0.74,0,Pending ⏳,VWAP_RECLAIM trigger confirmed,10.4,55.8,84.0,RANGE,0.0,,,-1.86,0.0,0.0,ACTIVE,0.0,0.0,0,0,0,0,1,0.5098324836125251,-1.9543578538480217,1,0.0,0.0,0.0,0.0,0.0,0.0,FINAL,0.0,2026-08-25T07:55:22.868182,0.5098324836125251,1.9543578538480217,0.0,0.0,0.0,RS_OK,-1.0,0.274,1.05,,LONG,"[""shadow_rs_ok"", ""shadow_regime_bad""]",0,,,,,,RS_0.5_1,AI_0_20,SL,0,0,simulated_v8.6,,0,0,0
715,2026-08-25T07:53:21.338089+00:00,POLUSDT,BUY,DIP_BUY,0.1218,0.12789,0.14007,0.1194,50.2,27.1,47.4,13.82,2.484,0,Pending ⏳,DIP_BUY trigger confirmed,44.2,46.8,84.0,RANGE,0.0,,,-0.135,0.0,0.0,ACTIVE,0.0,0.0,0,0,0,0,1,1.6420361247947355,-0.7389162561576452,1,0.0,0.0,0.0,0.0,0.0,0.0,FINAL,0.0,2026-08-25T09:52:12.573234,1.6420361247947355,0.7389162561576452,0.0,0.0,0.0,RS_OK,-0.069,0.833,0.375,,LONG,"[""shadow_rs_ok"", ""shadow_regime_bad""]",0,,,,,,RS>1,AI_40_60,SL,0,0,simulated_v8.6,,0,0,0
716,2026-08-25T08:27:26.669618+00:00,AAVEUSDT,BUY,DIP_BUY,130.728,137.2644,150.3372,128.30525,32.5,27.7,27.0,-10.42,0.084,1,Pending ⏳,DIP_BUY trigger confirmed,19.5,60.3,84.0,RANGE,0.0,,,-1.23,0.0,0.0,ACTIVE,0.0,0.0,0,0,0,0,1,0.5905391346918727,-1.480937519123682,1,0.0,0.0,0.0,0.0,0.0,0.0,FINAL,0.0,2026-08-25T10:20:36.807458,0.5905391346918727,1.480937519123682,0.0,0.0,0.0,RS_LOW,-0.664,0.319,0.799,,LONG,"[""shadow_rs_low"", ""shadow_regime_bad""]",0,,,,,,RS_0_0.5,AI_20_40,SL,0,0,simulated_v8.6,,0,0,0
717,2026-08-25T08:27:32.802496+00:00,NEARUSDT,BUY,DIP_BUY,1.9428,2.03994,2.23422,1.895475,34.3,34.9,26.0,-22.42,0.007,1,Pending ⏳,DIP_BUY trigger confirmed,20.6,60.3,84.0,RANGE,0.0,,,-0.831,0.0,0.0,ACTIVE,0.0,0.0,0,0,0,0,1,0.0977969940292368,-1.559604694255713,1,0.0,0.0,0.0,0.0,0.0,0.0,FINAL,0.0,2026-08-25T10:20:36.813776,0.0977969940292368,1.559604694255713,0.0,0.0,0.0,RS_LOW,-0.341,0.04,0.64,,LONG,"[""shadow_rs_low"", ""shadow_regime_bad""]",0,,,,,,RS_0_0.5,AI_20_40,SL,0,0,simulated_v8.6,,0,0,0
718,2026-08-25T08:28:36.044881+00:00,GRASSUSDT,BUY,VWAP_RECLAIM,0.3631,0.3758085,0.392148,0.35931498,30.7,19.4,16.2,-41.04,1.45,0,Pending ⏳,VWAP_RECLAIM trigger confirmed,18.4,60.3,84.0,RANGE,0.0,,,-1.042,0.0,0.0,ACTIVE,0.0,0.0,0,0,0,0,1,0.055081244836142525,-1.349490498485255,1,0.0,0.0,0.0,0.0,0.0,0.0,FINAL,0.0,2026-08-25T09:11:36.027399,0.055081244836142525,1.349490498485255,0.0,0.0,0.0,RS_OK,-1.0,0.053,1.295,,LONG,"[""shadow_rs_ok"", ""shadow_regime_bad""]",0,,,,,,RS>1,AI_20_40,SL,0,0,simulated_v8.6,,0,0,0
719,2026-08-25T08:28:37.594550+00:00,RAYUSDT,BUY,DIP_BUY,0.8118,0.85239,0.93357,0.796,42.6,22.5,30.1,9.23,0.052,0,Pending ⏳,DIP_BUY trigger confirmed,25.6,60.3,84.0,RANGE,0.0,,,-0.304,0.0,0.0,ACTIVE,0.0,0.0,0,0,0,0,1,0.813008130081307,-0.46809559004679907,1,0.0,0.0,0.0,0.0,0.0,0.0,FINAL,0.0,2026-08-25T09:52:12.587445,0.813008130081307,0.46809559004679907,0.0,0.0,0.0,RS_LOW,-0.156,0.418,0.241,,LONG,"[""shadow_rs_low"", ""shadow_regime_bad""]",0,,,,,,RS_0_0.5,AI_40_60,SL,0,0,simulated_v8.6,,0,0,0
720,2026-08-25T09:09:30.527147+00:00,LINKUSDT,BUY,DIP_BUY,11.6183,12.199215,13.361045,11.5104585,18.6,23.1,26.8,2.07,0.309,0,Pending ⏳,DIP_BUY trigger confirmed,11.2,55.8,84.0,RANGE,0.0,,,-0.235,0.0,0.0,ACTIVE,0.0,0.0,0,0,0,0,1,0.658444006438129,-0.8193969857896608,1,0.0,0.0,0.0,0.0,0.0,0.0,FINAL,0.0,2026-08-25T10:56:54.527880,0.658444006438129,0.8193969857896608,0.0,0.0,0.0,RS_LOW,-0.253,0.709,0.883,,LONG,"[""shadow_rs_low"", ""shadow_regime_bad"", ""shadow_hour_weak""]",0,,,,,,RS_0_0.5,AI_0_20,SL,0,0,simulated_v8.6,,0,0,0
721,2026-08-25T09:10:15.940660+00:00,SUPERUSDT,BUY,DIP_BUY,0.1136,0.11928,0.13064,0.112833,62.5,34.5,56.8,89.48,0.382,1,Pending ⏳,DIP_BUY trigger confirmed,55.0,55.8,84.0,RANGE,0.0,,,1.151,0.0,0.0,ACTIVE,0.0,0.0,0,0,0,0,1,1.8485915492957663,-0.26408450704226105,1,0.0,0.0,0.0,0.0,0.0,0.0,FINAL,0.0,2026-08-25T10:56:54.534117,1.8485915492957663,0.26408450704226105,0.0,0.0,0.0,RS_LOW,1.705,2.738,0.391,,LONG,"[""shadow_rs_low"", ""shadow_regime_bad"", ""shadow_hour_weak""]",0,,,,,,RS_0_0.5,AI_60_80,SL,0,0,simulated_v8.6,,0,0,0
722,2026-08-25T09:10:35.723871+00:00,GRVTUSDT,BUY,DIP_BUY,0.2053,0.215565,0.236095,0.2028805,17.0,19.0,19.4,-41.29,0.695,0,Pending ⏳,DIP_BUY trigger confirmed,10.2,55.8,84.0,RANGE,0.0,,,0.612,0.0,0.0,ACTIVE,0.0,0.0,0,0,0,0,1,1.3638577691183618,-0.6332196785192515,1,0.0,0.0,0.0,0.0,0.0,0.0,FINAL,0.0,2026-08-25T11:52:02.779743,1.3638577691183618,0.6332196785192515,0.0,0.0,0.0,RS_OK,0.519,1.157,0.537,,LONG,"[""shadow_rs_ok"", ""shadow_regime_bad"", ""shadow_hour_weak""]",0,,,,,,RS_0.5_1,AI_0_20,SL,0,0,simulated_v8.6,,0,0,0
723,2026-08-25T09:11:03.751391+00:00,MELANIAUSDT,BUY,DIP_BUY,0.10663,0.1119615,0.1226245,0.1051118,28.5,19.1,29.1,1.28,0.99,0,Pending ⏳,DIP_BUY trigger confirmed,17.1,55.8,84.0,RANGE,0.0,,,-1.424,0.0,0.0,ACTIVE,0.0,0.0,0,0,0,0,1,0.0,-1.4723811310137878,1,0.0,0.0,0.0,0.0,0.0,0.0,FINAL,0.0,2026-08-25T10:20:36.834010,0.0,1.4723811310137878,0.0,0.0,0.0,RS_OK,-1.0,0.0,1.034,,LONG,"[""shadow_rs_ok"", ""shadow_regime_bad"", ""shadow_hour_weak""]",0,,,,,,RS_0.5_1,AI_20_40,SL,0,0,simulated_v8.6,,0,0,0
724,2026-08-25T09:50:35.099363+00:00,JTOUSDT,BUY,DIP_BUY,0.566,0.5943,0.6509,0.54924,28.7,19.3,15.7,-11.52,1.812,0,Pending ⏳,DIP_BUY trigger confirmed,17.2,55.8,84.0,RANGE,0.0,,,-1.022,0.0,0.0,ACTIVE,0.0,0.0,0,0,0,0,1,0.0,-1.943462897526484,1,0.0,0.0,0.0,0.0,0.0,0.0,FINAL,0.0,2026-08-25T11:52:02.785622,0.0,1.943462897526484,0.0,0.0,0.0,RS_OK,-0.345,0.0,0.656,,LONG,"[""shadow_rs_ok"", ""shadow_regime_bad"", ""shadow_hour_weak""]",0,,,,,,RS>1,AI_20_40,SL,0,0,simulated_v8.6,,0,0,0
725,2026-08-25T10:18:06.115805+00:00,PAXGUSDT,BUY,DIP_BUY,4629.04,4860.492,5323.396,4593.8752,53.5,24.3,47.5,125.5,-0.117,1,Pending ⏳,DIP_BUY trigger confirmed,47.1,55.8,84.0,RANGE,0.0,,,0.021,0.0,0.0,ACTIVE,0.0,0.0,0,0,0,0,1,0.2060902476539404,-0.08317059260668225,1,0.0,0.0,0.0,0.0,0.0,0.0,FINAL,0.0,2026-08-25T12:21:37.509236,0.2060902476539404,0.08317059260668225,0.0,0.0,0.0,RS_LOW,0.028,0.271,0.109,,LONG,"[""shadow_rs_low"", ""shadow_regime_bad""]",0,,,,,,RS<0,AI_40_60,SL,0,0,simulated_v8.6,,0,0,0
726,2026-08-25T10:19:01.059446+00:00,PYTHUSDT,BUY,DIP_BUY,0.05073,0.0532665,0.0583395,0.0499689,22.5,38.0,35.2,-52.86,0.883,0,Pending ⏳,DIP_BUY trigger confirmed,13.5,55.8,84.0,RANGE,0.0,,,0.211,0.0,0.0,ACTIVE,0.0,0.0,0,0,0,0,1,0.8870490833826257,-0.19712201852946173,1,0.0,0.0,0.0,0.0,0.0,0.0,FINAL,0.0,2026-08-25T12:21:37.520696,0.8870490833826257,0.19712201852946173,0.0,0.0,0.0,RS_OK,0.141,0.591,0.131,,LONG,"[""shadow_rs_ok"", ""shadow_regime_bad""]",0,,,,,,RS_0.5_1,AI_20_40,SL,0,0,simulated_v8.6,,0,0,0
727,2026-08-25T10:19:18.830303+00:00,AMPUSDT,BUY,DIP_BUY,0.000514,0.0005397,0.0005911,0.0004985,53.3,30.7,28.3,125.26,1.649,0,Pending ⏳,DIP_BUY trigger confirmed,46.9,55.8,84.0,RANGE,0.0,,,-3.016,0.0,0.0,ACTIVE,0.0,0.0,0,0,0,0,1,1.5564202334630306,-3.307392996108945,1,0.0,0.0,0.0,0.0,0.0,0.0,FINAL,0.0,2026-08-25T11:19:12.284326,1.5564202334630306,3.307392996108945,0.0,0.0,0.0,RS_OK,-1.0,0.516,1.097,,LONG,"[""shadow_rs_ok"", ""shadow_regime_bad""]",0,,,,,,RS>1,AI_40_60,SL,0,0,simulated_v8.6,,0,0,0
728,2026-08-25T10:19:34.950515+00:00,ATOMUSDT,BUY,DIP_BUY,1.5499,1.627395,1.782385,1.519564,19.7,19.7,23.5,-47.49,1.075,0,Pending ⏳,DIP_BUY trigger confirmed,11.8,55.8,84.0,RANGE,0.0,,,-0.154,0.0,0.0,ACTIVE,0.0,0.0,0,0,0,0,1,0.9484482869862529,-0.28388928317955736,1,0.0,0.0,0.0,0.0,0.0,0.0,FINAL,0.0,2026-08-25T12:21:37.529962,0.9484482869862529,0.28388928317955736,0.0,0.0,0.0,RS_OK,-0.079,0.485,0.145,,LONG,"[""shadow_rs_ok"", ""shadow_regime_bad""]",0,,,,,,RS>1,AI_0_20,SL,0,0,simulated_v8.6,,0,0,0
729,2026-08-25T10:19:54.221269+00:00,KCSUSDT,BUY,DIP_BUY,7.303,7.66815,8.39845,7.2038,44.4,27.8,41.9,81.5,0.059,0,Pending ⏳,DIP_BUY trigger confirmed,26.6,55.8,84.0,RANGE,0.0,,,0.412,0.0,0.0,ACTIVE,0.0,0.0,0,0,0,0,1,1.1365192386690426,0.0,1,0.0,0.0,0.0,0.0,0.0,0.0,FINAL,0.0,2026-08-25T12:21:37.541191,1.1365192386690426,0.0,0.0,0.0,0.0,RS_LOW,0.303,0.837,0.0,,LONG,"[""shadow_rs_low"", ""shadow_regime_bad""]",0,,,,,,RS_0_0.5,AI_40_60,SL,0,0,simulated_v8.6,,0,0,0
730,2026-08-25T10:54:31.977326+00:00,BCHUSDT,BUY,DIP_BUY,270.99,284.5395,311.6385,268.02315,32.7,30.3,28.3,-63.89,0.177,1,Pending ⏳,DIP_BUY trigger confirmed,19.6,55.8,84.0,RANGE,0.0,,,-1.095,0.0,0.0,ACTIVE,0.0,0.0,0,0,0,0,1,0.02214103841470249,-1.2362079781541837,1,0.0,0.0,0.0,0.0,0.0,0.0,FINAL,0.0,2026-08-25T12:21:37.546176,0.02214103841470249,1.2362079781541837,0.0,0.0,0.0,RS_LOW,-1.0,0.02,1.129,,LONG,"[""shadow_rs_low"", ""shadow_regime_bad""]",0,,,,,,RS_0_0.5,AI_20_40,SL,0,0,simulated_v8.6,,0,0,0
731,2026-08-25T10:54:47.110617+00:00,ETHUSDT,BUY,DIP_BUY,2484.23,2608.4415,2856.8645,2461.79915,39.8,29.8,43.2,62.51,0.153,0,Pending ⏳,DIP_BUY trigger confirmed,23.9,55.8,84.0,RANGE,0.0,,,-0.523,0.0,0.0,ACTIVE,0.0,0.0,0,0,0,0,1,0.05394025512936183,-0.6907572970296572,1,0.0,0.0,0.0,0.0,0.0,0.0,FINAL,0.0,2026-08-25T12:21:37.553226,0.05394025512936183,0.6907572970296572,0.0,0.0,0.0,RS_LOW,-0.579,0.06,0.765,,LONG,"[""shadow_rs_low"", ""shadow_regime_bad""]",0,,,,,,RS_0_0.5,AI_20_40,SL,0,0,simulated_v8.6,,0,0,0
732,2026-08-25T10:54:52.833737+00:00,SUIUSDT,BUY,DIP_BUY,0.8022,0.84231,0.92253,0.7947065,50.8,17.7,44.0,13.71,-0.008,1,Pending ⏳,DIP_BUY trigger confirmed,44.7,55.8,84.0,RANGE,0.0,,,-0.934,0.0,0.0,ACTIVE,0.0,0.0,0,0,0,0,1,0.36150585888805953,-1.0845175766641786,1,0.0,0.0,0.0,0.0,0.0,0.0,FINAL,0.0,2026-08-25T12:21:37.558123,0.36150585888805953,1.0845175766641786,0.0,0.0,0.0,RS_LOW,-1.0,0.387,1.161,,LONG,"[""shadow_rs_low"", ""shadow_regime_bad""]",0,,,,,,RS<0,AI_40_60,SL,0,0,simulated_v8.6,,0,0,0
733,2026-08-25T10:56:13.982361+00:00,ENSUSDT,BUY,DIP_BUY,5.826,6.1173,6.6999,5.74911,18.1,23.2,17.0,-59.46,0.169,0,Pending ⏳,DIP_BUY trigger confirmed,10.9,55.8,84.0,RANGE,0.0,,,-0.579,0.0,0.0,ACTIVE,0.0,0.0,0,0,0,0,1,0.3261242705115024,-0.7895640233436214,1,0.0,0.0,0.0,0.0,0.0,0.0,FINAL,0.0,2026-08-25T13:19:20.060619,0.3261242705115024,0.7895640233436214,0.0,0.0,0.0,RS_LOW,-0.439,0.247,0.598,,LONG,"[""shadow_rs_low"", ""shadow_regime_bad""]",0,,,,,,RS_0_0.5,AI_0_20,SL,0,0,simulated_v8.6,,0,0,0
734,2026-08-25T11:18:12.644909+00:00,ETCUSDT,BUY,DIP_BUY,7.939,8.33595,9.12985,7.84856,16.3,20.0,20.2,-31.38,0.25,0,Pending ⏳,DIP_BUY trigger confirmed,9.8,55.8,84.0,RANGE,0.0,,,0.204,0.0,0.0,ACTIVE,0.0,0.0,0,0,0,0,1,1.6324474115127843,-1.0605869756896342,1,0.0,0.0,0.0,0.0,0.0,0.0,FINAL,0.0,2026-08-25T13:19:20.069275,1.6324474115127843,1.0605869756896342,0.0,0.0,0.0,RS_LOW,0.179,1.433,0.931,,LONG,"[""shadow_rs_low"", ""shadow_regime_bad"", ""shadow_hour_weak""]",0,,,,,,RS_0_0.5,AI_0_20,SL,0,0,simulated_v8.6,,0,0,0
735,2026-08-25T11:49:56.319279+00:00,UNIUSDT,BUY,DIP_BUY,4.3918,4.61139,5.05057,4.3267575,22.1,30.4,29.7,-10.99,0.882,0,Pending ⏳,DIP_BUY trigger confirmed,13.3,55.8,84.0,RANGE,0.0,,,-1.144,0.0,0.0,ACTIVE,0.0,0.0,0,0,0,0,1,0.5214262944578514,-1.4026139623844511,1,0.0,0.0,0.0,0.0,0.0,0.0,FINAL,0.0,2026-08-25T14:10:47.966708,0.5214262944578514,1.4026139623844511,0.0,0.0,0.0,RS_OK,-0.772,0.352,0.947,,LONG,"[""shadow_rs_ok"", ""shadow_regime_bad"", ""shadow_hour_weak""]",0,,,,,,RS_0.5_1,AI_20_40,SL,0,0,simulated_v8.6,,0,0,0
736,2026-08-25T11:49:57.846612+00:00,NEARUSDT,BUY,DIP_BUY,1.9231,2.019255,2.211565,1.8995545,14.8,20.9,18.5,-20.09,0.461,0,Pending ⏳,DIP_BUY trigger confirmed,8.9,55.8,84.0,RANGE,0.0,,,-0.929,0.0,0.0,ACTIVE,0.0,0.0,0,0,0,0,1,0.6759918880973377,-1.9083770994748042,1,0.0,0.0,0.0,0.0,0.0,0.0,FINAL,0.0,2026-08-25T14:10:47.974460,0.6759918880973377,1.9083770994748042,0.0,0.0,0.0,RS_LOW,-0.759,0.552,1.559,,LONG,"[""shadow_rs_low"", ""shadow_regime_bad"", ""shadow_hour_weak""]",0,,,,,,RS_0_0.5,AI_0_20,SL,0,0,simulated_v8.6,,0,0,0
737,2026-08-25T12:19:03.975522+00:00,STORJUSDT,BUY,DIP_BUY,0.0481,0.050505,0.055315,0.046765,26.5,22.0,22.3,-47.81,2.164,0,Pending ⏳,DIP_BUY trigger confirmed,15.9,55.8,84.0,RANGE,0.0,,,-0.267,0.0,0.0,ACTIVE,0.0,0.0,0,0,0,0,1,1.8711018711018816,-2.7027027027026937,1,0.0,0.0,0.0,0.0,0.0,0.0,FINAL,0.0,2026-08-25T14:10:47.980114,1.8711018711018816,2.7027027027026937,0.0,0.0,0.0,RS_OK,-0.096,0.674,0.974,,LONG,"[""shadow_rs_ok"", ""shadow_regime_bad""]",0,,,,,,RS>1,AI_20_40,SL,0,0,simulated_v8.6,,0,0,0
738,2026-08-25T12:19:18.320528+00:00,LINKUSDT,BUY,DIP_BUY,11.586,12.1653,13.3239,11.4350375,36.1,20.9,39.3,37.54,0.576,0,Pending ⏳,DIP_BUY trigger confirmed,21.7,55.8,84.0,RANGE,0.0,,,-0.737,0.0,0.0,ACTIVE,0.0,0.0,0,0,0,0,1,0.5359917141377452,-1.2377006732263054,1,0.0,0.0,0.0,0.0,0.0,0.0,FINAL,0.0,2026-08-25T14:10:47.985786,0.5359917141377452,1.2377006732263054,0.0,0.0,0.0,RS_OK,-0.566,0.411,0.95,,LONG,"[""shadow_rs_ok"", ""shadow_regime_bad""]",0,,,,,,RS_0.5_1,AI_20_40,SL,0,0,simulated_v8.6,,0,0,0
739,2026-08-25T14:08:41.159811+00:00,TRXUSDT,BUY,DIP_BUY,0.3423,0.359415,0.393645,0.3395935,46.3,37.7,38.7,191.67,-0.113,0,Pending ⏳,DIP_BUY trigger confirmed,27.8,55.8,84.0,RANGE,0.0,,,-0.23,0.0,0.0,ACTIVE,0.0,0.0,0,0,0,0,1,0.05842827928718478,-0.23371311714869047,1,0.0,0.0,0.0,0.0,0.0,0.0,FINAL,0.0,2026-08-25T16:25:11.382149,0.05842827928718478,0.23371311714869047,0.0,0.0,0.0,RS_LOW,-0.291,0.074,0.296,,LONG,"[""shadow_rs_low"", ""shadow_regime_bad""]",0,,,,,,RS<0,AI_40_60,SL,0,0,simulated_v8.6,,0,0,0
740,2026-08-25T14:09:08.663964+00:00,FETUSDT,BUY,DIP_BUY,0.1692,0.17766,0.19458,0.165767,50.5,49.9,31.0,109.6,0.277,0,Pending ⏳,DIP_BUY trigger confirmed,44.4,55.8,84.0,RANGE,0.0,,,-0.371,0.0,0.0,ACTIVE,0.0,0.0,0,0,0,0,1,1.122931442080386,-0.4137115839243371,1,0.0,0.0,0.0,0.0,0.0,0.0,FINAL,0.0,2026-08-25T17:41:40.509328,1.122931442080386,0.4137115839243371,0.0,0.0,0.0,RS_LOW,-0.183,0.553,0.204,,LONG,"[""shadow_rs_low"", ""shadow_regime_bad""]",0,,,,,,RS_0_0.5,AI_40_60,SL,0,0,simulated_v8.6,,0,0,0
741,2026-08-25T14:09:43.914681+00:00,RAINUSDT,BUY,DIP_BUY,0.014474,0.0151977,0.0166451,0.01422452,53.0,18.9,48.1,13.61,-0.145,1,Pending ⏳,DIP_BUY trigger confirmed,46.6,55.8,84.0,RANGE,0.0,,,15.347,0.0,0.0,ACTIVE,0.0,0.0,0,0,1,1,1,23.200221086085392,0.0,1,0.0,0.0,0.0,0.0,0.0,0.0,FINAL,0.0,2026-08-25T16:25:11.415399,23.200221086085392,0.0,0.0,0.0,0.0,RS_LOW,8.904,13.46,0.0,,LONG,"[""shadow_rs_low"", ""shadow_regime_bad""]",0,,,,,,RS<0,AI_40_60,TP1,0,0,simulated_v8.6,,0,0,0
742,2026-08-25T14:10:02.012808+00:00,RAYUSDT,BUY,DIP_BUY,0.79,0.8295,0.9085,0.7718215,37.7,24.4,28.6,62.44,0.383,0,Pending ⏳,DIP_BUY trigger confirmed,22.6,55.8,84.0,RANGE,0.0,,,0.096,0.0,0.0,ACTIVE,0.0,0.0,0,0,0,0,1,1.126582278481015,-0.34177215189873866,1,0.0,0.0,0.0,0.0,0.0,0.0,FINAL,0.0,2026-08-25T15:54:25.182499,1.126582278481015,0.34177215189873866,0.0,0.0,0.0,RS_LOW,0.042,0.49,0.149,,LONG,"[""shadow_rs_low"", ""shadow_regime_bad""]",0,,,,,,RS_0_0.5,AI_20_40,SL,0,0,simulated_v8.6,,0,0,0
743,2026-08-25T15:53:33.256415+00:00,ATOMUSDT,BUY,DIP_BUY,1.5398,1.61679,1.77077,1.52235,20.8,20.0,18.3,-20.81,0.159,0,Pending ⏳,DIP_BUY trigger confirmed,12.5,55.8,84.0,RANGE,0.0,,,0.655,0.0,0.0,ACTIVE,0.0,0.0,0,0,0,0,1,1.2988699831146913,-0.7468502402909512,1,0.0,0.0,0.0,0.0,0.0,0.0,FINAL,0.0,2026-08-25T18:54:30.132064,1.2988699831146913,0.7468502402909512,0.0,0.0,0.0,RS_LOW,0.578,1.146,0.659,,LONG,"[""shadow_rs_low"", ""shadow_regime_bad""]",0,,,,,,RS_0_0.5,AI_20_40,SL,0,0,simulated_v8.6,,0,0,0
744,2026-08-25T16:23:25.330110+00:00,PROMUSDT,BUY,DIP_BUY,4.146,4.3533,4.7679,4.054625,46.2,35.2,40.0,223.74,1.488,0,Pending ⏳,DIP_BUY trigger confirmed,27.7,55.8,84.0,RANGE,0.0,,,-2.204,0.0,0.0,ACTIVE,0.0,0.0,0,0,0,0,1,1.0612638687892062,-2.339604438012531,1,0.0,0.0,0.0,0.0,0.0,0.0,FINAL,0.0,2026-08-25T17:41:40.529242,1.0612638687892062,2.339604438012531,0.0,0.0,0.0,RS_OK,-1.0,0.482,1.062,,LONG,"[""shadow_rs_ok"", ""shadow_regime_bad""]",0,,,,,,RS>1,AI_40_60,SL,0,0,simulated_v8.6,,0,0,0
745,2026-08-25T17:40:46.308633+00:00,BOMEUSDT,BUY,DIP_BUY,0.0010801,0.00113411,0.00124212,0.00106525,35.7,28.9,42.3,133.0,0.173,0,Pending ⏳,DIP_BUY trigger confirmed,21.4,55.8,84.0,RANGE,0.0,,,0.063,0.0,0.0,ACTIVE,0.0,0.0,0,0,0,0,1,0.4166280899916625,-0.3610776779927822,1,0.0,0.0,0.0,0.0,0.0,0.0,FINAL,0.0,2026-08-25T19:54:29.963628,0.4166280899916625,0.3610776779927822,0.0,0.0,0.0,RS_LOW,0.046,0.303,0.263,,LONG,"[""shadow_rs_low"", ""shadow_regime_bad""]",0,,,,,,RS_0_0.5,AI_20_40,SL,0,0,simulated_v8.6,,0,0,0
746,2026-08-25T18:03:44.112465+00:00,ETHUSDT,BUY,DIP_BUY,2473.7,2597.385,2844.755,2445.2523,36.2,45.0,42.0,-30.08,0.003,1,Pending ⏳,DIP_BUY trigger confirmed,21.7,55.8,84.0,RANGE,0.0,,,-0.547,0.0,0.0,ACTIVE,0.0,0.0,0,0,0,0,1,0.03516998827668455,-0.6686340299955518,1,0.0,0.0,0.0,0.0,0.0,0.0,FINAL,0.0,2026-08-25T19:54:29.968730,0.03516998827668455,0.6686340299955518,0.0,0.0,0.0,RS_LOW,-0.476,0.031,0.581,,LONG,"[""shadow_rs_low"", ""shadow_regime_bad""]",0,,,,,,RS_0_0.5,AI_20_40,SL,0,0,simulated_v8.6,,0,0,0
747,2026-08-25T18:03:45.784882+00:00,BTCUSDT,BUY,DIP_BUY,79312.8,83278.44,91209.72,78359.832,16.1,31.0,42.0,-27.66,0.0,0,Pending ⏳,DIP_BUY trigger confirmed,9.7,55.8,84.0,RANGE,0.0,,,-0.402,0.0,0.0,ACTIVE,0.0,0.0,0,0,0,0,1,0.057619955417028634,-0.49638898134979104,1,0.0,0.0,0.0,0.0,0.0,0.0,FINAL,0.0,2026-08-25T19:54:29.972954,0.057619955417028634,0.49638898134979104,0.0,0.0,0.0,RS_LOW,-0.335,0.048,0.413,,LONG,"[""shadow_rs_low"", ""shadow_regime_bad""]",0,,,,,,RS_0_0.5,AI_0_20,SL,0,0,simulated_v8.6,,0,0,0
748,2026-08-25T18:03:47.580650+00:00,SOLUSDT,BUY,DIP_BUY,98.22,103.131,112.953,97.0324,10.5,11.9,22.2,-13.41,-0.058,0,Pending ⏳,DIP_BUY trigger confirmed,6.3,55.8,84.0,RANGE,0.0,,,-0.084,0.0,0.0,ACTIVE,0.0,0.0,0,0,0,0,1,0.6108735491753149,-0.3359804520464246,1,0.0,0.0,0.0,0.0,0.0,0.0,FINAL,0.0,2026-08-25T19:54:29.977124,0.6108735491753149,0.3359804520464246,0.0,0.0,0.0,RS_LOW,-0.069,0.505,0.278,,LONG,"[""shadow_rs_low"", ""shadow_regime_bad""]",0,,,,,,RS<0,AI_0_20,SL,0,0,simulated_v8.6,,0,0,0
749,2026-08-25T18:03:58.316518+00:00,LINKUSDT,BUY,DIP_BUY,11.5421,12.119205,13.273415,11.3946405,26.0,10.4,35.8,7.6,-0.072,0,Pending ⏳,DIP_BUY trigger confirmed,15.6,55.8,84.0,RANGE,0.0,,,-0.472,0.0,0.0,ACTIVE,0.0,0.0,0,0,0,0,1,0.3023713189107734,-0.4843139463355836,1,0.0,0.0,0.0,0.0,0.0,0.0,FINAL,0.0,2026-08-25T19:54:29.981338,0.3023713189107734,0.4843139463355836,0.0,0.0,0.0,RS_LOW,-0.369,0.237,0.379,,LONG,"[""shadow_rs_low"", ""shadow_regime_bad""]",0,,,,,,RS<0,AI_20_40,SL,0,0,simulated_v8.6,,0,0,0
750,2026-08-25T18:04:17.892784+00:00,DGAIUSDT,BUY,DIP_BUY,0.7314,0.76797,0.84111,0.7145891,10.2,12.7,14.3,-19.88,-0.091,0,Pending ⏳,DIP_BUY trigger confirmed,6.1,55.8,84.0,RANGE,0.0,,,-1.164,0.0,0.0,ACTIVE,0.0,0.0,0,0,0,0,1,0.4224774405250104,-1.2291495761553257,1,0.0,0.0,0.0,0.0,0.0,0.0,FINAL,0.0,2026-08-25T19:54:29.985505,0.4224774405250104,1.2291495761553257,0.0,0.0,0.0,RS_LOW,-0.506,0.184,0.535,,LONG,"[""shadow_rs_low"", ""shadow_regime_bad""]",0,,,,,,RS<0,AI_0_20,SL,0,0,simulated_v8.6,,0,0,0
751,2026-08-25T18:04:36.500689+00:00,CASHCATUSDT,BUY,VWAP_RECLAIM,0.2012,0.208242,0.217296,0.19700445,41.3,33.1,30.5,1.56,0.998,1,Pending ⏳,VWAP_RECLAIM trigger confirmed,24.8,55.8,84.0,RANGE,0.0,,,-2.085,0.0,0.0,ACTIVE,0.0,0.0,0,0,0,0,1,0.0,-3.230616302186868,1,0.0,0.0,0.0,0.0,0.0,0.0,FINAL,0.0,2026-08-25T18:54:30.174621,0.0,3.230616302186868,0.0,0.0,0.0,RS_OK,-1.0,0.0,1.549,,LONG,"[""shadow_rs_ok"", ""shadow_regime_bad""]",0,,,,,,RS_0.5_1,AI_40_60,SL,0,0,simulated_v8.6,,0,0,0
752,2026-08-25T19:22:08.813603+00:00,LITUSDT,BUY,DIP_BUY,3.4,3.57,3.91,3.30539,34.2,22.0,24.4,2.91,1.222,0,Pending ⏳,DIP_BUY trigger confirmed,20.5,55.8,84.0,RANGE,0.0,,,-1.2,0.0,0.0,ACTIVE,0.0,0.0,0,0,0,0,1,0.911764705882357,-2.735294117647058,1,0.0,0.0,0.0,0.0,0.0,0.0,FINAL,0.0,2026-08-25T20:50:05.857171,0.911764705882357,2.735294117647058,0.0,0.0,0.0,RS_OK,-0.431,0.328,0.983,,LONG,"[""shadow_rs_ok"", ""shadow_regime_bad"", ""shadow_hour_weak""]",0,,,,,,RS>1,AI_20_40,SL,0,0,simulated_v8.6,,0,0,0
753,2026-08-25T21:12:57.443196+00:00,AAVEUSDT,BUY,DIP_BUY,125.671,131.95455,144.52165,123.73422,35.1,24.8,36.1,50.44,0.063,0,Pending ⏳,DIP_BUY trigger confirmed,21.1,55.8,84.0,RANGE,0.0,,,0.66,0.0,0.0,ACTIVE,0.0,0.0,0,0,0,0,1,1.285897303276014,0.0,1,0.0,0.0,0.0,0.0,0.0,0.0,FINAL,0.0,2026-08-25T23:55:30.397528,1.285897303276014,0.0,0.0,0.0,0.0,RS_LOW,0.428,0.834,0.0,,LONG,"[""shadow_rs_low"", ""shadow_regime_bad"", ""shadow_hour_weak""]",0,,,,,,RS_0_0.5,AI_20_40,SL,0,0,simulated_v8.6,,0,0,0
754,2026-08-25T21:13:03.087118+00:00,NEARUSDT,BUY,DIP_BUY,1.8535,1.946175,2.131525,1.8219445,37.7,22.3,36.4,19.72,0.191,0,Pending ⏳,DIP_BUY trigger confirmed,22.6,55.8,84.0,RANGE,0.0,,,1.12,0.0,0.0,ACTIVE,0.0,0.0,0,0,0,0,1,1.9314809819260887,-0.35068788777987325,1,0.0,0.0,0.0,0.0,0.0,0.0,FINAL,0.0,2026-08-25T23:55:30.409831,1.9314809819260887,0.35068788777987325,0.0,0.0,0.0,RS_LOW,0.658,1.134,0.206,,LONG,"[""shadow_rs_low"", ""shadow_regime_bad"", ""shadow_hour_weak""]",0,,,,,,RS_0_0.5,AI_20_40,SL,0,0,simulated_v8.6,,0,0,0
755,2026-08-25T21:13:44.454968+00:00,JUPUSDT,BUY,DIP_BUY,0.2105,0.221025,0.242075,0.207159,47.2,43.9,42.9,333.15,0.385,0,Pending ⏳,DIP_BUY trigger confirmed,28.3,55.8,84.0,RANGE,0.0,,,1.591,0.0,0.0,ACTIVE,0.0,0.0,0,0,0,0,1,2.375296912114017,-0.2850356294536767,1,0.0,0.0,0.0,0.0,0.0,0.0,FINAL,0.0,2026-08-25T23:02:38.652999,2.375296912114017,0.2850356294536767,0.0,0.0,0.0,RS_LOW,1.002,1.497,0.18,,LONG,"[""shadow_rs_low"", ""shadow_regime_bad"", ""shadow_hour_weak""]",0,,,,,,RS_0_0.5,AI_40_60,SL,0,0,simulated_v8.6,,0,0,0
756,2026-08-25T21:14:16.503008+00:00,KCSUSDT,BUY,DIP_BUY,7.199,7.55895,8.27885,7.113255,27.1,20.5,40.2,6.86,0.065,0,Pending ⏳,DIP_BUY trigger confirmed,16.3,55.8,84.0,RANGE,0.0,,,0.343,0.0,0.0,ACTIVE,0.0,0.0,0,0,0,0,1,1.2362828170579305,-0.41672454507570844,1,0.0,0.0,0.0,0.0,0.0,0.0,FINAL,0.0,2026-08-25T23:34:44.538605,1.2362828170579305,0.41672454507570844,0.0,0.0,0.0,RS_LOW,0.288,1.038,0.35,,LONG,"[""shadow_rs_low"", ""shadow_regime_bad"", ""shadow_hour_weak""]",0,,,,,,RS_0_0.5,AI_20_40,SL,0,0,simulated_v8.6,,0,0,0
757,2026-08-25T21:45:54.311488+00:00,STXUSDT,BUY,DIP_BUY,0.2592,0.27216,0.29808,0.2524315,25.9,43.0,42.7,-34.76,0.841,0,Pending ⏳,DIP_BUY trigger confirmed,15.5,55.8,84.0,RANGE,0.0,,,0.141,0.0,0.0,ACTIVE,0.0,0.0,0,0,0,0,1,1.851851851851862,-0.3086419753086294,1,0.0,0.0,0.0,0.0,0.0,0.0,FINAL,0.0,2026-08-25T23:34:44.543095,1.851851851851862,0.3086419753086294,0.0,0.0,0.0,RS_OK,0.054,0.709,0.118,,LONG,"[""shadow_rs_ok"", ""shadow_regime_bad"", ""shadow_hour_weak""]",0,,,,,,RS_0.5_1,AI_20_40,SL,0,0,simulated_v8.6,,0,0,0
758,2026-08-25T21:46:37.760162+00:00,RAYUSDT,BUY,DIP_BUY,0.7931,0.832755,0.912065,0.773712,31.9,19.4,24.2,-44.76,-0.032,1,Pending ⏳,DIP_BUY trigger confirmed,19.1,55.8,84.0,RANGE,0.0,,,0.277,0.0,0.0,ACTIVE,0.0,0.0,0,0,0,0,1,0.7313075274240357,-0.23956625898373632,1,0.0,0.0,0.0,0.0,0.0,0.0,FINAL,0.0,2026-08-25T23:34:44.547521,0.7313075274240357,0.23956625898373632,0.0,0.0,0.0,RS_LOW,0.113,0.299,0.098,,LONG,"[""shadow_rs_low"", ""shadow_regime_bad"", ""shadow_hour_weak""]",0,,,,,,RS<0,AI_20_40,SL,0,0,simulated_v8.6,,0,0,0
759,2026-08-25T21:46:45.334316+00:00,CHZUSDT,BUY,DIP_BUY,0.01398,0.014679,0.016077,0.01364145,53.6,31.8,49.6,46.59,-0.057,1,Pending ⏳,DIP_BUY trigger confirmed,47.2,55.8,84.0,RANGE,0.0,,,0.061,0.0,0.0,ACTIVE,0.0,0.0,0,0,0,0,1,0.6437768240343333,-0.5007153075822524,1,0.0,0.0,0.0,0.0,0.0,0.0,FINAL,0.0,2026-08-25T23:34:44.554890,0.6437768240343333,0.5007153075822524,0.0,0.0,0.0,RS_LOW,0.025,0.266,0.207,,LONG,"[""shadow_rs_low"", ""shadow_regime_bad"", ""shadow_hour_weak""]",0,,,,,,RS<0,AI_40_60,SL,0,0,simulated_v8.6,,0,0,0
760,2026-08-25T21:46:51.989235+00:00,GRTUSDT,BUY,DIP_BUY,0.01767,0.0185535,0.0203205,0.01726325,19.8,11.6,12.4,-1.24,-0.033,0,Pending ⏳,DIP_BUY trigger confirmed,11.9,55.8,84.0,RANGE,0.0,,,0.817,0.0,0.0,ACTIVE,0.0,0.0,0,0,0,0,1,1.1318619128466256,-0.33955857385399557,1,0.0,0.0,0.0,0.0,0.0,0.0,FINAL,0.0,2026-08-25T23:34:44.561945,1.1318619128466256,0.33955857385399557,0.0,0.0,0.0,RS_LOW,0.355,0.492,0.148,,LONG,"[""shadow_rs_low"", ""shadow_regime_bad"", ""shadow_hour_weak""]",0,,,,,,RS<0,AI_0_20,SL,0,0,simulated_v8.6,,0,0,0
761,2026-08-25T22:02:32.708055+00:00,LITUSDT,BUY,DIP_BUY,3.283,3.44715,3.77545,3.190965,43.0,45.2,55.4,3.28,0.301,1,Pending ⏳,DIP_BUY trigger confirmed,25.8,55.8,84.0,RANGE,0.0,,,0.268,0.0,0.0,ACTIVE,0.0,0.0,0,0,0,0,1,1.4620773682607384,-0.3045994517209804,1,0.0,0.0,0.0,0.0,0.0,0.0,FINAL,0.0,2026-08-25T23:55:30.416938,1.4620773682607384,0.3045994517209804,0.0,0.0,0.0,RS_LOW,0.096,0.522,0.109,,LONG,"[""shadow_rs_low"", ""shadow_regime_bad""]",0,,,,,,RS_0_0.5,AI_40_60,SL,0,0,simulated_v8.6,,0,0,0
762,2026-08-25T22:39:14.151068+00:00,TUTUSDT,BUY,DIP_BUY,0.04641,0.0487305,0.0533715,0.04554115,45.0,29.4,49.2,1772.7,-0.137,0,Pending ⏳,DIP_BUY trigger confirmed,27.0,55.8,84.0,RANGE,0.0,,,-1.872,0.0,0.0,ACTIVE,0.0,0.0,0,0,0,0,1,1.5944839474251187,-3.964662788192203,1,0.0,0.0,0.0,0.0,0.0,0.0,FINAL,0.0,2026-08-25T23:55:30.420458,1.5944839474251187,3.964662788192203,0.0,0.0,0.0,RS_LOW,-1.0,0.852,2.118,,LONG,"[""shadow_rs_low"", ""shadow_regime_bad""]",0,,,,,,RS<0,AI_40_60,SL,0,0,simulated_v8.6,,0,0,0
763,2026-08-25T23:34:07.233469+00:00,KIIUSDT,BUY,DIP_BUY,0.05509,0.0578445,0.0633535,0.0536902,41.1,20.2,32.9,23.74,1.44,0,Pending ⏳,DIP_BUY trigger confirmed,24.7,55.8,84.0,RANGE,0.0,,,-2.541,0.0,0.0,ACTIVE,0.0,0.0,0,0,0,0,1,0.018152114721370596,-2.559448175712473,1,0.0,0.0,0.0,0.0,0.0,0.0,FINAL,0.0,2026-08-26T02:11:14.813988,0.018152114721370596,2.559448175712473,0.0,0.0,0.0,RS_OK,-1.0,0.007,1.007,,LONG,"[""shadow_rs_ok"", ""shadow_regime_bad""]",0,,,,,,RS>1,AI_40_60,SL,0,0,simulated_v8.6,,0,0,0
764,2026-08-26T00:27:53.121714+00:00,DOGEUSDT,BUY,DIP_BUY,0.08596,0.090258,0.098854,0.0850327,18.3,26.7,20.4,-21.12,0.332,0,Pending ⏳,DIP_BUY trigger confirmed,11.0,54.0,75.0,RANGE,0.0,,,0.246,0.0,0.0,ACTIVE,0.0,0.0,0,0,0,0,1,0.9190321079571884,-0.22103303862261023,1,0.0,0.0,0.0,0.0,0.0,0.0,FINAL,0.0,2026-08-26T02:11:14.823822,0.9190321079571884,0.22103303862261023,0.0,0.0,0.0,RS_LOW,0.228,0.852,0.205,,LONG,"[""shadow_rs_low"", ""shadow_regime_bad"", ""shadow_hour_weak""]",0,,,,,,RS_0_0.5,AI_0_20,SL,0,0,simulated_v8.6,,0,0,0
765,2026-08-26T00:28:03.324950+00:00,NEARUSDT,BUY,DIP_BUY,1.871,1.96455,2.15165,1.844531,29.9,22.2,33.5,6.68,0.557,0,Pending ⏳,DIP_BUY trigger confirmed,17.9,54.0,75.0,RANGE,0.0,,,0.936,0.0,0.0,ACTIVE,0.0,0.0,0,0,0,0,1,1.7744521646178457,-0.09620523784072815,1,0.0,0.0,0.0,0.0,0.0,0.0,FINAL,0.0,2026-08-26T04:09:43.799821,1.7744521646178457,0.09620523784072815,0.0,0.0,0.0,RS_OK,0.662,1.254,0.068,,LONG,"[""shadow_rs_ok"", ""shadow_regime_bad"", ""shadow_hour_weak""]",0,,,,,,RS_0.5_1,AI_20_40,SL,0,0,simulated_v8.6,,0,0,0
766,2026-08-26T00:29:01.925488+00:00,JASMYUSDT,BUY,DIP_BUY,0.004999,0.00524895,0.00574885,0.00488246,24.3,20.9,26.8,-31.87,1.197,0,Pending ⏳,DIP_BUY trigger confirmed,14.6,54.0,75.0,RANGE,0.0,,,0.129,0.0,0.0,ACTIVE,0.0,0.0,0,0,0,0,1,1.3802760552110347,-1.2602520504100758,1,0.0,0.0,0.0,0.0,0.0,0.0,FINAL,0.0,2026-08-26T03:19:00.608897,1.3802760552110347,1.2602520504100758,0.0,0.0,0.0,RS_OK,0.055,0.592,0.541,,LONG,"[""shadow_rs_ok"", ""shadow_regime_bad"", ""shadow_hour_weak""]",0,,,,,,RS>1,AI_20_40,SL,0,0,simulated_v8.6,,0,0,0
767,2026-08-26T00:29:15.251070+00:00,CHZUSDT,BUY,DIP_BUY,0.01404,0.014742,0.016146,0.0138703,19.8,28.2,21.4,-34.64,0.483,0,Pending ⏳,DIP_BUY trigger confirmed,11.9,54.0,75.0,RANGE,0.0,,,0.392,0.0,0.0,ACTIVE,0.0,0.0,0,0,0,0,1,1.1396011396011425,0.0,1,0.0,0.0,0.0,0.0,0.0,0.0,FINAL,0.0,2026-08-26T02:11:14.854597,1.1396011396011425,0.0,0.0,0.0,0.0,RS_LOW,0.324,0.943,0.0,,LONG,"[""shadow_rs_low"", ""shadow_regime_bad"", ""shadow_hour_weak""]",0,,,,,,RS_0_0.5,AI_0_20,SL,0,0,simulated_v8.6,,0,0,0
768,2026-08-26T00:29:32.327715+00:00,MELANIAUSDT,BUY,DIP_BUY,0.1045,0.109725,0.120175,0.10313175,46.1,50.8,32.5,-56.66,0.511,1,Pending ⏳,DIP_BUY trigger confirmed,27.7,54.0,75.0,RANGE,0.0,,,1.702,0.0,0.0,ACTIVE,0.0,0.0,0,0,0,0,1,2.239234449760774,0.0,1,0.0,0.0,0.0,0.0,0.0,0.0,FINAL,0.0,2026-08-26T02:11:14.861909,2.239234449760774,0.0,0.0,0.0,0.0,RS_OK,1.3,1.71,0.0,,LONG,"[""shadow_rs_ok"", ""shadow_regime_bad"", ""shadow_hour_weak""]",0,,,,,,RS_0.5_1,AI_40_60,SL,0,0,simulated_v8.6,,0,0,0
769,2026-08-26T00:29:33.700732+00:00,ENSUSDT,BUY,DIP_BUY,5.632,5.9136,6.4768,5.559065,44.5,61.3,39.6,5365.75,0.374,0,Pending ⏳,DIP_BUY trigger confirmed,26.7,54.0,75.0,RANGE,0.0,,,3.67,0.0,0.0,ACTIVE,0.0,0.0,0,0,0,0,1,4.9893465909091015,0.0,1,0.0,0.0,0.0,0.0,0.0,0.0,FINAL,0.0,2026-08-26T03:19:00.632705,4.9893465909091015,0.0,0.0,0.0,0.0,RS_LOW,2.834,3.853,0.0,,LONG,"[""shadow_rs_low"", ""shadow_regime_bad"", ""shadow_hour_weak""]",0,,,,,,RS_0_0.5,AI_40_60,SL,0,0,simulated_v8.6,,0,0,0
770,2026-08-26T03:18:23.385901+00:00,TLMUSDT,BUY,DIP_BUY,0.001567,0.00164535,0.00180205,0.00154126,41.0,25.4,47.9,21.74,0.349,0,Pending ⏳,DIP_BUY trigger confirmed,24.6,54.0,75.0,RANGE,0.0,,,-1.643,0.0,0.0,ACTIVE,0.0,0.0,0,0,0,0,1,0.0,-1.6592214422463294,1,0.0,0.0,0.0,0.0,0.0,0.0,FINAL,0.0,2026-08-26T04:09:43.804545,0.0,1.6592214422463294,0.0,0.0,0.0,RS_LOW,-1.0,0.0,1.01,,LONG,"[""shadow_rs_low"", ""shadow_regime_bad""]",0,,,,,,RS_0_0.5,AI_40_60,SL,0,0,simulated_v8.6,,0,0,0
771,2026-08-26T04:07:23.869594+00:00,ETHUSDT,BUY,DIP_BUY,2466.69,2590.0245,2836.6935,2446.31695,18.2,38.0,43.4,-32.23,0.077,0,Pending ⏳,DIP_BUY trigger confirmed,10.9,54.0,75.0,RANGE,0.0,,,-0.465,0.0,0.0,ACTIVE,0.0,0.0,0,0,0,0,1,0.23391670619331903,-0.6133725762053647,1,0.0,0.0,0.0,0.0,0.0,0.0,FINAL,0.0,2026-08-26T06:40:52.181973,0.23391670619331903,0.6133725762053647,0.0,0.0,0.0,RS_LOW,-0.563,0.283,0.743,,LONG,"[""shadow_rs_low"", ""shadow_regime_bad""]",0,,,,,,RS_0_0.5,AI_0_20,SL,0,0,simulated_v8.6,,0,0,0
772,2026-08-26T04:54:43.162058+00:00,MELANIAUSDT,BUY,VWAP_RECLAIM,0.10545,0.10914075,0.113886,0.10432644,12.9,18.0,19.3,-85.17,0.457,0,Pending ⏳,VWAP_RECLAIM trigger confirmed,7.7,54.0,75.0,RANGE,0.0,,,0.932,0.0,0.0,ACTIVE,0.0,0.0,0,0,0,0,1,1.4604077761972496,-0.8914177335229932,1,0.0,0.0,0.0,0.0,0.0,0.0,FINAL,0.0,2026-08-26T06:40:52.189285,1.4604077761972496,0.8914177335229932,0.0,0.0,0.0,RS_LOW,0.875,1.371,0.837,,LONG,"[""shadow_rs_low"", ""shadow_regime_bad""]",0,,,,,,RS_0_0.5,AI_0_20,SL,0,0,simulated_v8.6,,0,0,0
773,2026-08-26T05:22:52.430467+00:00,JTOUSDT,BUY,DIP_BUY,0.521,0.54705,0.59915,0.516405,38.9,22.0,41.4,31.46,0.166,0,Pending ⏳,DIP_BUY trigger confirmed,23.3,54.0,75.0,RANGE,0.0,,,-0.37,0.0,0.0,ACTIVE,0.0,0.0,0,0,0,0,1,0.5758157389635321,-0.5758157389635321,1,0.0,0.0,0.0,0.0,0.0,0.0,FINAL,0.0,2026-08-26T07:33:16.768841,0.5758157389635321,0.5758157389635321,0.0,0.0,0.0,RS_LOW,-0.42,0.653,0.653,,LONG,"[""shadow_rs_low"", ""shadow_regime_bad""]",0,,,,,,RS_0_0.5,AI_20_40,SL,0,0,simulated_v8.6,,0,0,0
774,2026-08-26T05:58:25.693456+00:00,AMPUSDT,BUY,DIP_BUY,0.000453,0.00047565,0.00052095,0.00044178,47.8,29.5,27.9,86.44,0.694,0,Pending ⏳,DIP_BUY trigger confirmed,28.7,54.0,75.0,RANGE,0.0,,,-0.788,0.0,0.0,ACTIVE,0.0,0.0,0,0,0,0,1,0.4415011037527582,-1.5452538631346595,1,0.0,0.0,0.0,0.0,0.0,0.0,FINAL,0.0,2026-08-26T08:14:23.876764,0.4415011037527582,1.5452538631346595,0.0,0.0,0.0,RS_OK,-0.318,0.178,0.624,,LONG,"[""shadow_rs_ok"", ""shadow_regime_bad""]",0,,,,,,RS_0.5_1,AI_40_60,SL,0,0,simulated_v8.6,,0,0,0
775,2026-08-26T06:39:40.735562+00:00,KCSUSDT,BUY,DIP_BUY,7.197,7.55685,8.27655,7.083405,20.3,19.0,24.4,-13.37,1.199,0,Pending ⏳,DIP_BUY trigger confirmed,12.2,54.0,75.0,RANGE,0.0,,,0.54,0.0,0.0,ACTIVE,0.0,0.0,0,0,0,0,1,1.1532583020703095,-0.08336807002918198,1,0.0,0.0,0.0,0.0,0.0,0.0,FINAL,0.0,2026-08-26T09:03:42.972353,1.1532583020703095,0.08336807002918198,0.0,0.0,0.0,RS_OK,0.342,0.731,0.053,,LONG,"[""shadow_rs_ok"", ""shadow_regime_bad"", ""shadow_hour_weak""]",0,,,,,,RS>1,AI_20_40,SL,0,0,simulated_v8.6,,0,0,0
776,2026-08-26T06:39:55.095342+00:00,JASMYUSDT,BUY,DIP_BUY,0.004907,0.00515235,0.00564305,0.0047959,44.7,36.5,38.7,116.81,1.562,0,Pending ⏳,DIP_BUY trigger confirmed,26.8,54.0,75.0,RANGE,0.0,,,-2.264,0.0,0.0,ACTIVE,0.0,0.0,0,0,0,0,1,0.28530670470756314,-3.0160994497656346,1,0.0,0.0,0.0,0.0,0.0,0.0,FINAL,0.0,2026-08-26T07:33:16.782709,0.28530670470756314,3.0160994497656346,0.0,0.0,0.0,RS_OK,-1.0,0.126,1.332,,LONG,"[""shadow_rs_ok"", ""shadow_regime_bad"", ""shadow_hour_weak""]",0,,,,,,RS>1,AI_40_60,SL,0,0,simulated_v8.6,,0,0,0
777,2026-08-26T07:32:33.023146+00:00,FFUSDT,BUY,DIP_BUY,0.10065,0.1056825,0.1157475,0.0978085,51.9,52.1,59.8,14.94,1.012,0,Pending ⏳,DIP_BUY trigger confirmed,45.7,54.0,75.0,RANGE,0.0,,,-2.823,0.0,0.0,ACTIVE,0.0,0.0,0,0,0,0,1,2.1659215101838063,-4.182811723795336,1,0.0,0.0,0.0,0.0,0.0,0.0,FINAL,0.0,2026-08-26T09:03:42.977232,2.1659215101838063,4.182811723795336,0.0,0.0,0.0,RS_OK,-1.0,0.767,1.482,,LONG,"[""shadow_rs_ok"", ""shadow_regime_bad""]",0,,,,,,RS>1,AI_40_60,SL,0,0,simulated_v8.6,,0,0,0
778,2026-08-26T08:12:20.732471+00:00,TAOUSDT,BUY,DIP_BUY,234.9,246.645,270.135,231.88475,39.7,40.4,61.5,27.83,0.013,0,Pending ⏳,DIP_BUY trigger confirmed,23.8,54.0,75.0,RANGE,0.0,,,-0.974,0.0,0.0,ACTIVE,0.0,0.0,0,0,0,0,1,0.48957002979991726,-1.2260536398467412,1,0.0,0.0,0.0,0.0,0.0,0.0,FINAL,0.0,2026-08-26T09:54:28.586209,0.48957002979991726,1.2260536398467412,0.0,0.0,0.0,RS_LOW,-0.759,0.381,0.955,,LONG,"[""shadow_rs_low"", ""shadow_regime_bad""]",0,,,,,,RS_0_0.5,AI_20_40,SL,0,0,simulated_v8.6,,0,0,0
779,2026-08-26T08:12:26.159813+00:00,BCHUSDT,BUY,DIP_BUY,265.24,278.502,305.026,263.08795,24.9,10.8,27.8,5.6,-0.083,0,Pending ⏳,DIP_BUY trigger confirmed,14.9,54.0,75.0,RANGE,0.0,,,-0.163,0.0,0.0,ACTIVE,0.0,0.0,0,0,0,0,1,0.8897602171618209,-0.4411099381692113,1,0.0,0.0,0.0,0.0,0.0,0.0,FINAL,0.0,2026-08-26T09:54:28.592676,0.8897602171618209,0.4411099381692113,0.0,0.0,0.0,RS_LOW,-0.201,1.097,0.544,,LONG,"[""shadow_rs_low"", ""shadow_regime_bad""]",0,,,,,,RS<0,AI_20_40,SL,0,0,simulated_v8.6,,0,0,0
780,2026-08-26T08:12:41.507847+00:00,FILUSDT,BUY,VWAP_RECLAIM,0.7201,0.7453035,0.777708,0.71284547,17.8,25.0,30.7,-51.27,-0.059,0,Pending ⏳,VWAP_RECLAIM trigger confirmed,10.7,54.0,75.0,RANGE,0.0,,,-1.007,0.0,0.0,ACTIVE,0.0,0.0,0,0,0,0,1,0.2360783224552194,-1.4859047354533998,1,0.0,0.0,0.0,0.0,0.0,0.0,FINAL,0.0,2026-08-26T09:54:28.597649,0.2360783224552194,1.4859047354533998,0.0,0.0,0.0,RS_LOW,-1.0,0.234,1.475,,LONG,"[""shadow_rs_low"", ""shadow_regime_bad""]",0,,,,,,RS<0,AI_0_20,SL,0,0,simulated_v8.6,,0,0,0
781,2026-08-26T08:12:50.331495+00:00,ETHFIUSDT,BUY,VWAP_RECLAIM,0.5704,0.590364,0.616032,0.56459249,46.7,32.9,27.7,183.72,0.356,0,Pending ⏳,VWAP_RECLAIM trigger confirmed,28.0,54.0,75.0,RANGE,0.0,,,0.645,0.0,0.0,ACTIVE,0.0,0.0,0,0,0,0,1,2.2791023842917273,-0.21037868162692477,1,0.0,0.0,0.0,0.0,0.0,0.0,FINAL,0.0,2026-08-26T09:54:28.603838,2.2791023842917273,0.21037868162692477,0.0,0.0,0.0,RS_LOW,0.634,2.239,0.207,,LONG,"[""shadow_rs_low"", ""shadow_regime_bad""]",0,,,,,,RS_0_0.5,AI_40_60,SL,0,0,simulated_v8.6,,0,0,0
782,2026-08-26T08:13:38.954570+00:00,ENSUSDT,BUY,DIP_BUY,5.795,6.08475,6.66425,5.696375,46.1,39.3,40.1,252.98,0.767,0,Pending ⏳,DIP_BUY trigger confirmed,27.7,54.0,75.0,RANGE,0.0,,,-1.702,0.0,0.0,ACTIVE,0.0,0.0,0,0,0,0,1,0.22433132010353582,-1.829163071613458,1,0.0,0.0,0.0,0.0,0.0,0.0,FINAL,0.0,2026-08-26T09:54:28.608829,0.22433132010353582,1.829163071613458,0.0,0.0,0.0,RS_OK,-1.0,0.132,1.075,,LONG,"[""shadow_rs_ok"", ""shadow_regime_bad""]",0,,,,,,RS_0.5_1,AI_40_60,SL,0,0,simulated_v8.6,,0,0,0
783,2026-08-26T09:02:19.112605+00:00,AVAXUSDT,BUY,DIP_BUY,7.379,7.74795,8.48585,7.318225,42.3,44.2,63.4,140.57,-0.094,0,Pending ⏳,DIP_BUY trigger confirmed,25.4,54.0,75.0,RANGE,0.0,,,-0.824,0.0,0.0,ACTIVE,0.0,0.0,0,0,0,0,1,0.08131183087139487,-0.8402222523377069,1,0.0,0.0,0.0,0.0,0.0,0.0,FINAL,0.0,2026-08-26T09:54:28.613304,0.08131183087139487,0.8402222523377069,0.0,0.0,0.0,RS_LOW,-1.0,0.099,1.02,,LONG,"[""shadow_rs_low"", ""shadow_regime_bad"", ""shadow_hour_weak""]",0,,,,,,RS<0,AI_40_60,SL,0,0,simulated_v8.6,,0,0,0
784,2026-08-26T09:02:25.964021+00:00,DOTUSDT,BUY,DIP_BUY,0.8529,0.895545,0.980835,0.846944,34.7,22.0,36.3,77.08,-0.051,0,Pending ⏳,DIP_BUY trigger confirmed,20.8,54.0,75.0,RANGE,0.0,,,-0.698,0.0,0.0,ACTIVE,0.0,0.0,0,0,0,0,1,0.11724703951225242,-0.7152069410247385,1,0.0,0.0,0.0,0.0,0.0,0.0,FINAL,0.0,2026-08-26T09:54:28.617616,0.11724703951225242,0.7152069410247385,0.0,0.0,0.0,RS_LOW,-1.0,0.168,1.024,,LONG,"[""shadow_rs_low"", ""shadow_regime_bad"", ""shadow_hour_weak""]",0,,,,,,RS<0,AI_20_40,SL,0,0,simulated_v8.6,,0,0,0
785,2026-08-26T09:02:28.184289+00:00,STXUSDT,BUY,DIP_BUY,0.2722,0.28581,0.31303,0.269645,40.4,31.0,44.3,101.88,0.063,0,Pending ⏳,DIP_BUY trigger confirmed,24.2,54.0,75.0,RANGE,0.0,,,-0.939,0.0,0.0,ACTIVE,0.0,0.0,0,0,0,0,1,0.07347538574576708,-1.1756061719323956,1,0.0,0.0,0.0,0.0,0.0,0.0,FINAL,0.0,2026-08-26T09:54:28.621847,0.07347538574576708,1.1756061719323956,0.0,0.0,0.0,RS_LOW,-1.0,0.078,1.253,,LONG,"[""shadow_rs_low"", ""shadow_regime_bad"", ""shadow_hour_weak""]",0,,,,,,RS_0_0.5,AI_40_60,SL,0,0,simulated_v8.6,,0,0,0
786,2026-08-26T09:03:06.110516+00:00,CHZUSDT,BUY,DIP_BUY,0.01408,0.014784,0.016192,0.0139698,34.6,20.6,38.4,138.1,-0.05,0,Pending ⏳,DIP_BUY trigger confirmed,20.8,54.0,75.0,RANGE,0.0,,,-0.783,0.0,0.0,ACTIVE,0.0,0.0,0,0,0,0,1,0.07102272727272438,-0.8522727272727295,1,0.0,0.0,0.0,0.0,0.0,0.0,FINAL,0.0,2026-08-26T09:54:28.626255,0.07102272727272438,0.8522727272727295,0.0,0.0,0.0,RS_LOW,-1.0,0.091,1.089,,LONG,"[""shadow_rs_low"", ""shadow_regime_bad"", ""shadow_hour_weak""]",0,,,,,,RS<0,AI_20_40,SL,0,0,simulated_v8.6,,0,0,0
787,2026-08-26T09:03:07.252902+00:00,HOLOUSDT,BUY,DIP_BUY,0.06669,0.0700245,0.0766935,0.0661675,20.6,18.4,11.5,-73.19,0.165,0,Pending ⏳,DIP_BUY trigger confirmed,12.4,54.0,75.0,RANGE,0.0,,,-0.783,0.0,0.0,ACTIVE,0.0,0.0,0,0,0,0,1,0.14994751836857528,-0.8097165991902817,1,0.0,0.0,0.0,0.0,0.0,0.0,FINAL,0.0,2026-08-26T09:54:28.630604,0.14994751836857528,0.8097165991902817,0.0,0.0,0.0,RS_LOW,-0.999,0.191,1.033,,LONG,"[""shadow_rs_low"", ""shadow_regime_bad"", ""shadow_hour_weak""]",0,,,,,,RS_0_0.5,AI_20_40,SL,0,0,simulated_v8.6,,0,0,0
788,2026-08-26T09:03:08.407454+00:00,SPXUSDT,BUY,DIP_BUY,0.5356,0.56238,0.61594,0.5304345,16.2,21.0,17.7,-41.26,0.348,0,Pending ⏳,DIP_BUY trigger confirmed,9.7,54.0,75.0,RANGE,0.0,,,-0.964,0.0,0.0,ACTIVE,0.0,0.0,0,0,0,0,1,0.1867064973861092,-1.0268857356235903,1,0.0,0.0,0.0,0.0,0.0,0.0,FINAL,0.0,2026-08-26T09:54:28.634788,0.1867064973861092,1.0268857356235903,0.0,0.0,0.0,RS_LOW,-1.0,0.194,1.065,,LONG,"[""shadow_rs_low"", ""shadow_regime_bad"", ""shadow_hour_weak""]",0,,,,,,RS_0_0.5,AI_0_20,SL,0,0,simulated_v8.6,,0,0,0
789,2026-08-26T09:03:10.660239+00:00,SEIUSDT,BUY,DIP_BUY,0.04627,0.0485835,0.0532105,0.0458695,38.3,33.2,36.2,113.47,0.052,0,Pending ⏳,DIP_BUY trigger confirmed,23.0,54.0,75.0,RANGE,0.0,,,-0.866,0.0,0.0,ACTIVE,0.0,0.0,0,0,0,0,1,0.02161227577264548,-1.0157769613140224,1,0.0,0.0,0.0,0.0,0.0,0.0,FINAL,0.0,2026-08-26T09:54:28.639379,0.02161227577264548,1.0157769613140224,0.0,0.0,0.0,RS_LOW,-1.0,0.025,1.173,,LONG,"[""shadow_rs_low"", ""shadow_regime_bad"", ""shadow_hour_weak""]",0,,,,,,RS_0_0.5,AI_20_40,SL,0,0,simulated_v8.6,,0,0,0
790,2026-08-26T10:23:14.426383+00:00,TRUMPUSDT,BUY,DIP_BUY,2.25,2.3625,2.5875,2.195965,49.5,63.5,47.7,223.77,1.106,0,Pending ⏳,DIP_BUY trigger confirmed,29.7,54.0,75.0,RANGE,0.0,,,0.403,0.0,0.0,ACTIVE,0.0,0.0,0,0,0,0,1,1.999999999999997,-0.8444444444444501,1,0.0,0.0,0.0,0.0,0.0,0.0,FINAL,0.0,2026-08-26T12:00:17.183821,1.999999999999997,0.8444444444444501,0.0,0.0,0.0,RS_OK,0.168,0.833,0.352,,LONG,"[""shadow_rs_ok"", ""shadow_regime_bad""]",0,,,,,,RS>1,AI_40_60,SL,0,0,simulated_v8.6,,0,0,0
791,2026-08-26T10:23:32.562377+00:00,TAOUSDT,BUY,DIP_BUY,235.11,246.8655,270.3765,229.7654,31.2,29.8,32.7,4.33,1.149,0,Pending ⏳,DIP_BUY trigger confirmed,18.7,54.0,75.0,RANGE,0.0,,,-0.708,0.0,0.0,ACTIVE,0.0,0.0,0,0,0,0,1,1.080345370252219,-0.9655055080600612,1,0.0,0.0,0.0,0.0,0.0,0.0,FINAL,0.0,2026-08-26T12:51:24.076229,1.080345370252219,0.9655055080600612,0.0,0.0,0.0,RS_OK,-0.311,0.475,0.425,,LONG,"[""shadow_rs_ok"", ""shadow_regime_bad""]",0,,,,,,RS>1,AI_20_40,SL,0,0,simulated_v8.6,,0,0,0
792,2026-08-26T10:24:06.476017+00:00,JTOUSDT,BUY,DIP_BUY,0.524,0.5502,0.6026,0.514415,52.5,50.6,37.1,354.93,0.66,0,Pending ⏳,DIP_BUY trigger confirmed,46.2,54.0,75.0,RANGE,0.0,,,0.014,0.0,0.0,ACTIVE,0.0,0.0,0,0,0,0,1,0.38167938931297746,-0.7633587786259549,1,0.0,0.0,0.0,0.0,0.0,0.0,FINAL,0.0,2026-08-26T12:00:17.200488,0.38167938931297746,0.7633587786259549,0.0,0.0,0.0,RS_OK,0.008,0.209,0.417,,LONG,"[""shadow_rs_ok"", ""shadow_regime_bad""]",0,,,,,,RS_0.5_1,AI_40_60,SL,0,0,simulated_v8.6,,0,0,0
793,2026-08-26T10:24:48.391942+00:00,HOLOUSDT,BUY,DIP_BUY,0.06678,0.070119,0.076797,0.06530185,26.6,19.9,15.4,-40.79,1.35,0,Pending ⏳,DIP_BUY trigger confirmed,16.0,54.0,75.0,RANGE,0.0,,,0.044,0.0,0.0,ACTIVE,0.0,0.0,0,0,0,0,1,1.123090745732256,-0.5540581012279263,1,0.0,0.0,0.0,0.0,0.0,0.0,FINAL,0.0,2026-08-26T12:51:24.080865,1.123090745732256,0.5540581012279263,0.0,0.0,0.0,RS_OK,0.02,0.507,0.25,,LONG,"[""shadow_rs_ok"", ""shadow_regime_bad""]",0,,,,,,RS>1,AI_20_40,SL,0,0,simulated_v8.6,,0,0,0
794,2026-08-26T10:58:06.741840+00:00,BCHUSDT,BUY,DIP_BUY,267.51,280.8855,307.6365,262.3019,47.2,45.9,39.9,139.82,0.996,0,Pending ⏳,DIP_BUY trigger confirmed,28.3,54.0,75.0,RANGE,0.0,,,-0.462,0.0,0.0,ACTIVE,0.0,0.0,0,0,0,0,1,0.17195618855371253,-1.0392134873462573,1,0.0,0.0,0.0,0.0,0.0,0.0,FINAL,0.0,2026-08-26T12:51:24.086448,0.17195618855371253,1.0392134873462573,0.0,0.0,0.0,RS_OK,-0.237,0.088,0.534,,LONG,"[""shadow_rs_ok"", ""shadow_regime_bad""]",0,,,,,,RS_0.5_1,AI_40_60,SL,0,0,simulated_v8.6,,0,0,0
795,2026-08-26T11:30:03.829865+00:00,RAINUSDT,BUY,DIP_BUY,0.017571,0.01844955,0.02020665,0.0170145,45.3,39.2,47.2,13.98,0.846,0,Pending ⏳,DIP_BUY trigger confirmed,27.2,54.0,75.0,RANGE,0.0,,,-1.444,0.0,0.0,ACTIVE,0.0,0.0,0,0,0,0,1,0.25610380740993627,-1.7813442604291205,1,0.0,0.0,0.0,0.0,0.0,0.0,FINAL,0.0,2026-08-26T13:45:54.539491,0.25610380740993627,1.7813442604291205,0.0,0.0,0.0,RS_OK,-0.456,0.081,0.562,,LONG,"[""shadow_rs_ok"", ""shadow_regime_bad"", ""shadow_hour_weak""]",0,,,,,,RS_0.5_1,AI_40_60,SL,0,0,simulated_v8.6,,0,0,0
796,2026-08-26T12:49:43.826082+00:00,NEARUSDT,BUY,DIP_BUY,1.8506,1.94313,2.12819,1.8293075,37.7,33.9,39.1,10.13,0.337,0,Pending ⏳,DIP_BUY trigger confirmed,22.6,54.0,75.0,RANGE,0.0,,,-1.151,0.0,0.0,ACTIVE,0.0,0.0,0,0,0,0,1,0.18912785042689173,-1.2158218956014246,1,0.0,0.0,0.0,0.0,0.0,0.0,FINAL,0.0,2026-08-26T14:29:21.694971,0.18912785042689173,1.2158218956014246,0.0,0.0,0.0,RS_LOW,-1.0,0.164,1.057,,LONG,"[""shadow_rs_low"", ""shadow_regime_bad""]",0,,,,,,RS_0_0.5,AI_20_40,SL,0,0,simulated_v8.6,,0,0,0
797,2026-08-26T13:45:13.865083+00:00,STORJUSDT,BUY,DIP_BUY,0.0399,0.041895,0.045885,0.0393025,20.9,21.8,32.7,-77.83,0.348,0,Pending ⏳,DIP_BUY trigger confirmed,12.5,54.0,75.0,RANGE,0.0,,,-1.003,0.0,0.0,ACTIVE,0.0,0.0,0,0,0,0,1,0.0,-1.2531328320802015,1,0.0,0.0,0.0,0.0,0.0,0.0,FINAL,0.0,2026-08-26T16:02:15.450660,0.0,1.2531328320802015,0.0,0.0,0.0,RS_LOW,-0.67,0.0,0.837,,LONG,"[""shadow_rs_low"", ""shadow_regime_bad"", ""shadow_hour_weak""]",0,,,,,,RS_0_0.5,AI_20_40,SL,0,0,simulated_v8.6,,0,0,0
798,2026-08-26T16:53:16.189090+00:00,JTOUSDT,BUY,DIP_BUY,0.516,0.5418,0.5934,0.50745,49.4,38.2,29.4,2410.48,0.69,0,Pending ⏳,DIP_BUY trigger confirmed,29.6,54.0,75.0,RANGE,0.0,,,1.412,0.0,0.0,ACTIVE,0.0,0.0,0,0,0,0,1,1.7441860465116292,0.0,1,0.0,0.0,0.0,0.0,0.0,0.0,FINAL,0.0,2026-08-26T21:06:03.506842,1.7441860465116292,0.0,0.0,0.0,0.0,RS_OK,0.852,1.053,0.0,,LONG,"[""shadow_rs_ok"", ""shadow_regime_bad""]",0,,,,,,RS_0.5_1,AI_40_60,SL,0,0,simulated_v8.6,,0,0,0
799,2026-08-26T21:03:36.666215+00:00,SUIUSDT,BUY,DIP_BUY,0.7415,0.778575,0.852725,0.7294345,13.8,25.2,25.0,-56.4,0.143,0,Pending ⏳,DIP_BUY trigger confirmed,8.3,54.0,75.0,RANGE,0.0,,,1.083,0.0,0.0,ACTIVE,0.0,0.0,0,0,0,0,1,2.117329737019546,0.0,1,0.0,0.0,0.0,0.0,0.0,0.0,FINAL,0.0,2026-08-27T00:41:11.290009,2.117329737019546,0.0,0.0,0.0,0.0,RS_LOW,0.666,1.301,0.0,,LONG,"[""shadow_rs_low"", ""shadow_regime_bad"", ""shadow_hour_weak""]",0,,,,,,RS_0_0.5,AI_0_20,SL,0,0,simulated_v8.6,,0,0,0
800,2026-08-26T21:03:59.730290+00:00,BCHUSDT,BUY,DIP_BUY,263.32,276.486,302.818,259.08805,13.7,21.7,19.8,-18.02,0.307,0,Pending ⏳,DIP_BUY trigger confirmed,8.2,54.0,75.0,RANGE,0.0,,,1.212,0.0,0.0,ACTIVE,0.0,0.0,0,0,0,0,1,1.7393285735986572,0.0,1,0.0,0.0,0.0,0.0,0.0,0.0,FINAL,0.0,2026-08-27T00:41:11.298579,1.7393285735986572,0.0,0.0,0.0,0.0,RS_LOW,0.754,1.082,0.0,,LONG,"[""shadow_rs_low"", ""shadow_regime_bad"", ""shadow_hour_weak""]",0,,,,,,RS_0_0.5,AI_0_20,SL,0,0,simulated_v8.6,,0,0,0
801,2026-08-26T21:04:17.925935+00:00,TUTUSDT,BUY,DIP_BUY,0.05125,0.0538125,0.0589375,0.05055595,59.3,40.8,53.9,365.25,0.472,1,Pending ⏳,DIP_BUY trigger confirmed,52.2,54.0,75.0,RANGE,0.0,,,-1.354,0.0,0.0,ACTIVE,0.0,0.0,0,0,0,0,1,0.0,-1.5024390243902437,1,0.0,0.0,0.0,0.0,0.0,0.0,FINAL,0.0,2026-08-27T00:41:11.302950,0.0,1.5024390243902437,0.0,0.0,0.0,RS_LOW,-1.0,0.0,1.109,,LONG,"[""shadow_rs_low"", ""shadow_regime_bad"", ""shadow_hour_weak""]",0,,,,,,RS_0_0.5,AI_40_60,SL,0,0,simulated_v8.6,,0,0,0
802,2026-08-26T21:04:23.211724+00:00,FILUSDT,BUY,DIP_BUY,0.6999,0.734895,0.804885,0.6842615,13.9,22.5,26.6,-86.89,0.207,0,Pending ⏳,DIP_BUY trigger confirmed,8.3,54.0,75.0,RANGE,0.0,,,0.767,0.0,0.0,ACTIVE,0.0,0.0,0,0,0,0,1,1.3430490070010108,0.0,1,0.0,0.0,0.0,0.0,0.0,0.0,FINAL,0.0,2026-08-27T00:41:11.312374,1.3430490070010108,0.0,0.0,0.0,0.0,RS_LOW,0.343,0.601,0.0,,LONG,"[""shadow_rs_low"", ""shadow_regime_bad"", ""shadow_hour_weak""]",0,,,,,,RS_0_0.5,AI_0_20,SL,0,0,simulated_v8.6,,0,0,0
803,2026-08-26T21:04:40.782836+00:00,JUPUSDT,BUY,DIP_BUY,0.2105,0.221025,0.242075,0.206761,26.6,23.0,17.0,-46.34,0.98,0,Pending ⏳,DIP_BUY trigger confirmed,16.0,54.0,75.0,RANGE,0.0,,,3.739,0.0,0.0,ACTIVE,0.0,0.0,0,0,0,0,1,4.798099762470308,-0.1900237529691134,1,0.0,0.0,0.0,0.0,0.0,0.0,FINAL,0.0,2026-08-27T00:41:11.340676,4.798099762470308,0.1900237529691134,0.0,0.0,0.0,RS_OK,2.105,2.701,0.107,,LONG,"[""shadow_rs_ok"", ""shadow_regime_bad"", ""shadow_hour_weak""]",0,,,,,,RS_0.5_1,AI_20_40,SL,0,0,simulated_v8.6,,0,0,0
804,2026-08-27T10:32:44.991436+00:00,HEIUSDT,BUY,DIP_BUY,0.1404,0.14742,0.16146,0.1388025,25.3,28.7,30.6,-44.85,1.035,0,Pending ⏳,DIP_BUY trigger confirmed,15.2,55.2,81.0,RANGE,0.0,,,6.727,0.0,0.0,ACTIVE,0.0,0.0,0,0,1,0,1,9.045584045584059,0.0,1,0.0,0.0,0.0,0.0,0.0,0.0,FINAL,0.0,2026-08-27T20:45:17.330866,9.045584045584059,0.0,0.0,0.0,0.0,RS_OK,5.912,7.95,0.0,,LONG,"[""shadow_rs_ok"", ""shadow_regime_bad""]",0,,,,,,RS>1,AI_20_40,TP1,0,0,simulated_v8.6,,0,0,0
805,2026-08-27T20:43:33.456965+00:00,BTCUSDT,BUY,DIP_BUY,80036.4,84038.22,92041.86,79483.0875,26.4,15.4,20.1,-58.43,0.0,1,Pending ⏳,DIP_BUY trigger confirmed,15.8,55.2,81.0,RANGE,0.0,,,0.184,0.0,0.0,ACTIVE,0.0,0.0,0,0,0,0,1,0.4909016397539229,-0.08383685423131385,1,0.0,0.0,0.0,0.0,0.0,0.0,FINAL,0.0,2026-08-28T04:33:48.155764,0.4909016397539229,0.08383685423131385,0.0,0.0,0.0,RS_LOW,0.266,0.71,0.121,,LONG,"[""shadow_rs_low"", ""shadow_regime_bad""]",0,,,,,,RS_0_0.5,AI_20_40,SL,0,0,simulated_v8.6,,0,0,0
806,2026-08-27T20:43:37.897478+00:00,ETHUSDT,BUY,DIP_BUY,2506.57,2631.8985,2882.5555,2482.5847,33.7,27.3,21.8,-30.04,0.133,1,Pending ⏳,DIP_BUY trigger confirmed,20.2,55.2,81.0,RANGE,0.0,,,0.125,0.0,0.0,ACTIVE,0.0,0.0,0,0,0,0,1,0.42488340640794536,-0.30160737581635244,1,0.0,0.0,0.0,0.0,0.0,0.0,FINAL,0.0,2026-08-28T04:33:48.173880,0.42488340640794536,0.30160737581635244,0.0,0.0,0.0,RS_LOW,0.131,0.444,0.315,,LONG,"[""shadow_rs_low"", ""shadow_regime_bad""]",0,,,,,,RS_0_0.5,AI_20_40,SL,0,0,simulated_v8.6,,0,0,0
807,2026-08-27T20:43:49.010588+00:00,TAOUSDT,BUY,DIP_BUY,250.13,262.6365,287.6495,246.2426,14.9,18.5,12.6,-26.6,0.258,0,Pending ⏳,DIP_BUY trigger confirmed,8.9,55.2,81.0,RANGE,0.0,,,1.182,0.0,0.0,ACTIVE,0.0,0.0,0,0,0,0,1,1.9429896453844056,-0.42777755567104836,1,0.0,0.0,0.0,0.0,0.0,0.0,FINAL,0.0,2026-08-28T04:33:48.192013,1.9429896453844056,0.42777755567104836,0.0,0.0,0.0,RS_LOW,0.761,1.25,0.275,,LONG,"[""shadow_rs_low"", ""shadow_regime_bad""]",0,,,,,,RS_0_0.5,AI_0_20,SL,0,0,simulated_v8.6,,0,0,0
808,2026-08-27T20:44:37.069781+00:00,SEIUSDT,BUY,DIP_BUY,0.04802,0.050421,0.055223,0.04747145,15.1,21.6,13.7,-8.26,0.132,0,Pending ⏳,DIP_BUY trigger confirmed,9.1,55.2,81.0,RANGE,0.0,,,0.443,0.0,0.0,ACTIVE,0.0,0.0,0,0,0,0,1,1.10370678883799,-0.24989587671803842,1,0.0,0.0,0.0,0.0,0.0,0.0,FINAL,0.0,2026-08-28T04:33:48.203257,1.10370678883799,0.24989587671803842,0.0,0.0,0.0,RS_LOW,0.388,0.966,0.219,,LONG,"[""shadow_rs_low"", ""shadow_regime_bad""]",0,,,,,,RS_0_0.5,AI_0_20,SL,0,0,simulated_v8.6,,0,0,0
809,2026-08-27T20:44:54.196570+00:00,TMXUSDT,BUY,VWAP_RECLAIM,0.13752,0.1423332,0.1485216,0.13575998,39.7,21.7,28.2,5.45,2.314,0,Pending ⏳,VWAP_RECLAIM trigger confirmed,23.8,55.2,81.0,RANGE,0.0,,,-1.28,0.0,0.0,ACTIVE,0.0,0.0,0,0,0,0,1,0.13089005235601056,-1.5634089586969262,1,0.0,0.0,0.0,0.0,0.0,0.0,FINAL,0.0,2026-08-28T04:33:48.206887,0.13089005235601056,1.5634089586969262,0.0,0.0,0.0,RS_OK,-1.0,0.102,1.222,,LONG,"[""shadow_rs_ok"", ""shadow_regime_bad""]",0,,,,,,RS>1,AI_20_40,SL,0,0,simulated_v8.6,,0,0,0
810,2026-08-28T04:31:56.494649+00:00,BCHUSDT,BUY,DIP_BUY,265.0,278.25,304.75,262.03325,18.2,39.6,15.3,-63.74,0.296,0,Pending ⏳,DIP_BUY trigger confirmed,10.9,55.6,83.0,RANGE,0.0,,,-1.12,0.0,0.0,ACTIVE,0.0,0.0,0,0,0,0,1,0.0,-1.1924528301886888,1,0.0,0.0,0.0,0.0,0.0,0.0,FINAL,0.0,2026-08-28T16:55:33.122235,0.0,1.1924528301886888,0.0,0.0,0.0,RS_LOW,-1.0,0.0,1.065,,LONG,"[""shadow_rs_low"", ""shadow_regime_bad""]",0,,,,,,RS_0_0.5,AI_0_20,SL,0,0,simulated_v8.6,,0,0,0
811,2026-08-28T04:32:14.253068+00:00,JUPUSDT,BUY,DIP_BUY,0.2337,0.245385,0.268755,0.229049,44.9,20.1,33.2,16.4,0.608,0,Pending ⏳,DIP_BUY trigger confirmed,26.9,55.6,83.0,RANGE,0.0,,,-0.428,0.0,0.0,ACTIVE,0.0,0.0,0,0,0,0,1,0.9841677364142049,-0.7702182284980728,1,0.0,0.0,0.0,0.0,0.0,0.0,FINAL,0.0,2026-08-28T16:55:33.128780,0.9841677364142049,0.7702182284980728,0.0,0.0,0.0,RS_OK,-0.215,0.495,0.387,,LONG,"[""shadow_rs_ok"", ""shadow_regime_bad""]",0,,,,,,RS_0.5_1,AI_40_60,SL,0,0,simulated_v8.6,,0,0,0
812,2026-08-28T04:32:42.531755+00:00,BOMEUSDT,BUY,DIP_BUY,0.0010052,0.00105546,0.00115598,0.00098744,48.2,26.0,35.0,10.45,0.939,0,Pending ⏳,DIP_BUY trigger confirmed,28.9,55.6,83.0,RANGE,0.0,,,-0.764,0.0,0.0,ACTIVE,0.0,0.0,0,0,0,0,1,0.0,-1.4424990051730973,1,0.0,0.0,0.0,0.0,0.0,0.0,FINAL,0.0,2026-08-28T16:55:33.136006,0.0,1.4424990051730973,0.0,0.0,0.0,RS_OK,-0.432,0.0,0.816,,LONG,"[""shadow_rs_ok"", ""shadow_regime_bad""]",0,,,,,,RS_0.5_1,AI_40_60,SL,0,0,simulated_v8.6,,0,0,0
813,2026-08-29T00:49:34.351970+00:00,COMPUSDT,BUY,DIP_BUY,18.24,19.152,20.976,18.0891,14.8,20.3,23.8,-8.95,0.292,0,Pending ⏳,DIP_BUY trigger confirmed,8.9,54.6,78.0,RANGE,0.0,,,0.278,0.0,0.0,ACTIVE,0.0,0.0,0,0,0,0,1,1.0416666666666736,-0.3289473684210456,1,0.0,0.0,0.0,0.0,0.0,0.0,FINAL,0.0,2026-08-29T07:30:59.142778,1.0416666666666736,0.3289473684210456,0.0,0.0,0.0,RS_LOW,0.336,1.259,0.398,,LONG,"[""shadow_rs_low"", ""shadow_regime_bad"", ""shadow_hour_weak""]",0,,,,,,RS_0_0.5,AI_0_20,SL,0,0,simulated_v8.6,,0,0,0
814,2026-08-29T13:19:56.141121+00:00,HNTUSDT,BUY,VWAP_RECLAIM,0.404,0.41814,0.43632,0.39740901,35.0,21.0,25.0,-14.21,5.171,0,Pending ⏳,VWAP_RECLAIM trigger confirmed,21.0,54.6,78.0,RANGE,0.0,,,-1.631,0.0,0.0,ACTIVE,0.0,0.0,0,0,0,0,1,0.0,-2.7227722772277247,1,0.0,0.0,0.0,0.0,0.0,0.0,FINAL,0.0,2026-08-29T13:22:04.437124,0.0,2.7227722772277247,0.0,0.0,0.0,RS_OK,-1.0,0.0,1.669,,LONG,"[""shadow_rs_ok"", ""shadow_regime_bad"", ""shadow_hour_weak""]",0,,,,,,RS>1,AI_20_40,SL,0,0,simulated_v8.6,,0,0,0
815,2026-08-29T13:20:03.627185+00:00,TRUMPUSDT,BUY,DIP_BUY,2.703,2.83815,3.10845,2.64869,27.7,38.0,27.5,-5.5,0.565,0,Pending ⏳,DIP_BUY trigger confirmed,16.6,54.6,78.0,RANGE,0.0,,,-0.182,0.0,0.0,ACTIVE,0.0,0.0,0,0,0,0,1,1.5538290788013414,-0.9988901220865591,1,0.0,0.0,0.0,0.0,0.0,0.0,FINAL,0.0,2026-08-29T17:16:12.281693,1.5538290788013414,0.9988901220865591,0.0,0.0,0.0,RS_OK,-0.091,0.773,0.497,,LONG,"[""shadow_rs_ok"", ""shadow_regime_bad"", ""shadow_hour_weak""]",0,,,,,,RS_0.5_1,AI_20_40,SL,0,0,simulated_v8.6,,0,0,0
816,2026-08-29T13:20:32.037060+00:00,FETUSDT,BUY,DIP_BUY,0.147,0.15435,0.16905,0.1455685,43.1,40.4,39.1,158.9,0.167,0,Pending ⏳,DIP_BUY trigger confirmed,25.9,54.6,78.0,RANGE,0.0,,,2.6,0.0,0.0,ACTIVE,0.0,0.0,0,0,0,0,1,3.8095238095238244,0.0,1,0.0,0.0,0.0,0.0,0.0,0.0,FINAL,0.0,2026-08-29T17:16:12.292728,3.8095238095238244,0.0,0.0,0.0,0.0,RS_LOW,2.67,3.912,0.0,,LONG,"[""shadow_rs_low"", ""shadow_regime_bad"", ""shadow_hour_weak""]",0,,,,,,RS_0_0.5,AI_40_60,SL,0,0,simulated_v8.6,,0,0,0
817,2026-08-29T13:21:13.314379+00:00,ATOMUSDT,BUY,DIP_BUY,1.5071,1.582455,1.733165,1.493694,16.1,19.0,23.3,-45.93,0.1,0,Pending ⏳,DIP_BUY trigger confirmed,9.7,54.6,78.0,RANGE,0.0,,,0.218,0.0,0.0,ACTIVE,0.0,0.0,0,0,0,0,1,0.6303496781898906,-0.13270519540840034,1,0.0,0.0,0.0,0.0,0.0,0.0,FINAL,0.0,2026-08-29T17:16:12.301018,0.6303496781898906,0.13270519540840034,0.0,0.0,0.0,RS_LOW,0.245,0.709,0.149,,LONG,"[""shadow_rs_low"", ""shadow_regime_bad"", ""shadow_hour_weak""]",0,,,,,,RS_0_0.5,AI_0_20,SL,0,0,simulated_v8.6,,0,0,0
818,2026-08-29T13:21:21.256368+00:00,MELANIAUSDT,BUY,DIP_BUY,0.11357,0.1192485,0.1306055,0.1111216,48.7,37.8,33.9,562.85,0.523,0,Pending ⏳,DIP_BUY trigger confirmed,29.2,54.6,78.0,RANGE,0.0,,,0.547,0.0,0.0,ACTIVE,0.0,0.0,0,0,0,0,1,1.3031610460508893,-0.5547239587919394,1,0.0,0.0,0.0,0.0,0.0,0.0,FINAL,0.0,2026-08-29T17:16:12.310034,1.3031610460508893,0.5547239587919394,0.0,0.0,0.0,RS_OK,0.254,0.604,0.257,,LONG,"[""shadow_rs_ok"", ""shadow_regime_bad"", ""shadow_hour_weak""]",0,,,,,,RS_0.5_1,AI_40_60,SL,0,0,simulated_v8.6,,0,0,0
819,2026-08-29T17:14:12.286543+00:00,BTCUSDT,BUY,DIP_BUY,78032.3,81933.915,89737.145,77507.4155,34.2,14.7,47.7,12.34,0.0,0,Pending ⏳,DIP_BUY trigger confirmed,20.5,54.6,78.0,RANGE,0.0,,,0.208,0.0,0.0,ACTIVE,0.0,0.0,0,0,0,0,1,0.3829183556040292,-0.16954517552347284,1,0.0,0.0,0.0,0.0,0.0,0.0,FINAL,0.0,2026-08-29T22:02:03.887730,0.3829183556040292,0.16954517552347284,0.0,0.0,0.0,RS_LOW,0.309,0.569,0.252,,LONG,"[""shadow_rs_low"", ""shadow_regime_bad""]",0,,,,,,RS_0_0.5,AI_20_40,SL,0,0,simulated_v8.6,,0,0,0
820,2026-08-29T19:47:00.864455+00:00,NEARUSDT,BUY,DIP_BUY,1.8647,1.957935,2.144405,1.8398545,40.7,36.9,37.8,75.17,0.65,0,Pending ⏳,DIP_BUY trigger confirmed,24.4,54.6,78.0,RANGE,0.0,,,0.028,0.0,0.0,ACTIVE,0.0,0.0,0,0,0,0,1,1.142274896766229,-0.5738188448543965,1,0.0,0.0,0.0,0.0,0.0,0.0,FINAL,0.0,2026-08-29T22:02:03.894083,1.142274896766229,0.5738188448543965,0.0,0.0,0.0,RS_OK,0.021,0.857,0.431,,LONG,"[""shadow_rs_ok"", ""shadow_regime_bad"", ""shadow_hour_weak""]",0,,,,,,RS_0.5_1,AI_40_60,SL,0,0,simulated_v8.6,,0,0,0
821,2026-08-29T19:48:06.483118+00:00,STXUSDT,BUY,VWAP_RECLAIM,0.2451,0.2536785,0.264708,0.24248295,14.1,21.0,17.7,-54.34,0.355,0,Pending ⏳,VWAP_RECLAIM trigger confirmed,8.5,54.6,78.0,RANGE,0.0,,,0.318,0.0,0.0,ACTIVE,0.0,0.0,0,0,0,0,1,0.8159934720522128,-0.44879640962873013,1,0.0,0.0,0.0,0.0,0.0,0.0,FINAL,0.0,2026-08-29T22:02:03.906296,0.8159934720522128,0.44879640962873013,0.0,0.0,0.0,RS_LOW,0.298,0.764,0.42,,LONG,"[""shadow_rs_low"", ""shadow_regime_bad"", ""shadow_hour_weak""]",0,,,,,,RS_0_0.5,AI_0_20,SL,0,0,simulated_v8.6,,0,0,0
822,2026-08-29T22:01:08.610739+00:00,LITUSDT,BUY,DIP_BUY,3.527,3.70335,4.05605,3.47653,19.9,18.0,21.7,-53.88,1.142,0,Pending ⏳,DIP_BUY trigger confirmed,11.9,54.6,78.0,RANGE,0.0,,,0.699,0.0,0.0,ACTIVE,0.0,0.0,0,0,0,0,1,1.275871845761268,-0.5387014459880954,1,0.0,0.0,0.0,0.0,0.0,0.0,FINAL,0.0,2026-08-30T00:06:02.490000,1.275871845761268,0.5387014459880954,0.0,0.0,0.0,RS_OK,0.488,0.892,0.376,,LONG,"[""shadow_rs_ok"", ""shadow_regime_bad""]",0,,,,,,RS>1,AI_0_20,SL,0,0,simulated_v8.6,,0,0,0
823,2026-08-29T22:01:38.655282+00:00,SKRUSDT,BUY,DIP_BUY,0.010762,0.0113001,0.0123763,0.01064053,54.2,65.8,61.3,422.73,0.181,0,Pending ⏳,DIP_BUY trigger confirmed,47.7,54.6,78.0,RANGE,0.0,,,-1.129,0.0,0.0,ACTIVE,0.0,0.0,0,0,0,0,1,0.0,-1.9420182122282181,1,0.0,0.0,0.0,0.0,0.0,0.0,FINAL,0.0,2026-08-30T00:06:02.494471,0.0,1.9420182122282181,0.0,0.0,0.0,RS_LOW,-1.0,0.0,1.721,,LONG,"[""shadow_rs_low"", ""shadow_regime_bad""]",0,,,,,,RS_0_0.5,AI_40_60,SL,0,0,simulated_v8.6,,0,0,0
824,2026-08-30T00:04:22.881918+00:00,DEXEUSDT,BUY,DIP_BUY,2.2511,2.363655,2.588765,2.22681,19.3,18.0,19.8,-38.13,0.306,0,Pending ⏳,DIP_BUY trigger confirmed,11.6,54.8,79.0,RANGE,0.0,,,4.411,0.0,0.0,ACTIVE,0.0,0.0,0,0,1,0,1,5.370707654035796,-0.9373195326729207,1,0.0,0.0,0.0,0.0,0.0,0.0,FINAL,0.0,2026-08-30T05:15:59.890636,5.370707654035796,0.9373195326729207,0.0,0.0,0.0,RS_LOW,4.088,4.977,0.869,,LONG,"[""shadow_rs_low"", ""shadow_regime_bad"", ""shadow_hour_weak""]",0,,,,,,RS_0_0.5,AI_0_20,TP1,0,0,simulated_v8.6,,0,0,0
825,2026-08-30T00:04:42.977075+00:00,BOMEUSDT,BUY,DIP_BUY,0.000996,0.0010458,0.0011454,0.00097301,18.8,26.1,11.6,-74.34,0.323,0,Pending ⏳,DIP_BUY trigger confirmed,11.3,54.8,79.0,RANGE,0.0,,,-0.297,0.0,0.0,ACTIVE,0.0,0.0,0,0,0,0,1,0.2008032128514105,-0.6425702811244919,1,0.0,0.0,0.0,0.0,0.0,0.0,FINAL,0.0,2026-08-30T05:15:59.897329,0.2008032128514105,0.6425702811244919,0.0,0.0,0.0,RS_LOW,-0.129,0.087,0.278,,LONG,"[""shadow_rs_low"", ""shadow_regime_bad"", ""shadow_hour_weak""]",0,,,,,,RS_0_0.5,AI_0_20,SL,0,0,simulated_v8.6,,0,0,0
826,2026-08-30T00:04:44.471724+00:00,GIGGLEUSDT,BUY,DIP_BUY,40.26,42.273,46.299,39.90945,59.7,27.3,44.5,11.96,0.195,1,Pending ⏳,DIP_BUY trigger confirmed,52.5,54.8,79.0,RANGE,0.0,,,-0.871,0.0,0.0,ACTIVE,0.0,0.0,0,0,0,0,1,0.9687034277198227,-1.4903129657228054,1,0.0,0.0,0.0,0.0,0.0,0.0,FINAL,0.0,2026-08-30T05:15:59.902300,0.9687034277198227,1.4903129657228054,0.0,0.0,0.0,RS_LOW,-1.0,1.113,1.712,,LONG,"[""shadow_rs_low"", ""shadow_regime_bad"", ""shadow_hour_weak""]",0,,,,,,RS_0_0.5,AI_40_60,SL,0,0,simulated_v8.6,,0,0,0
827,2026-08-30T00:04:53.556109+00:00,RAINUSDT,BUY,VWAP_RECLAIM,0.017627,0.01824394,0.01903716,0.01744942,44.2,32.2,33.1,121.01,0.032,0,Pending ⏳,VWAP_RECLAIM trigger confirmed,26.5,54.8,79.0,RANGE,0.0,,,-0.212,0.0,0.0,ACTIVE,0.0,0.0,0,0,0,0,1,0.09076984172008086,-0.555965280535547,1,0.0,0.0,0.0,0.0,0.0,0.0,FINAL,0.0,2026-08-30T05:15:59.909052,0.09076984172008086,0.555965280535547,0.0,0.0,0.0,RS_LOW,-0.21,0.09,0.552,,LONG,"[""shadow_rs_low"", ""shadow_regime_bad"", ""shadow_hour_weak""]",0,,,,,,RS_0_0.5,AI_40_60,SL,0,0,simulated_v8.6,,0,0,0
828,2026-08-30T00:05:13.664318+00:00,CHIPUSDT,BUY,DIP_BUY,0.040311,0.04232655,0.04635765,0.0398597,15.5,18.0,17.1,-14.56,0.56,0,Pending ⏳,DIP_BUY trigger confirmed,9.3,54.8,79.0,RANGE,0.0,,,-1.12,0.0,0.0,ACTIVE,0.0,0.0,0,0,0,0,1,1.0791099203691248,-1.2353948053881036,1,0.0,0.0,0.0,0.0,0.0,0.0,FINAL,0.0,2026-08-30T05:15:59.913832,1.0791099203691248,1.2353948053881036,0.0,0.0,0.0,RS_OK,-1.0,0.964,1.104,,LONG,"[""shadow_rs_ok"", ""shadow_regime_bad"", ""shadow_hour_weak""]",0,,,,,,RS_0.5_1,AI_0_20,SL,0,0,simulated_v8.6,,0,0,0
829,2026-08-30T05:14:53.582526+00:00,TUTUSDT,BUY,VWAP_RECLAIM,0.03652,0.0377982,0.0394416,0.03599566,41.8,34.4,49.5,11.45,0.538,0,Pending ⏳,VWAP_RECLAIM trigger confirmed,25.1,54.8,79.0,RANGE,0.0,,,0.7,0.0,0.0,ACTIVE,0.0,0.0,0,0,1,0,1,4.0525739320920104,-0.027382256297908334,1,0.0,0.0,0.0,0.0,0.0,0.0,FINAL,0.0,2026-08-30T10:31:57.175657,4.0525739320920104,0.027382256297908334,0.0,0.0,0.0,RS_OK,0.488,2.823,0.019,,LONG,"[""shadow_rs_ok"", ""shadow_regime_bad""]",0,,,,,,RS_0.5_1,AI_40_60,TP1,0,0,simulated_v8.6,,0,0,0
830,2026-08-30T05:15:32.690922+00:00,KNCUSDT,BUY,DIP_BUY,0.119,0.12495,0.13685,0.11741,22.0,21.0,18.8,-0.48,0.185,0,Pending ⏳,DIP_BUY trigger confirmed,13.2,54.8,79.0,RANGE,0.0,,,0.594,0.0,0.0,ACTIVE,0.0,0.0,0,0,0,0,1,1.0084033613445433,0.0,1,0.0,0.0,0.0,0.0,0.0,0.0,FINAL,0.0,2026-08-30T10:31:57.182445,1.0084033613445433,0.0,0.0,0.0,0.0,RS_LOW,0.445,0.755,0.0,,LONG,"[""shadow_rs_low"", ""shadow_regime_bad""]",0,,,,,,RS_0_0.5,AI_20_40,SL,0,0,simulated_v8.6,,0,0,0
831,2026-08-30T05:15:33.875169+00:00,ROBOUSDT,BUY,DIP_BUY,0.01305,0.0137025,0.0150075,0.0128753,59.1,52.8,56.8,515.44,0.317,1,Pending ⏳,DIP_BUY trigger confirmed,52.0,54.8,79.0,RANGE,0.0,,,-0.137,0.0,0.0,ACTIVE,0.0,0.0,0,0,0,0,1,0.07662835249041833,-0.7662835249042232,1,0.0,0.0,0.0,0.0,0.0,0.0,FINAL,0.0,2026-08-30T10:31:57.194223,0.07662835249041833,0.7662835249042232,0.0,0.0,0.0,RS_LOW,-0.102,0.057,0.572,,LONG,"[""shadow_rs_low"", ""shadow_regime_bad""]",0,,,,,,RS_0_0.5,AI_40_60,SL,0,0,simulated_v8.6,,0,0,0
832,2026-08-30T05:15:37.551915+00:00,STXUSDT,BUY,DIP_BUY,0.2457,0.257985,0.282555,0.2410885,42.7,37.0,49.3,287.14,0.877,0,Pending ⏳,DIP_BUY trigger confirmed,25.6,54.8,79.0,RANGE,0.0,,,-0.18,0.0,0.0,ACTIVE,0.0,0.0,0,0,0,0,1,0.32560032560032365,-0.9361009361009347,1,0.0,0.0,0.0,0.0,0.0,0.0,FINAL,0.0,2026-08-30T10:31:57.201843,0.32560032560032365,0.9361009361009347,0.0,0.0,0.0,RS_OK,-0.096,0.173,0.499,,LONG,"[""shadow_rs_ok"", ""shadow_regime_bad""]",0,,,,,,RS_0.5_1,AI_40_60,SL,0,0,simulated_v8.6,,0,0,0
833,2026-08-30T10:31:01.909621+00:00,ONDOUSDT,BUY,VWAP_RECLAIM,0.35347,0.36584145,0.3817476,0.34971727,12.6,18.0,12.4,-38.46,0.181,0,Pending ⏳,VWAP_RECLAIM trigger confirmed,7.6,54.8,79.0,RANGE,0.0,,,0.883,0.0,0.0,ACTIVE,0.0,0.0,0,0,0,0,1,1.41454720344018,0.0,1,0.0,0.0,0.0,0.0,0.0,0.0,FINAL,0.0,2026-08-30T13:59:01.288314,1.41454720344018,0.0,0.0,0.0,0.0,RS_LOW,0.832,1.332,0.0,,LONG,"[""shadow_rs_low"", ""shadow_regime_bad""]",0,,,,,,RS_0_0.5,AI_0_20,SL,0,0,simulated_v8.6,,0,0,0
834,2026-08-30T14:25:15.775890+00:00,PROMUSDT,BUY,DIP_BUY,7.093,7.44765,8.15695,6.894355,46.1,39.6,52.3,158.78,0.388,0,Pending ⏳,DIP_BUY trigger confirmed,27.7,54.8,79.0,RANGE,0.0,,,-2.801,0.0,0.0,ACTIVE,0.0,0.0,0,0,0,0,1,0.0,-3.411814464965459,1,0.0,0.0,0.0,0.0,0.0,0.0,FINAL,0.0,2026-08-30T14:58:54.659690,0.0,3.411814464965459,0.0,0.0,0.0,RS_LOW,-1.0,0.0,1.218,,LONG,"[""shadow_rs_low"", ""shadow_regime_bad""]",0,,,,,,RS_0_0.5,AI_40_60,SL,0,0,simulated_v8.6,,0,0,0
835,2026-08-30T14:25:31.841334+00:00,BOMEUSDT,BUY,DIP_BUY,0.0009759,0.0010247,0.00112228,0.00096913,47.1,38.3,48.4,878.31,0.166,0,Pending ⏳,DIP_BUY trigger confirmed,28.3,54.8,79.0,RANGE,0.0,,,-0.694,0.0,0.0,ACTIVE,0.0,0.0,0,0,0,0,1,0.0,-0.8197561225535379,1,0.0,0.0,0.0,0.0,0.0,0.0,FINAL,0.0,2026-08-30T14:58:54.664046,0.0,0.8197561225535379,0.0,0.0,0.0,RS_LOW,-1.0,0.0,1.182,,LONG,"[""shadow_rs_low"", ""shadow_regime_bad""]",0,,,,,,RS_0_0.5,AI_40_60,SL,0,0,simulated_v8.6,,0,0,0
836,2026-08-30T14:57:56.000253+00:00,FETUSDT,BUY,DIP_BUY,0.1549,0.162645,0.178135,0.153628,15.7,20.0,23.8,-27.36,0.396,0,Pending ⏳,DIP_BUY trigger confirmed,9.4,54.8,79.0,RANGE,0.0,,,0.0,0.0,0.0,ACTIVE,0.0,0.0,0,0,0,0,0,0.0,0.0,0,0.0,0.0,0.0,0.0,0.0,0.0,PENDING,0.0,,0.0,0.0,0.0,0.0,0.0,RS_LOW,,,,,LONG,"[""shadow_rs_low"", ""shadow_regime_bad""]",0,,,,,,RS_0_0.5,AI_0_20,,0,0,,,0,0,0
837,2026-08-30T14:58:31.268894+00:00,KCSUSDT,BUY,DIP_BUY,7.037,7.38885,8.09255,6.96898,35.5,13.5,41.1,37.1,0.414,0,Pending ⏳,DIP_BUY trigger confirmed,21.3,54.8,79.0,RANGE,0.0,,,0.0,0.0,0.0,ACTIVE,0.0,0.0,0,0,0,0,0,0.0,0.0,0,0.0,0.0,0.0,0.0,0.0,0.0,PENDING,0.0,,0.0,0.0,0.0,0.0,0.0,RS_LOW,,,,,LONG,"[""shadow_rs_low"", ""shadow_regime_bad""]",0,,,,,,RS_0_0.5,AI_20_40,,0,0,,,0,0,0
