id,ts,symbol,decision,setup,entry_price,trigger_price,tp1,tp2,sl,ai_score,flow_score,pre_score,oi_change,rs_1h,is_compressed,probability,market_health,news_score,btc_regime,funding,outcome_trigger_hit,outcome_tp1_hit,outcome_tp2_hit,outcome_sl_hit,outcome_mfe,outcome_mae,pnl_pct,pnl_r,mfe_r,mae_r,exit_reason,exit_price,duration_minutes,shadow_rs,shadow_tags,target_tp1,target_win
85,2026-07-21T14:52:42.378391+00:00,ZBCNUSDT,BUY,DIP_BUY,0.0019786,0.0,0.00207753,0.00227539,0.00193597,61.0,26.5,27.7,84.41,0.681,False,23.5,46.0,35.0,RANGE,0.0,0,0,0,1,0.0,5.468513090063689,-2.155,-1.0,0.0,2.538,,0.0,0,UNKNOWN,[],0,0
108,2026-07-21T20:20:52.443289+00:00,TOWNSUSDT,BUY,DIP_BUY,0.002048,0.0,0.0021504,0.0023552,0.00201189,58.8,38.1,39.0,348.27,0.572,False,29.2,46.0,35.0,RANGE,0.0,0,1,0,0,16.064453125000018,0.0,13.852,7.856,9.111,0.0,,0.0,0,UNKNOWN,[],1,1
112,2026-07-21T20:22:47.455838+00:00,TOWNSUSDT,BUY,DIP_BUY,0.002048,0.002048,0.0021504,0.0023552,0.00201189,58.8,38.1,39.0,348.27,0.572,False,29.2,46.0,35.0,RANGE,0.0,0,1,0,0,16.064453125000018,0.0,13.852,7.856,9.111,0.0,,0.0,0,UNKNOWN,[],1,1
119,2026-07-21T21:39:03.782981+00:00,YGGUSDT,BUY,DIP_BUY,0.01902,0.0,0.019971,0.021873,0.0187856,80.6,57.4,45.8,679.35,0.244,False,45.3,46.0,35.0,RANGE,0.0,0,1,0,0,15.720294426919033,0.0,13.576,11.016,12.756,0.0,,0.0,0,UNKNOWN,[],1,1
122,2026-07-21T21:39:08.594529+00:00,YGGUSDT,BUY,DIP_BUY,0.01902,0.01902,0.019971,0.021873,0.0187856,80.6,57.4,45.8,679.35,0.244,False,45.3,46.0,35.0,RANGE,0.0,0,1,0,0,15.720294426919033,0.0,13.576,11.016,12.756,0.0,,0.0,0,UNKNOWN,[],1,1
133,2026-07-21T23:37:24.407042+00:00,YGGUSDT,BUY,DIP_BUY,0.01891,0.01891,0.0198555,0.0217465,0.0187458,54.1,66.7,48.1,2565.57,0.114,False,29.6,46.0,35.0,RANGE,0.0,0,1,0,0,16.39344262295081,0.0,14.115,16.256,18.88,0.0,,0.0,0,UNKNOWN,[],1,1
156,2026-07-22T07:13:23.790177+00:00,BILLUSDT,BUY,DIP_BUY,0.02708,0.02708,0.028434,0.031142,0.0265068,79.4,22.0,54.6,14.84,0.445,False,25.0,47.6,43.0,RANGE,0.0,0,0,0,1,0.0,23.818316100443134,-2.117,-1.0,0.0,11.253,,0.0,0,UNKNOWN,[],0,0
183,2026-07-22T16:45:39.623690+00:00,BLURUSDT,BUY,DIP_BUY,0.01623,0.0,0.0170415,0.0186645,0.01596975,42.8,10.4,55.1,13.34,-0.239,False,23.6,47.6,43.0,RANGE,0.0,0,0,0,1,0.0,4.004929143561314,-1.604,-1.0,0.0,2.498,,0.0,0,UNKNOWN,[],0,0
219,2026-07-23T13:07:38.469433+00:00,DODOUSDT,BUY,DIP_BUY,0.01915,0.0,0.0201075,0.0220225,0.0189846,54.5,21.0,15.8,-63.59,0.397,False,10.3,47.2,41.0,RANGE,0.0,0,1,0,0,6.788511749347253,0.0,6.431,7.446,7.86,0.0,,0.0,0,UNKNOWN,[],1,1
227,2026-07-24T01:10:04.305337+00:00,BMXUSDT,BUY,DIP_BUY,0.3096,0.0,0.32508,0.35604,0.3075545,52.6,23.2,44.3,184.1,-0.03,False,22.3,46.6,38.0,RANGE,0.0,0,0,0,0,2.3210594315245565,0.0,2.298,3.478,3.513,0.0,,0.0,0,UNKNOWN,[],0,1
229,2026-07-24T19:05:37.695388+00:00,SKYUSDT,BUY,DIP_BUY,0.05747,0.0,0.0603435,0.0660905,0.0567946,89.2,28.6,33.5,129.5,0.767,False,28.4,46.6,38.0,RANGE,0.0,0,1,0,0,11.62345571602575,0.0,10.299,8.764,9.891,0.0,,0.0,0,UNKNOWN,[],1,1
259,2026-07-26T19:39:46.678240+00:00,TOSHIUSDT,BUY,DIP_BUY,0.0001107,0.0,0.00011624,0.0001273,0.00010925,52.5,18.0,19.6,-70.98,0.824,False,11.3,46.2,36.0,RANGE,0.0,1,1,0,0,7.407407407407416,0.0,6.927,5.289,5.655,0.0,,0.0,0,UNKNOWN,[],1,1
272,2026-07-28T18:28:46.587563+00:00,MMTUSDT,BUY,VWAP_RECLAIM,0.1914,0.0,0.198099,0.206712,0.18933606,46.4,11.8,4.9,-39.51,-0.303,False,6.5,46.8,39.0,RANGE,0.0,0,0,0,1,0.0,9.87460815047022,-1.078,-1.0,0.0,9.158,,0.0,0,UNKNOWN,[],0,0
276,2026-07-29T21:35:46.179270+00:00,HOLOUSDT,BUY,DIP_BUY,0.0785,0.0,0.082425,0.090275,0.0771722,72.7,26.2,22.9,-60.4,0.547,True,19.6,46.8,39.0,RANGE,0.0,0,0,0,1,0.0,18.471337579617835,-1.691,-1.0,0.0,10.92,,0.0,0,UNKNOWN,[],0,0
277,2026-07-30T09:21:08.145089+00:00,DIAUSDT,BUY,DIP_BUY,0.1086,0.0,0.11403,0.12489,0.106266,65.8,30.7,30.7,359.07,0.864,False,29.5,46.6,38.0,RANGE,0.0,0,1,0,0,19.70534069981584,0.0,16.764,7.8,9.169,0.0,,0.0,0,UNKNOWN,[],1,1
278,2026-07-31T13:20:34.885201+00:00,CFXUSDT,BUY,DIP_BUY,0.04163,0.0,0.0437115,0.0478745,0.04052635,64.7,37.0,42.0,457.28,0.78,False,25.3,46.0,35.0,RANGE,0.0,0,1,0,0,11.746336776363195,0.0,10.397,3.922,4.431,0.0,,0.0,0,UNKNOWN,[],1,1
280,2026-08-01T20:40:17.395549+00:00,BIRBUSDT,BUY,DIP_BUY,0.04882,0.0,0.051261,0.056143,0.0481381,80.2,34.6,30.7,138.86,0.838,False,29.7,46.4,37.0,RANGE,0.0,0,1,0,0,9.299467431380572,0.0,8.44,6.042,6.658,0.0,,0.0,0,UNKNOWN,[],1,1
282,2026-08-02T12:03:37.024127+00:00,HYPERUSDT,BUY,DIP_BUY,0.0687,0.0,0.072135,0.079005,0.0667645,67.9,26.4,37.3,-7.03,1.205,False,18.2,46.4,37.0,RANGE,0.0,0,0,0,1,0.0,5.967976710334779,-2.817,-1.0,0.0,2.118,,0.0,0,UNKNOWN,[],0,0
285,2026-08-03T14:08:47.394993+00:00,ELSAUSDT,BUY,DIP_BUY,0.05385,0.0,0.0565425,0.0619275,0.05322255,81.9,25.7,45.2,43.0,0.654,False,27.9,46.6,38.0,RANGE,0.0,0,0,0,1,0.0,17.567316620241417,-1.165,-1.0,0.0,15.077,,0.0,0,UNKNOWN,[],0,0
289,2026-08-07T11:05:19.412600+00:00,BANKUSDT,BUY,DIP_BUY,0.0415,0.0,0.043575,0.047725,0.0410935,67.3,34.5,49.8,121.23,0.411,True,55.6,46.8,39.0,RANGE,0.0,0,0,0,1,0.0,14.216867469879524,-0.98,-1.001,0.0,14.514,,0.0,0,UNKNOWN,[],0,0
291,2026-08-07T16:35:07.791130+00:00,BABYUSDT,BUY,DIP_BUY,0.01163,0.0,0.0122115,0.0133745,0.0114425,85.8,38.2,31.3,-32.41,0.449,False,14.5,46.8,39.0,RANGE,0.0,0,0,0,0,3.9552880481513357,0.0,3.353,2.08,2.453,0.0,,0.0,0,UNKNOWN,[],0,1
292,2026-08-07T19:19:16.487483+00:00,CCUSDT,BUY,DIP_BUY,0.093,0.0,0.09765,0.10695,0.09236585,63.6,16.6,38.5,-73.78,-0.157,True,17.0,46.8,39.0,RANGE,0.0,0,1,0,0,23.473118279569896,0.0,19.727,28.929,34.423,0.0,,0.0,0,UNKNOWN,[],1,1
293,2026-08-08T02:50:55.740598+00:00,CTSIUSDT,BUY,DIP_BUY,0.0253,0.0,0.026565,0.029095,0.0249745,52.1,33.1,35.3,25.79,0.796,False,29.4,47.0,40.0,RANGE,0.0,0,0,0,0,0.0,0.39525691699604504,-0.395,-0.307,0.0,0.307,,0.0,0,UNKNOWN,[],0,0
294,2026-08-08T05:05:45.697303+00:00,ESPUSDT,BUY,DIP_BUY,0.06593,0.0,0.0692265,0.0758195,0.0649735,49.6,31.8,38.6,255.39,0.958,False,25.4,47.0,40.0,RANGE,0.0,0,1,0,0,30.122857576217204,0.0,25.098,17.299,20.763,0.0,,0.0,0,UNKNOWN,[],1,1
295,2026-08-08T08:09:43.597602+00:00,C98USDT,BUY,DIP_BUY,0.015,0.0,0.01575,0.01725,0.01459665,66.9,55.0,65.7,278.35,0.335,False,29.0,47.0,40.0,RANGE,0.0,0,0,0,0,0.0,0.2666666666666674,-0.267,-0.099,0.0,0.099,,0.0,0,UNKNOWN,[],0,0
296,2026-08-08T22:14:39.853909+00:00,DEEPUSDT,BUY,DIP_BUY,0.017829,0.0,0.01872045,0.02050335,0.01765031,71.8,39.1,60.5,193.28,0.26,True,52.5,47.0,40.0,RANGE,0.0,0,0,0,1,0.0,27.371136911772957,-1.002,-1.0,0.0,27.311,,0.0,0,UNKNOWN,[],0,0
297,2026-08-08T23:14:44.617454+00:00,ARCUSDT,BUY,DIP_BUY,0.06232,0.0,0.065436,0.071668,0.0608542,72.4,19.5,36.8,7.53,0.56,False,20.6,47.0,40.0,RANGE,0.0,0,1,0,0,6.594993581514766,0.0,6.276,2.668,2.804,0.0,,0.0,0,UNKNOWN,[],1,1
298,2026-08-09T02:40:51.266231+00:00,CATIUSDT,BUY,DIP_BUY,0.04437,0.0,0.0465885,0.0510255,0.04345165,65.0,29.2,45.9,35.4,1.44,True,59.2,47.2,41.0,RANGE,0.0,0,1,0,0,14.13116970926301,0.0,12.305,5.945,6.827,0.0,,0.0,0,UNKNOWN,[],1,1
299,2026-08-09T06:03:15.998283+00:00,HFTUSDT,BUY,DIP_BUY,0.01089,0.0,0.0114345,0.0125235,0.01055695,60.3,22.0,25.0,-22.57,1.397,False,13.1,47.2,41.0,RANGE,0.0,0,0,0,1,0.0,41.87327823691461,-3.058,-1.0,0.0,13.692,,0.0,0,UNKNOWN,[],0,0
300,2026-08-09T10:28:52.142819+00:00,PIXELUSDT,BUY,DIP_BUY,0.00468,0.0,0.004914,0.005382,0.00456705,97.3,55.4,32.6,7624.04,1.412,False,50.7,47.2,41.0,RANGE,0.0,0,0,0,0,4.059829059829061,0.0,4.06,1.682,1.682,0.0,,0.0,0,UNKNOWN,[],0,1
301,2026-08-09T15:18:35.291667+00:00,KERNELUSDT,BUY,DIP_BUY,0.03595,0.0,0.0377475,0.0413425,0.0355613,48.8,32.6,36.8,51.78,0.375,False,23.5,47.2,41.0,RANGE,0.0,0,0,0,0,1.0570236439499259,0.0,1.057,0.978,0.978,0.0,,0.0,0,UNKNOWN,[],0,1
303,2026-08-09T18:03:14.917567+00:00,IOTXUSDT,BUY,DIP_BUY,0.002886,0.0,0.0030303,0.0033189,0.00279893,47.4,37.8,33.3,-21.11,0.173,True,23.6,47.2,41.0,RANGE,0.0,0,0,0,1,0.0,5.717255717255725,-3.017,-1.0,0.0,1.895,,0.0,0,UNKNOWN,[],0,0
304,2026-08-09T21:06:13.859135+00:00,DYMUSDT,BUY,DIP_BUY,0.01597,0.0,0.0167685,0.0183655,0.01563145,96.6,53.6,47.2,1069.1,1.407,False,50.8,47.2,41.0,RANGE,0.0,0,0,0,1,0.0,3.4439574201628167,-2.12,-1.0,0.0,1.625,,0.0,0,UNKNOWN,[],0,0
307,2026-08-11T08:36:31.254948+00:00,SQDUSDT,BUY,DIP_BUY,0.04607,0.0,0.0483735,0.0529805,0.0450735,98.4,52.2,54.0,399.14,0.489,False,46.2,46.8,39.0,RANGE,0.0,0,0,0,1,0.0,34.51269806815716,-2.163,-1.0,0.0,15.956,,0.0,0,UNKNOWN,[],0,0
308,2026-08-11T16:34:25.501231+00:00,PHAUSDT,BUY,DIP_BUY,0.0224,0.0,0.02352,0.02576,0.02189,61.5,18.5,15.3,-63.86,1.44,False,16.8,46.8,39.0,RANGE,0.0,0,0,0,0,4.910714285714287,0.0,4.911,2.157,2.157,0.0,,0.0,0,UNKNOWN,[],0,1
310,2026-08-11T19:40:15.278825+00:00,PROMUSDT,BUY,DIP_BUY,1.943,0.0,2.04015,2.23445,1.919355,53.2,49.0,32.3,3003.37,0.632,False,45.3,46.8,39.0,RANGE,0.0,0,1,0,0,41.58517756047348,0.0,34.268,28.16,34.173,0.0,,0.0,0,UNKNOWN,[],1,1
311,2026-08-11T19:40:49.014348+00:00,EDGEUSDT,BUY,DIP_BUY,0.3598,0.0,0.37779,0.41377,0.3561105,83.5,35.8,37.6,385.76,0.293,False,28.2,46.8,39.0,RANGE,0.0,0,0,0,1,0.0,1.5286270150083392,-1.025,-1.0,0.0,1.491,,0.0,0,UNKNOWN,[],0,0
312,2026-08-11T22:57:24.807538+00:00,LUNAUSDT,BUY,DIP_BUY,0.0492,0.0,0.05166,0.05658,0.0480585,83.7,30.2,35.5,66.25,3.142,False,50.2,46.8,39.0,RANGE,0.0,0,0,0,1,0.0,5.89430894308943,-2.32,-1.0,0.0,2.541,,0.0,0,UNKNOWN,[],0,0
314,2026-08-12T09:14:23.052651+00:00,IDUSDT,BUY,DIP_BUY,0.0283,0.0,0.029715,0.032545,0.02786,92.8,43.0,34.0,0.0,0.967,False,19.4,46.4,37.0,RANGE,0.0,0,1,0,0,5.300353356890464,0.0,5.24,3.37,3.409,0.0,,0.0,0,UNKNOWN,[],1,1
315,2026-08-12T12:03:26.960531+00:00,BLUAIUSDT,BUY,DIP_BUY,0.012201,0.0,0.01281105,0.01403115,0.01205244,62.0,29.3,25.0,-17.21,0.487,True,24.5,46.4,37.0,RANGE,0.0,0,0,0,0,0.8769772969428691,0.0,0.877,0.72,0.72,0.0,,0.0,0,UNKNOWN,[],0,1
318,2026-08-13T06:03:41.780897+00:00,2ZUSDT,BUY,DIP_BUY,0.04848,0.0,0.050904,0.055752,0.0477998,61.2,18.0,19.0,-47.3,0.35,False,8.3,46.8,39.0,RANGE,0.0,0,1,0,0,12.334983498349834,0.0,10.868,7.746,8.791,0.0,,0.0,0,UNKNOWN,[],1,1
320,2026-08-13T13:15:35.687162+00:00,ONEUSDT,BUY,DIP_BUY,0.000761,0.0,0.00079905,0.00087515,0.00074426,73.2,20.0,22.2,-29.66,1.262,False,14.4,46.8,39.0,RANGE,0.0,0,0,0,1,0.0,7.752956636005245,-2.2,-1.0,0.0,3.525,,0.0,0,RS_OK,[],0,0
321,2026-08-14T02:45:16.544064+00:00,TRUSTUSDT,BUY,DIP_BUY,0.05009,0.0,0.0525945,0.0576035,0.04944155,50.1,43.6,20.9,0.0,0.892,False,17.3,46.8,39.0,RANGE,0.0,0,0,0,0,1.7169095627869828,0.0,1.717,1.326,1.326,0.0,,0.0,0,RS_OK,[],0,1
322,2026-08-15T10:13:18.860609+00:00,CROSSUSDT,BUY,DIP_BUY,0.09314,0.0,0.097797,0.107111,0.09125145,74.9,47.6,33.7,402.85,1.083,False,47.2,47.8,44.0,RANGE,0.0,0,1,0,0,23.974661799441705,0.0,20.18,9.953,11.824,0.0,,0.0,0,RS_OK,[],1,1
323,2026-08-15T12:24:48.110433+00:00,WALUSDT,BUY,VWAP_RECLAIM,0.02691,0.0,0.02785185,0.0290628,0.02628007,97.5,36.8,51.6,12.53,3.89,False,56.6,47.8,44.0,RANGE,0.0,0,0,0,1,0.0,16.945373467112603,-2.341,-1.0,0.0,7.239,,0.0,0,RS_OK,[],0,0
324,2026-08-15T14:49:32.261106+00:00,ACUUSDT,BUY,DIP_BUY,0.11582,0.0,0.121611,0.133193,0.11385785,81.4,18.0,19.1,-18.1,0.188,False,10.4,47.8,44.0,RANGE,0.0,0,0,0,1,0.0,8.746330512864791,-1.694,-1.0,0.0,5.163,,0.0,0,RS_LOW,[],0,0
326,2026-08-15T15:03:41.805144+00:00,AVNTUSDT,BUY,DIP_BUY,0.09805,0.0,0.1029525,0.1127575,0.0972314,50.6,25.8,48.3,77.27,0.163,False,26.7,47.8,44.0,RANGE,0.0,0,0,0,1,0.0,1.784803671596126,-0.835,-1.0,0.0,2.138,,0.0,0,RS_LOW,[],0,0
327,2026-08-16T03:38:36.861571+00:00,MOVRUSDT,BUY,DIP_BUY,0.7712,0.0,0.80976,0.88688,0.7547075,54.5,35.7,30.9,325.87,1.252,False,26.0,47.8,44.0,RANGE,0.0,0,0,0,1,0.0,9.387966804979255,-2.139,-1.0,0.0,4.39,,0.0,0,RS_OK,[],0,0
328,2026-08-16T05:52:27.355934+00:00,NXPCUSDT,BUY,DIP_BUY,0.18759,0.0,0.1969695,0.2157285,0.18422425,45.6,20.3,28.8,11.7,0.851,False,27.1,47.8,44.0,RANGE,0.0,0,1,0,0,9.931233008156074,0.0,8.945,4.986,5.535,0.0,,0.0,0,RS_OK,[],1,1
331,2026-08-16T23:31:06.422631+00:00,COWUSDT,BUY,DIP_BUY,0.1184,0.0,0.12432,0.13616,0.1165145,64.6,23.9,40.7,76.37,0.871,False,23.5,47.8,44.0,RANGE,0.0,0,0,0,1,0.0,5.996621621621629,-1.592,-1.0,0.0,3.766,,0.0,0,RS_OK,[],0,0
333,2026-08-17T09:49:24.421335+00:00,XPINUSDT,BUY,DIP_BUY,0.0014041,0.0,0.0014743,0.00161471,0.00136693,88.6,34.8,51.1,73.76,0.895,True,50.5,47.2,41.0,RANGE,0.0,0,0,0,1,0.0,25.268855494622887,-2.647,-1.0,0.0,9.546,,0.0,0,RS_OK,[],0,0
334,2026-08-17T22:47:35.284213+00:00,HUSDT,BUY,DIP_BUY,0.121422,0.0,0.1274931,0.1396353,0.11905573,84.3,46.1,60.0,422.84,0.448,True,58.1,47.2,41.0,RANGE,0.0,0,0,0,1,0.0,38.43372700169656,-1.949,-1.0,0.0,19.722,,0.0,0,RS_LOW,[],0,0
351,2026-08-18T18:16:32.397944+00:00,COMPUSDT,BUY,DIP_BUY,17.28,0.0,18.144,19.872,17.14385,47.9,40.6,42.6,179308.03,0.192,0,28.7,49.2,51.0,RANGE,0.0,0,1,0,0,13.483796296296285,0.0,11.787,14.96,17.114,0.0,,0.0,0,RS_LOW,"[""shadow_rs_low"", ""shadow_regime_bad""]",1,1
398,2026-08-19T13:29:26.202965+00:00,STARUSDT,BUY,VWAP_RECLAIM,0.1498,0.0,0.155043,0.161784,0.14768354,31.3,23.0,21.0,-73.49,2.203,0,18.8,50.2,56.0,RANGE,0.0,0,0,0,1,0.0,18.291054739652868,-1.413,-1.0,0.0,12.946,,0.0,0,RS_OK,"[""shadow_rs_ok"", ""shadow_regime_bad"", ""shadow_hour_weak""]",0,0
400,2026-08-19T15:19:12.917682+00:00,ALPINEUSDT,BUY,DIP_BUY,0.3283,0.0,0.344715,0.377545,0.321982,45.0,28.4,39.5,114.99,-0.686,0,27.0,59.2,56.0,RANGE,0.0,1,0,0,0,4.142552543405422,0.0,4.143,2.153,2.153,0.0,,0.0,0,RS_LOW,"[""shadow_rs_low"", ""shadow_regime_bad""]",0,1
477,2026-08-20T23:31:01.417498+00:00,VELVETUSDT,BUY,DIP_BUY,0.66908,0.0,0.702534,0.769442,0.6629685,53.0,15.6,44.0,12.52,-0.765,1,46.6,57.9,72.0,RANGE,0.0,0,0,0,0,0.6187600884797083,0.0,0.619,0.678,0.677,0.0,,0.0,0,RS_LOW,"[""shadow_rs_low"", ""shadow_regime_bad""]",0,1
481,2026-08-21T00:28:34.604858+00:00,TRXUSDT,BUY,DIP_BUY,0.3386,0.0,0.35553,0.38939,0.335514,42.0,16.1,40.4,14.01,-0.837,0,25.2,64.4,82.0,RANGE,0.0,1,0,0,0,1.89013585351446,0.0,1.861,2.042,2.074,0.0,,0.0,0,RS_LOW,"[""shadow_rs_low"", ""shadow_regime_bad"", ""shadow_hour_weak""]",0,1
483,2026-08-21T04:04:15.326701+00:00,ETHUSDT,BUY,DIP_BUY,2349.55,0.0,2467.0275,2701.9825,2328.8771,36.6,12.4,48.0,24.25,-0.022,0,22.0,55.4,82.0,RANGE,0.0,1,0,0,1,3.6479325828350126,0.0,3.109,3.533,4.146,0.0,,0.0,0,RS_LOW,"[""shadow_rs_low"", ""shadow_regime_bad""]",0,1
487,2026-08-21T04:05:27.294564+00:00,PORTALUSDT,BUY,DIP_BUY,0.01118,0.0,0.011739,0.012857,0.0110246,14.2,9.0,24.0,-12.78,-0.237,0,8.5,55.4,82.0,RANGE,0.0,1,1,1,1,19.85688729874776,0.0,14.835,10.673,14.286,0.0,,0.0,0,RS_LOW,"[""shadow_rs_low"", ""shadow_regime_bad""]",1,1
490,2026-08-21T05:54:35.606803+00:00,BNBUSDT,BUY,DIP_BUY,664.3,0.0,697.515,763.945,657.26914,16.2,27.9,20.3,-30.14,0.118,0,9.7,55.4,82.0,RANGE,0.0,1,1,0,1,5.631190727081141,0.0,5.224,4.936,5.32,0.0,,0.0,0,RS_LOW,"[""shadow_rs_low"", ""shadow_regime_bad""]",1,1
492,2026-08-21T07:24:43.033503+00:00,UNIUSDT,BUY,DIP_BUY,3.8908,0.0,4.08534,4.47442,3.8079645,18.3,21.0,26.5,1.96,-0.547,0,11.0,59.9,82.0,RANGE,0.0,1,1,0,1,12.44217127583017,0.0,9.837,4.62,5.844,0.0,,0.0,0,RS_LOW,"[""shadow_rs_low"", ""shadow_regime_bad""]",1,1
496,2026-08-21T10:37:50.691656+00:00,PAXGUSDT,BUY,DIP_BUY,4581.48,0.0,4810.554,5268.702,4545.9759,15.2,21.0,22.9,-46.25,0.455,0,9.1,55.4,82.0,RANGE,0.0,1,0,0,1,0.17374298261697174,0.0,0.154,0.199,0.224,0.0,,0.0,0,RS_LOW,"[""shadow_rs_low"", ""shadow_regime_bad""]",0,1
498,2026-08-21T15:24:18.222154+00:00,EIGENUSDT,BUY,DIP_BUY,0.2175,0.0,0.228375,0.250125,0.214522,18.7,19.1,26.0,-22.2,-0.24,0,11.2,55.4,82.0,RANGE,0.0,0,0,0,1,0.0,3.6321839080459726,-1.369,-1.0,0.0,2.653,,0.0,0,RS_LOW,"[""shadow_rs_low"", ""shadow_regime_bad""]",0,0
499,2026-08-21T15:55:29.764295+00:00,ACEUSDT,BUY,VWAP_RECLAIM,0.23251,0.0,0.24064785,0.2511108,0.22988478,30.0,26.0,37.6,-6.2,0.151,1,18.0,55.4,82.0,RANGE,0.0,0,0,0,1,2.6966582082491066,0.2795578684787682,2.337,2.07,2.388,0.248,,0.0,0,RS_LOW,"[""shadow_rs_low"", ""shadow_regime_bad""]",0,1
500,2026-08-21T16:23:40.775430+00:00,DOGEUSDT,BUY,VWAP_RECLAIM,0.08418,0.0,0.0871263,0.0909144,0.08310315,17.1,20.0,24.7,-9.1,0.619,0,10.3,55.4,82.0,RANGE,0.0,0,1,1,1,12.627702542171537,0.0,9.174,7.172,9.872,0.0,,0.0,0,RS_OK,"[""shadow_rs_ok"", ""shadow_regime_bad""]",1,1
501,2026-08-21T16:24:37.152841+00:00,ETCUSDT,BUY,DIP_BUY,7.4744,0.0,7.84812,8.59556,7.3987205,48.1,44.0,49.6,411.3,0.143,0,28.9,55.4,82.0,RANGE,0.0,0,1,0,1,7.389221877341321,0.0,6.509,6.429,7.298,0.0,,0.0,0,RS_LOW,"[""shadow_rs_low"", ""shadow_regime_bad""]",1,1
502,2026-08-21T17:00:05.583027+00:00,CAPUSDT,BUY,DIP_BUY,0.068481,0.0,0.07190505,0.07875315,0.06772965,20.9,18.1,15.7,1.2,0.161,0,12.5,55.4,82.0,RANGE,0.0,0,0,0,1,4.309224456418562,0.0,2.246,2.047,3.927,0.0,,0.0,0,RS_LOW,"[""shadow_rs_low"", ""shadow_regime_bad""]",0,1
503,2026-08-21T17:32:17.673189+00:00,MANTRAUSDT,BUY,DIP_BUY,0.00481,0.0,0.0050505,0.0055315,0.00474615,39.8,26.8,42.3,83.19,0.147,0,23.9,55.4,82.0,RANGE,0.0,0,0,0,1,0.0,10.187110187110186,-1.327,-1.0,0.0,7.674,,0.0,0,RS_LOW,"[""shadow_rs_low"", ""shadow_regime_bad""]",0,0
504,2026-08-21T17:59:55.748035+00:00,AAVEUSDT,BUY,DIP_BUY,112.421,0.0,118.04205,129.28415,110.246,21.6,38.6,28.5,-16.59,0.765,0,13.0,55.4,82.0,RANGE,0.0,0,1,0,1,13.464566228729508,0.0,10.766,5.565,6.96,0.0,,0.0,0,RS_OK,"[""shadow_rs_ok"", ""shadow_regime_bad""]",1,1
505,2026-08-21T19:14:44.765013+00:00,LINKUSDT,BUY,DIP_BUY,11.6419,0.0,12.223995,13.388185,11.432948,39.2,23.3,45.3,19.98,0.402,0,23.5,55.4,82.0,RANGE,0.0,0,0,0,1,0.8959018716876136,0.5944046933919753,0.039,0.022,0.499,0.331,,0.0,0,RS_LOW,"[""shadow_rs_low"", ""shadow_regime_bad"", ""shadow_hour_weak""]",0,1
506,2026-08-21T19:41:10.180700+00:00,RSRUSDT,BUY,DIP_BUY,0.001508,0.0,0.0015834,0.0017342,0.0014726,22.8,20.0,20.9,-16.08,1.025,0,13.7,55.4,82.0,RANGE,0.0,0,0,0,1,0.0,6.366047745358086,-2.347,-1.0,0.0,2.712,,0.0,0,RS_OK,"[""shadow_rs_ok"", ""shadow_regime_bad"", ""shadow_hour_weak""]",0,0
507,2026-08-21T20:20:53.318316+00:00,ONTUSDT,BUY,VWAP_RECLAIM,0.04876,0.0,0.0504666,0.0526608,0.04824623,52.1,21.3,31.1,16.94,1.539,0,45.8,59.9,82.0,RANGE,0.0,0,0,0,1,0.0,4.224774405250204,-1.054,-1.0,0.0,4.009,,0.0,0,RS_OK,"[""shadow_rs_ok"", ""shadow_regime_bad""]",0,0
508,2026-08-21T20:21:20.593263+00:00,PYTHUSDT,BUY,DIP_BUY,0.04741,0.0,0.0497805,0.0545215,0.04661575,24.8,18.0,18.4,-47.24,0.683,0,14.9,59.9,82.0,RANGE,0.0,0,1,0,1,12.423539337692468,0.0,10.229,6.106,7.416,0.0,,0.0,0,RS_OK,"[""shadow_rs_ok"", ""shadow_regime_bad""]",1,1
509,2026-08-21T20:21:34.853613+00:00,GRAMUSDT,BUY,DIP_BUY,1.473,0.0,1.54665,1.69395,1.447725,17.2,28.7,21.4,-16.79,0.309,0,10.3,59.9,82.0,RANGE,0.0,0,0,0,1,0.0,2.4439918533604907,-1.716,-1.0,0.0,1.424,,0.0,0,RS_LOW,"[""shadow_rs_low"", ""shadow_regime_bad""]",0,0
510,2026-08-21T20:46:18.824756+00:00,ATOMUSDT,BUY,DIP_BUY,1.5613,0.0,1.639365,1.795495,1.5341905,21.7,39.4,22.5,-45.76,0.443,0,13.0,59.9,82.0,RANGE,0.0,0,0,0,1,1.6908986101325807,0.0,1.001,0.577,0.974,0.0,,0.0,0,RS_LOW,"[""shadow_rs_low"", ""shadow_regime_bad""]",0,1
511,2026-08-21T21:04:34.862230+00:00,SUIUSDT,BUY,DIP_BUY,0.8168,0.0,0.85764,0.93932,0.80396,15.6,23.0,23.1,-55.22,0.39,0,9.4,55.4,82.0,RANGE,0.0,0,0,0,1,1.971106758080314,1.1263467189030347,0.607,0.386,1.254,0.717,,0.0,0,RS_LOW,"[""shadow_rs_low"", ""shadow_regime_bad"", ""shadow_hour_weak""]",0,1
512,2026-08-21T21:04:40.753967+00:00,AVAXUSDT,BUY,DIP_BUY,7.641,0.0,8.02305,8.78715,7.53215,19.3,43.0,37.3,-6.46,0.15,0,11.6,55.4,82.0,RANGE,0.0,0,0,0,1,0.0,2.211752388430828,-1.425,-1.0,0.0,1.553,,0.0,0,RS_LOW,"[""shadow_rs_low"", ""shadow_regime_bad"", ""shadow_hour_weak""]",0,0
513,2026-08-21T21:04:51.461766+00:00,ONDOUSDT,BUY,DIP_BUY,0.38767,0.0,0.4070535,0.4458205,0.38113475,49.9,44.9,39.0,503.72,0.506,0,29.9,55.4,82.0,RANGE,0.0,0,0,0,1,0.0,5.272525601671528,-1.686,-1.0,0.0,3.128,,0.0,0,RS_OK,"[""shadow_rs_ok"", ""shadow_regime_bad"", ""shadow_hour_weak""]",0,0
514,2026-08-21T21:57:15.546662+00:00,JUPUSDT,BUY,DIP_BUY,0.2112,0.0,0.22176,0.24288,0.209149,35.9,15.0,28.0,-33.15,-1.12,1,21.5,64.4,82.0,RANGE,0.0,0,0,0,1,0.0,3.409090909090915,-0.971,-1.0,0.0,3.511,,0.0,0,RS_LOW,"[""shadow_rs_low"", ""shadow_regime_bad"", ""shadow_hour_weak""]",0,0
515,2026-08-21T21:57:17.749105+00:00,BBUSDT,BUY,DIP_BUY,0.01088,0.0,0.011424,0.012512,0.01067635,45.0,27.4,25.0,372.27,-0.664,0,27.0,64.4,82.0,RANGE,0.0,0,0,0,1,0.0,11.029411764705895,-1.872,-1.0,0.0,5.892,,0.0,0,RS_LOW,"[""shadow_rs_low"", ""shadow_regime_bad"", ""shadow_hour_weak""]",0,0
516,2026-08-21T22:19:07.063339+00:00,TRUMPUSDT,BUY,DIP_BUY,1.835,0.0,1.92675,2.11025,1.79498,35.7,31.2,40.9,4.68,0.405,0,21.4,55.4,82.0,RANGE,0.0,0,1,1,1,31.825613079019078,0.0,21.909,10.046,14.593,0.0,,0.0,0,RS_LOW,"[""shadow_rs_low"", ""shadow_regime_bad""]",1,1
517,2026-08-21T22:20:14.896968+00:00,PLUMEUSDT,BUY,DIP_BUY,0.014924,0.0,0.0156702,0.0171626,0.01471406,64.6,74.2,63.2,524.95,0.498,1,56.8,55.4,82.0,RANGE,0.0,0,0,0,1,0.0,13.88367729831144,-1.407,-1.0,0.0,9.87,,0.0,0,RS_LOW,"[""shadow_rs_low"", ""shadow_regime_bad""]",0,0
518,2026-08-21T22:48:29.543768+00:00,APEUSDT,BUY,DIP_BUY,0.1427,0.0,0.149835,0.164105,0.140096,20.6,23.8,27.6,-20.91,0.929,0,12.4,55.4,82.0,RANGE,0.0,0,0,0,1,1.261387526278904,0.35038542396636335,0.841,0.461,0.691,0.192,,0.0,0,RS_OK,"[""shadow_rs_ok"", ""shadow_regime_bad""]",0,1
519,2026-08-21T23:04:47.847325+00:00,LITUSDT,BUY,DIP_BUY,3.092,0.0,3.2466,3.5558,3.05664,17.0,21.0,27.4,-51.72,0.196,0,10.2,55.4,82.0,RANGE,0.0,0,1,0,1,6.306597671410086,0.0,5.124,4.481,5.515,0.0,,0.0,0,RS_LOW,"[""shadow_rs_low"", ""shadow_regime_bad""]",1,1
520,2026-08-21T23:05:19.934701+00:00,JTOUSDT,BUY,DIP_BUY,0.647,0.0,0.67935,0.74405,0.63481,31.2,30.4,36.6,-79.37,0.221,1,18.7,55.4,82.0,RANGE,0.0,0,0,0,1,0.0,12.673879443585792,-1.884,-1.0,0.0,6.727,,0.0,0,RS_LOW,"[""shadow_rs_low"", ""shadow_regime_bad""]",0,0
521,2026-08-21T23:34:13.217290+00:00,FILUSDT,BUY,DIP_BUY,0.8168,0.0,0.85764,0.93932,0.80794,41.1,42.6,50.3,116.9,0.243,0,24.7,55.4,82.0,RANGE,0.0,0,0,0,1,0.0,9.500489715964742,-1.085,-1.0,0.0,8.759,,0.0,0,RS_LOW,"[""shadow_rs_low"", ""shadow_regime_bad""]",0,0
522,2026-08-21T23:34:57.598638+00:00,DOSUSDT,BUY,DIP_BUY,0.2508,0.0,0.26334,0.28842,0.2458645,18.5,21.9,20.6,-5.65,0.814,0,11.1,55.4,82.0,RANGE,0.0,0,0,0,1,0.0,7.2567783094098965,-1.968,-1.0,0.0,3.688,,0.0,0,RS_OK,"[""shadow_rs_ok"", ""shadow_regime_bad""]",0,0
523,2026-08-21T23:55:25.878398+00:00,POLUSDT,BUY,DIP_BUY,0.0954,0.0,0.10017,0.10971,0.094326,46.2,20.9,46.0,34.98,1.374,0,27.7,55.4,82.0,RANGE,0.0,0,1,0,1,13.626834381551362,0.0,10.565,9.384,12.104,0.0,,0.0,0,RS_OK,"[""shadow_rs_ok"", ""shadow_regime_bad""]",1,1
524,2026-08-22T00:38:59.221036+00:00,ETHFIUSDT,BUY,DIP_BUY,0.6083,0.0,0.638715,0.699545,0.593219,22.8,18.0,21.1,-10.85,1.531,0,13.7,55.2,81.0,RANGE,0.0,0,0,0,1,0.0,4.849580798947883,-2.479,-1.0,0.0,1.956,,0.0,0,RS_OK,"[""shadow_rs_ok"", ""shadow_regime_bad"", ""shadow_hour_weak""]",0,0
525,2026-08-22T00:39:38.937336+00:00,KIIUSDT,BUY,DIP_BUY,0.06653,0.0,0.0698565,0.0765095,0.0655705,14.2,18.0,16.6,-21.47,0.785,0,8.5,55.2,81.0,RANGE,0.0,0,0,0,1,0.0,82.98511949496469,-1.442,-1.0,0.0,57.541,,0.0,0,RS_OK,"[""shadow_rs_ok"", ""shadow_regime_bad"", ""shadow_hour_weak""]",0,0
526,2026-08-22T02:05:50.422181+00:00,BTCUSDT,BUY,DIP_BUY,78023.1,0.0,81924.255,89726.565,77408.612,38.4,15.6,43.0,73.97,0.0,0,23.0,55.2,81.0,RANGE,0.0,0,0,0,1,0.0,1.3631860308037052,-0.788,-1.001,0.0,1.731,,0.0,0,RS_LOW,"[""shadow_rs_low"", ""shadow_regime_bad""]",0,0
527,2026-08-22T08:02:16.149626+00:00,SUSDT,BUY,DIP_BUY,0.02959,0.0,0.0310695,0.0340285,0.02928285,39.3,35.2,40.8,247.04,0.391,0,23.6,55.2,81.0,RANGE,0.0,0,0,0,1,0.0,8.448800270361616,-1.038,-1.0,0.0,8.139,,0.0,0,RS_LOW,"[""shadow_rs_low"", ""shadow_regime_bad""]",0,0
528,2026-08-22T09:04:39.349357+00:00,RAINUSDT,BUY,DIP_BUY,0.014251,0.0,0.01496355,0.01638865,0.01417676,52.9,29.4,48.2,12.69,0.095,1,46.6,55.2,81.0,RANGE,0.0,0,0,0,1,0.0,2.919093396954598,-0.521,-1.0,0.0,5.604,,0.0,0,RS_LOW,"[""shadow_rs_low"", ""shadow_regime_bad"", ""shadow_hour_weak""]",0,0
529,2026-08-22T11:29:37.210391+00:00,BCHUSDT,BUY,DIP_BUY,276.53,0.0,290.3565,318.0095,272.8489,30.0,27.0,25.4,-15.73,0.187,1,18.0,55.2,81.0,RANGE,0.0,0,0,0,1,1.3126966332766978,1.204209308212485,0.415,0.312,0.986,0.905,,0.0,0,RS_LOW,"[""shadow_rs_low"", ""shadow_regime_bad"", ""shadow_hour_weak""]",0,1
530,2026-08-22T11:29:45.117793+00:00,SOLUSDT,BUY,DIP_BUY,93.03,0.0,97.6815,106.9845,92.137,52.8,29.4,50.4,20.72,0.149,1,46.5,55.2,81.0,RANGE,0.0,0,0,0,1,4.568418789637752,0.0,3.258,3.394,4.759,0.0,,0.0,0,RS_LOW,"[""shadow_rs_low"", ""shadow_regime_bad"", ""shadow_hour_weak""]",0,1
531,2026-08-22T11:30:19.960818+00:00,BOMEUSDT,BUY,DIP_BUY,0.0011404,0.0,0.00119742,0.00131146,0.00111739,23.9,21.0,22.1,-43.05,0.533,0,14.3,55.2,81.0,RANGE,0.0,0,0,0,1,4.787793756576652,0.0,2.986,1.48,2.373,0.0,,0.0,0,RS_OK,"[""shadow_rs_ok"", ""shadow_regime_bad"", ""shadow_hour_weak""]",0,1
532,2026-08-22T11:48:46.325249+00:00,ZORAUSDT,BUY,DIP_BUY,0.006408,0.0,0.0067284,0.0073692,0.00627148,49.0,33.5,34.4,210.06,0.665,0,29.4,55.2,81.0,RANGE,0.0,0,0,0,1,0.0,5.664794007490631,-2.13,-1.0,0.0,2.659,,0.0,0,RS_OK,"[""shadow_rs_ok"", ""shadow_regime_bad"", ""shadow_hour_weak""]",0,0
533,2026-08-22T11:48:47.469059+00:00,ROBOUSDT,BUY,VWAP_RECLAIM,0.01458,0.0,0.0150903,0.0157464,0.01436956,10.5,8.9,17.2,-77.89,-0.011,0,6.3,55.2,81.0,RANGE,0.0,0,0,0,1,0.0,4.8010973936899815,-1.443,-1.0,0.0,3.326,,0.0,0,RS_LOW,"[""shadow_rs_low"", ""shadow_regime_bad"", ""shadow_hour_weak""]",0,0
534,2026-08-22T11:48:58.590285+00:00,DEXEUSDT,BUY,DIP_BUY,1.9202,0.0,2.01621,2.20823,1.8852265,55.7,36.9,38.5,172.21,0.507,1,49.0,55.2,81.0,RANGE,0.0,0,0,0,1,0.0,3.0048953234038054,-1.821,-1.0,0.0,1.65,,0.0,0,RS_OK,"[""shadow_rs_ok"", ""shadow_regime_bad"", ""shadow_hour_weak""]",0,0
535,2026-08-22T12:03:36.044818+00:00,ENSUSDT,BUY,DIP_BUY,5.641,0.0,5.92305,6.48715,5.54016,38.2,33.6,36.8,134.62,0.359,0,22.9,55.2,81.0,RANGE,0.0,0,1,0,1,5.424570111682327,0.5140932458783889,4.581,2.563,3.035,0.288,,0.0,0,RS_LOW,"[""shadow_rs_low"", ""shadow_regime_bad""]",1,1
536,2026-08-22T12:03:54.642403+00:00,STXUSDT,BUY,DIP_BUY,0.1963,0.0,0.206115,0.225745,0.19104,43.0,37.9,48.4,245.31,0.251,0,25.8,55.2,81.0,RANGE,0.0,0,1,0,1,14.212939378502295,0.0,10.134,3.782,5.304,0.0,,0.0,0,RS_LOW,"[""shadow_rs_low"", ""shadow_regime_bad""]",1,1
537,2026-08-22T12:04:07.578958+00:00,ZENUSDT,BUY,DIP_BUY,5.195,0.0,5.45475,5.97425,5.073505,63.5,45.0,49.5,197.77,0.016,1,55.9,55.2,81.0,RANGE,0.0,0,0,0,1,4.677574590952828,0.0,3.469,1.483,2.0,0.0,,0.0,0,RS_LOW,"[""shadow_rs_low"", ""shadow_regime_bad""]",0,1
538,2026-08-22T12:04:30.197072+00:00,GRTUSDT,BUY,DIP_BUY,0.01688,0.0,0.017724,0.019412,0.01644735,62.7,41.6,52.6,1257.47,-0.039,1,55.2,55.2,81.0,RANGE,0.0,0,0,0,1,0.0,7.582938388625592,-2.563,-1.0,0.0,2.959,,0.0,0,RS_LOW,"[""shadow_rs_low"", ""shadow_regime_bad""]",0,0
539,2026-08-22T13:28:45.642679+00:00,GRASSUSDT,BUY,DIP_BUY,0.3041,0.0,0.319305,0.349715,0.2987985,45.2,23.8,38.9,17.08,0.534,0,27.1,55.2,81.0,RANGE,0.0,0,0,0,1,0.0,2.0059191055573806,-1.743,-1.0,0.0,1.151,,0.0,0,RS_OK,"[""shadow_rs_ok"", ""shadow_regime_bad"", ""shadow_hour_weak""]",0,0
540,2026-08-22T13:53:44.078571+00:00,SEIUSDT,BUY,DIP_BUY,0.04747,0.0,0.0498435,0.0545905,0.04677495,18.3,22.2,20.8,-5.92,0.746,0,11.0,55.2,81.0,RANGE,0.0,0,0,0,1,0.0,2.0012639561828514,-1.464,-1.0,0.0,1.367,,0.0,0,RS_OK,"[""shadow_rs_ok"", ""shadow_regime_bad"", ""shadow_hour_weak""]",0,0
541,2026-08-22T14:38:18.062914+00:00,TRBUSDT,BUY,DIP_BUY,18.229,0.0,19.14045,20.96335,17.73289,49.0,44.8,46.0,305.56,0.39,0,29.4,55.2,81.0,RANGE,0.0,0,0,0,1,4.498326841845413,0.0,3.018,1.109,1.653,0.0,,0.0,0,RS_LOW,"[""shadow_rs_low"", ""shadow_regime_bad""]",0,1
542,2026-08-22T16:16:22.084921+00:00,FETUSDT,BUY,DIP_BUY,0.1608,0.0,0.16884,0.18492,0.158603,15.0,20.0,17.0,-42.0,0.489,0,9.0,55.2,81.0,RANGE,0.0,0,0,0,1,1.7412935323383065,0.37313432835820237,0.275,0.201,1.274,0.273,,0.0,0,RS_LOW,"[""shadow_rs_low"", ""shadow_regime_bad""]",0,1
543,2026-08-22T16:44:51.801695+00:00,NEARUSDT,BUY,DIP_BUY,1.9111,0.0,2.006655,2.197765,1.849904,32.8,43.0,45.9,-5.89,1.787,0,19.7,59.7,81.0,RANGE,0.0,0,0,0,1,0.7848882842342055,2.255245670032961,-0.655,-0.205,0.245,0.704,,0.0,0,RS_OK,"[""shadow_rs_ok"", ""shadow_regime_bad""]",0,0
544,2026-08-22T17:04:38.042131+00:00,USELESSUSDT,BUY,DIP_BUY,0.06689,0.0,0.0702345,0.0769235,0.065471,49.6,23.3,30.6,70.87,1.301,0,29.8,55.2,81.0,RANGE,0.0,0,0,0,1,2.915233966213176,1.4800418597697782,1.019,0.48,1.374,0.698,,0.0,0,RS_OK,"[""shadow_rs_ok"", ""shadow_regime_bad""]",0,1
545,2026-08-22T17:31:23.027429+00:00,STRKUSDT,BUY,DIP_BUY,0.02759,0.0,0.0289695,0.0317285,0.0273227,18.7,35.5,23.9,-68.13,0.467,0,11.2,55.2,81.0,RANGE,0.0,0,0,0,1,0.0,1.123595505617982,-0.969,-1.0,0.0,1.16,,0.0,0,RS_LOW,"[""shadow_rs_low"", ""shadow_regime_bad""]",0,0
546,2026-08-22T17:49:53.981906+00:00,TAOUSDT,BUY,DIP_BUY,225.72,0.0,237.006,259.578,222.0044,14.4,18.0,24.9,-28.28,0.495,0,8.6,55.2,81.0,RANGE,0.0,0,0,0,1,0.0,1.8651426546163423,-1.646,-1.0,0.0,1.133,,0.0,0,RS_LOW,"[""shadow_rs_low"", ""shadow_regime_bad""]",0,0
547,2026-08-22T19:05:01.359423+00:00,ZECUSDT,BUY,DIP_BUY,837.856,0.0,879.7488,963.5344,822.86699,43.5,31.8,53.8,40.34,0.199,0,26.1,55.2,81.0,RANGE,0.0,0,0,0,1,0.0,5.52398025436352,-1.789,-1.0,0.0,3.088,,0.0,0,RS_LOW,"[""shadow_rs_low"", ""shadow_regime_bad"", ""shadow_hour_weak""]",0,0
548,2026-08-22T19:32:51.792830+00:00,MANAUSDT,BUY,DIP_BUY,0.07565,0.0,0.0794325,0.0869975,0.074824,41.0,34.9,43.4,202.42,0.193,0,24.6,55.2,81.0,RANGE,0.0,0,0,0,1,0.0,3.5955056179775284,-1.092,-1.0,0.0,3.293,,0.0,0,RS_LOW,"[""shadow_rs_low"", ""shadow_regime_bad"", ""shadow_hour_weak""]",0,0
549,2026-08-22T19:51:26.691349+00:00,CROUSDT,BUY,DIP_BUY,0.0592,0.0,0.06216,0.06808,0.05831695,26.2,27.3,20.2,-0.28,0.552,0,15.7,55.2,81.0,RANGE,0.0,0,0,0,1,0.0,5.89527027027027,-1.492,-1.0,0.0,3.952,,0.0,0,RS_OK,"[""shadow_rs_ok"", ""shadow_regime_bad"", ""shadow_hour_weak""]",0,0
550,2026-08-22T21:15:23.581436+00:00,MELANIAUSDT,BUY,DIP_BUY,0.1106,0.0,0.11613,0.12719,0.10848485,46.8,29.4,44.3,150.23,0.652,0,28.1,55.2,81.0,RANGE,0.0,0,0,0,1,0.0,3.0741410488245933,-1.912,-1.0,0.0,1.607,,0.0,0,RS_OK,"[""shadow_rs_ok"", ""shadow_regime_bad"", ""shadow_hour_weak""]",0,0
551,2026-08-22T21:23:52.058861+00:00,BICOUSDT,BUY,VWAP_RECLAIM,0.02,0.0,0.0207,0.0216,0.0195612,13.6,19.4,15.6,-64.07,0.183,0,8.2,55.2,81.0,RANGE,0.0,0,0,0,1,0.0,8.000000000000004,-2.194,-1.0,0.0,3.646,,0.0,0,RS_LOW,"[""shadow_rs_low"", ""shadow_regime_bad"", ""shadow_hour_weak""]",0,0
552,2026-08-22T22:14:40.110412+00:00,DOTUSDT,BUY,DIP_BUY,0.9174,0.0,0.96327,1.05501,0.9005745,45.6,46.6,43.0,9.15,0.615,0,27.4,55.2,81.0,RANGE,0.0,0,0,0,1,1.8312622629169433,0.33791148899062473,0.797,0.435,0.999,0.184,,0.0,0,RS_OK,"[""shadow_rs_ok"", ""shadow_regime_bad""]",0,1
553,2026-08-23T10:36:16.883224+00:00,CHZUSDT,BUY,DIP_BUY,0.01414,0.0,0.014847,0.016261,0.01392005,41.6,35.0,38.5,38.86,0.052,0,25.0,54.2,76.0,RANGE,0.0,0,0,0,1,4.455445544554458,0.4243281471004193,3.273,2.104,2.864,0.273,,0.0,0,RS_LOW,"[""shadow_rs_low"", ""shadow_regime_bad""]",0,1
554,2026-08-23T10:54:39.542974+00:00,DOSUSDT,BUY,DIP_BUY,0.2296,0.0,0.24108,0.26404,0.226263,16.6,18.0,20.4,-5.67,0.523,0,10.0,54.2,76.0,RANGE,0.0,0,0,0,1,1.0017421602787442,1.1759581881533137,-1.042,-0.717,0.689,0.809,,0.0,0,RS_OK,"[""shadow_rs_ok"", ""shadow_regime_bad""]",0,0
555,2026-08-23T10:54:59.667426+00:00,MUBARAKUSDT,BUY,VWAP_RECLAIM,0.02323,0.0,0.02404305,0.0250884,0.02299614,21.2,18.0,17.0,-8.81,1.485,0,12.7,54.2,76.0,RANGE,0.0,0,1,0,1,4.347826086956523,0.2582866982350453,3.66,3.636,4.319,0.257,,0.0,0,RS_OK,"[""shadow_rs_ok"", ""shadow_regime_bad""]",1,1
556,2026-08-23T10:55:01.290008+00:00,GRVTUSDT,BUY,DIP_BUY,0.2313,0.0,0.242865,0.265995,0.226064,53.7,43.4,33.3,133.89,1.047,0,47.3,54.2,76.0,RANGE,0.0,0,0,0,1,0.907911802853433,1.1673151750972797,-0.139,-0.061,0.401,0.516,,0.0,0,RS_OK,"[""shadow_rs_ok"", ""shadow_regime_bad""]",0,0
557,2026-08-23T11:16:18.308955+00:00,BCHUSDT,BUY,DIP_BUY,272.86,0.0,286.503,313.789,270.5405,13.7,20.0,19.6,-64.28,0.257,0,8.2,54.2,76.0,RANGE,0.0,0,0,0,1,1.836106428204937,0.0,1.14,1.341,2.16,0.0,,0.0,0,RS_LOW,"[""shadow_rs_low"", ""shadow_regime_bad"", ""shadow_hour_weak""]",0,1
558,2026-08-23T11:17:21.611479+00:00,ZENUSDT,BUY,DIP_BUY,5.275,0.0,5.53875,6.06625,5.22574,17.6,23.1,24.4,-17.96,0.342,0,10.6,54.2,76.0,RANGE,0.0,0,1,0,1,9.289099526066337,0.0,7.25,7.764,9.948,0.0,,0.0,0,RS_LOW,"[""shadow_rs_low"", ""shadow_regime_bad"", ""shadow_hour_weak""]",1,1
559,2026-08-23T11:39:00.224877+00:00,BNBUSDT,BUY,DIP_BUY,694.802,0.0,729.5421,799.0223,686.202745,42.5,42.8,37.5,63.82,0.121,0,25.5,58.7,76.0,RANGE,0.0,0,0,0,1,0.6997677036047631,0.3753587352943804,0.239,0.193,0.565,0.303,,0.0,0,RS_LOW,"[""shadow_rs_low"", ""shadow_regime_bad"", ""shadow_hour_weak""]",0,1
560,2026-08-23T11:39:09.041810+00:00,TRXUSDT,BUY,DIP_BUY,0.344,0.0,0.3612,0.3956,0.3417825,15.7,25.9,25.2,-17.17,-0.568,0,9.4,58.7,76.0,RANGE,0.0,0,0,0,1,0.1162790697674452,0.203488372093017,-0.052,-0.081,0.18,0.316,,0.0,0,RS_LOW,"[""shadow_rs_low"", ""shadow_regime_bad"", ""shadow_hour_weak""]",0,0
561,2026-08-23T11:39:29.432278+00:00,DOTUSDT,BUY,DIP_BUY,0.9163,0.0,0.962115,1.053745,0.9005745,41.7,30.5,36.7,48.81,0.555,0,25.0,58.7,76.0,RANGE,0.0,0,0,0,1,2.237258539779544,0.25100949470697026,1.068,0.622,1.304,0.146,,0.0,0,RS_OK,"[""shadow_rs_ok"", ""shadow_regime_bad"", ""shadow_hour_weak""]",0,1
562,2026-08-23T11:39:35.101449+00:00,PYTHUSDT,BUY,DIP_BUY,0.05133,0.0,0.0538965,0.0590295,0.0503072,24.4,38.0,39.1,-66.29,0.537,0,14.6,58.7,76.0,RANGE,0.0,0,1,0,1,6.273134619131114,0.4675628287551084,4.999,2.509,3.148,0.235,,0.0,0,RS_OK,"[""shadow_rs_ok"", ""shadow_regime_bad"", ""shadow_hour_weak""]",1,1
563,2026-08-23T11:39:41.730035+00:00,PAXGUSDT,BUY,DIP_BUY,4603.84,0.0,4834.032,5294.416,4572.23395,38.0,18.4,43.8,38.78,-0.499,0,22.8,58.7,76.0,RANGE,0.0,0,0,0,1,0.04604851602140585,0.003258149718507717,0.026,0.038,0.067,0.005,,0.0,0,RS_LOW,"[""shadow_rs_low"", ""shadow_regime_bad"", ""shadow_hour_weak""]",0,1
564,2026-08-23T11:57:02.900287+00:00,ATOMUSDT,BUY,DIP_BUY,1.5776,0.0,1.65648,1.81424,1.5542895,56.2,29.0,42.1,10.89,0.159,1,49.5,58.7,76.0,RANGE,0.0,0,0,0,1,2.2756085192697797,0.17114604462474167,1.584,1.072,1.54,0.116,,0.0,0,RS_LOW,"[""shadow_rs_low"", ""shadow_regime_bad"", ""shadow_hour_weak""]",0,1
565,2026-08-23T12:29:21.746534+00:00,BOMEUSDT,BUY,DIP_BUY,0.0012217,0.0,0.00128279,0.00140495,0.00120773,41.6,20.9,49.7,29.83,0.704,0,25.0,54.2,76.0,RANGE,0.0,0,0,0,1,0.5074895637226849,1.8498813129246137,-1.143,-1.0,0.444,1.618,,0.0,0,RS_OK,"[""shadow_rs_ok"", ""shadow_regime_bad""]",0,0
566,2026-08-23T13:12:57.588621+00:00,ONDOUSDT,BUY,DIP_BUY,0.37459,0.0,0.3933195,0.4307785,0.3673142,63.7,41.4,54.5,93.75,0.138,1,56.1,54.2,76.0,RANGE,0.0,0,0,0,1,2.3999572866333856,1.3828452441335761,0.931,0.479,1.236,0.712,,0.0,0,RS_LOW,"[""shadow_rs_low"", ""shadow_regime_bad"", ""shadow_hour_weak""]",0,1
567,2026-08-23T13:47:19.528464+00:00,FETUSDT,BUY,DIP_BUY,0.1667,0.0,0.175035,0.191705,0.163578,50.1,43.0,38.8,138.01,1.034,0,44.1,54.2,76.0,RANGE,0.0,0,0,0,1,1.4397120575884903,3.6592681463707226,-1.873,-1.0,0.769,1.954,,0.0,0,RS_OK,"[""shadow_rs_ok"", ""shadow_regime_bad"", ""shadow_hour_weak""]",0,0
568,2026-08-23T14:04:08.978445+00:00,BTCUSDT,BUY,DIP_BUY,77547.4,0.0,81424.77,89179.51,76938.2755,13.5,11.4,18.4,-46.06,0.0,0,8.1,54.2,76.0,RANGE,0.0,0,0,0,1,0.10767607940433853,0.9605737909974985,-0.785,-0.999,0.137,1.223,,0.0,0,RS_LOW,"[""shadow_rs_low"", ""shadow_regime_bad""]",0,0
569,2026-08-23T14:04:10.202113+00:00,ETHUSDT,BUY,DIP_BUY,2460.4,0.0,2583.42,2829.46,2419.8798,14.9,24.4,23.6,-64.53,0.103,0,8.9,54.2,76.0,RANGE,0.0,0,0,0,1,0.342220777109416,2.921882620712074,-1.647,-1.0,0.208,1.774,,0.0,0,RS_LOW,"[""shadow_rs_low"", ""shadow_regime_bad""]",0,0
570,2026-08-23T14:04:44.521178+00:00,POLUSDT,BUY,DIP_BUY,0.1079,0.0,0.113295,0.124085,0.106067,17.5,18.0,23.8,-15.88,0.376,0,10.5,54.2,76.0,RANGE,0.0,0,0,0,1,0.9267840593141806,1.9462465245597689,-1.699,-1.0,0.546,1.146,,0.0,0,RS_LOW,"[""shadow_rs_low"", ""shadow_regime_bad""]",0,0
571,2026-08-23T14:36:05.703400+00:00,FFUSDT,BUY,DIP_BUY,0.08562,0.0,0.089901,0.098463,0.0839979,26.9,30.8,30.4,-29.19,0.611,0,16.1,54.2,76.0,RANGE,0.0,0,0,0,1,0.0,2.5811726232188783,-1.895,-1.0,0.0,1.362,,0.0,0,RS_OK,"[""shadow_rs_ok"", ""shadow_regime_bad""]",0,0
572,2026-08-23T14:57:10.441923+00:00,PORTALUSDT,BUY,DIP_BUY,0.01355,0.0,0.0142275,0.0155825,0.0132534,26.8,21.0,28.4,-34.96,2.02,0,16.1,54.2,76.0,RANGE,0.0,0,0,0,1,2.0664206642066474,0.2214022140221312,0.2,0.091,0.944,0.101,,0.0,0,RS_OK,"[""shadow_rs_ok"", ""shadow_regime_bad""]",0,1
573,2026-08-23T14:57:34.988191+00:00,TRBUSDT,BUY,DIP_BUY,19.049,0.0,20.00145,21.90635,18.66421,20.3,28.0,21.5,-77.58,1.078,0,12.2,54.2,76.0,RANGE,0.0,0,0,0,1,2.021103469998433,0.3517244999737528,0.058,0.029,1.001,0.174,,0.0,0,RS_OK,"[""shadow_rs_ok"", ""shadow_regime_bad""]",0,1
574,2026-08-23T15:03:10.464647+00:00,DOTUSDT,BUY,DIP_BUY,0.9256,0.0,0.97188,1.06444,0.906644,18.7,42.8,23.6,-36.93,0.196,0,11.2,54.2,76.0,RANGE,0.0,0,0,0,1,0.9075194468452976,0.5509939498703537,-0.539,-0.263,0.443,0.269,,0.0,0,RS_LOW,"[""shadow_rs_low"", ""shadow_regime_bad""]",0,0
575,2026-08-23T15:04:02.352930+00:00,SEIUSDT,BUY,DIP_BUY,0.04758,0.0,0.049959,0.054717,0.0464068,43.9,36.6,52.1,24.0,0.211,0,26.3,54.2,76.0,RANGE,0.0,0,0,0,1,1.7234131988230377,0.882723833543499,0.91,0.369,0.699,0.358,,0.0,0,RS_LOW,"[""shadow_rs_low"", ""shadow_regime_bad""]",0,1
576,2026-08-23T15:04:16.404418+00:00,DOSUSDT,BUY,DIP_BUY,0.2242,0.0,0.23541,0.25783,0.2199945,36.7,23.3,37.8,10.79,0.316,0,22.0,54.2,76.0,RANGE,0.0,0,0,0,1,2.0071364852809883,0.04460303300625189,0.169,0.09,1.07,0.024,,0.0,0,RS_LOW,"[""shadow_rs_low"", ""shadow_regime_bad""]",0,1
577,2026-08-23T15:04:23.508147+00:00,GRVTUSDT,BUY,DIP_BUY,0.229,0.0,0.24045,0.26335,0.2255665,24.9,29.0,18.8,-21.44,0.397,0,14.9,54.2,76.0,RANGE,0.0,0,0,0,1,1.2227074235807847,0.39301310043668647,0.802,0.535,0.816,0.262,,0.0,0,RS_LOW,"[""shadow_rs_low"", ""shadow_regime_bad""]",0,1
578,2026-08-23T15:04:27.160286+00:00,RSRUSDT,BUY,DIP_BUY,0.00144,0.0,0.001512,0.001656,0.00142086,18.1,30.0,19.3,-27.45,0.237,0,10.9,54.2,76.0,RANGE,0.0,0,1,0,1,5.972222222222216,0.0,4.817,3.624,4.493,0.0,,0.0,0,RS_LOW,"[""shadow_rs_low"", ""shadow_regime_bad""]",1,1
579,2026-08-23T15:18:23.608862+00:00,LITUSDT,BUY,DIP_BUY,3.358,0.0,3.5259,3.8617,3.266585,27.8,21.0,29.9,-53.66,2.007,0,16.7,54.2,76.0,RANGE,0.0,0,0,0,1,0.0,3.7820131030375284,-2.722,-1.0,0.0,1.389,,0.0,0,RS_OK,"[""shadow_rs_ok"", ""shadow_regime_bad""]",0,0
580,2026-08-23T15:29:58.403902+00:00,PAXGUSDT,BUY,DIP_BUY,4602.38,0.0,4832.499,5292.737,4575.7662,14.3,21.2,23.1,-44.36,0.023,0,8.6,54.2,76.0,RANGE,0.0,0,0,0,1,0.08669427557046097,0.004780135495118931,0.033,0.057,0.15,0.008,,0.0,0,RS_LOW,"[""shadow_rs_low"", ""shadow_regime_bad""]",0,1
581,2026-08-23T15:30:53.156580+00:00,GIGGLEUSDT,BUY,DIP_BUY,38.05,0.0,39.9525,43.7575,37.16325,29.4,28.0,29.8,-37.64,1.121,0,17.6,54.2,76.0,RANGE,0.0,0,0,0,1,0.1051248357424606,1.2614980289093218,-0.82,-0.352,0.045,0.541,,0.0,0,RS_OK,"[""shadow_rs_ok"", ""shadow_regime_bad""]",0,0
582,2026-08-23T15:43:46.243814+00:00,KCSUSDT,BUY,DIP_BUY,7.376,0.0,7.7448,8.4824,7.27942,34.0,38.6,26.1,0.64,0.189,1,20.4,54.2,76.0,RANGE,0.0,0,0,0,1,0.9761388286334065,0.2847071583514087,0.549,0.419,0.745,0.217,,0.0,0,RS_LOW,"[""shadow_rs_low"", ""shadow_regime_bad""]",0,1
583,2026-08-23T15:43:56.487697+00:00,CAPUSDT,BUY,DIP_BUY,0.069342,0.0,0.0728091,0.0797433,0.06819929,39.5,34.2,33.3,402.1,0.506,0,23.7,54.2,76.0,RANGE,0.0,0,0,0,1,0.46724928614693095,0.4239854633555458,-0.217,-0.132,0.284,0.257,,0.0,0,RS_OK,"[""shadow_rs_ok"", ""shadow_regime_bad""]",0,0
584,2026-08-23T15:55:32.544144+00:00,ENSUSDT,BUY,VWAP_RECLAIM,5.818,0.0,6.02163,6.28344,5.75359197,61.7,38.8,52.9,709.64,-0.163,1,54.3,54.2,76.0,RANGE,0.0,0,0,0,1,0.0,1.460983155723616,-1.107,-1.0,0.0,1.32,,0.0,0,RS_LOW,"[""shadow_rs_low"", ""shadow_regime_bad""]",0,0
585,2026-08-23T16:54:36.794549+00:00,ZECUSDT,BUY,DIP_BUY,849.156,0.0,891.6138,976.5294,829.604135,47.9,33.8,46.7,67.72,1.273,0,28.7,54.2,76.0,RANGE,0.0,0,0,0,1,4.582196910814984,0.10163032469887073,2.24,0.973,1.99,0.044,,0.0,0,RS_OK,"[""shadow_rs_ok"", ""shadow_regime_bad""]",0,1
586,2026-08-23T16:54:44.549492+00:00,SUIUSDT,BUY,DIP_BUY,0.8241,0.0,0.865305,0.947715,0.812119,12.7,11.7,24.3,-15.94,-0.15,0,7.6,54.2,76.0,RANGE,0.0,0,0,0,1,2.7302511831088414,0.8736803785948423,1.173,0.807,1.878,0.601,,0.0,0,RS_LOW,"[""shadow_rs_low"", ""shadow_regime_bad""]",0,1
587,2026-08-23T16:54:53.157255+00:00,NEARUSDT,BUY,DIP_BUY,1.9605,0.0,2.058525,2.254575,1.9307975,37.7,24.3,39.7,19.05,0.208,0,22.6,54.2,76.0,RANGE,0.0,0,0,0,1,1.2853863810252544,0.6273909716908941,-0.155,-0.102,0.848,0.414,,0.0,0,RS_LOW,"[""shadow_rs_low"", ""shadow_regime_bad""]",0,0
588,2026-08-23T17:14:16.895114+00:00,POLUSDT,BUY,DIP_BUY,0.1071,0.0,0.112455,0.123165,0.105669,18.0,18.0,11.5,-23.7,0.232,0,10.8,54.2,76.0,RANGE,0.0,0,0,0,1,0.46685340802987907,1.400560224089637,-1.336,-1.0,0.349,1.048,,0.0,0,RS_LOW,"[""shadow_rs_low"", ""shadow_regime_bad""]",0,0
589,2026-08-23T17:14:49.964141+00:00,RAINUSDT,BUY,VWAP_RECLAIM,0.01399,0.0,0.01447965,0.0151092,0.01384693,35.1,19.1,31.2,14.88,0.118,0,21.1,54.2,76.0,RANGE,0.0,0,0,0,1,0.007147962830588029,0.18584703359542518,-0.159,-0.155,0.007,0.182,,0.0,0,RS_LOW,"[""shadow_rs_low"", ""shadow_regime_bad""]",0,0
590,2026-08-23T17:36:59.082909+00:00,FILUSDT,BUY,DIP_BUY,0.7748,0.0,0.81354,0.89102,0.76018,46.9,51.5,38.2,497.93,0.857,0,28.1,54.2,76.0,RANGE,0.0,0,0,0,1,0.0,0.787299948373773,-0.66,-0.35,0.0,0.417,,0.0,0,RS_OK,"[""shadow_rs_ok"", ""shadow_regime_bad""]",0,0
591,2026-08-23T17:54:12.711015+00:00,TRXUSDT,BUY,VWAP_RECLAIM,0.3437,0.0,0.3557295,0.371196,0.34024517,15.9,27.3,14.4,-51.18,0.259,0,9.5,54.2,76.0,RANGE,0.0,0,0,0,1,0.14547570555717207,0.05819028222286238,0.021,0.021,0.145,0.058,,0.0,0,RS_LOW,"[""shadow_rs_low"", ""shadow_regime_bad""]",0,1
592,2026-08-23T18:11:59.419128+00:00,BTCUSDT,BUY,DIP_BUY,77309.7,0.0,81175.185,88906.155,76726.44,10.8,13.0,22.0,-14.35,0.0,0,6.5,54.2,76.0,RANGE,0.0,0,0,0,1,0.2208002359341675,0.06984893228146016,0.028,0.037,0.293,0.093,,0.0,0,RS_LOW,"[""shadow_rs_low"", ""shadow_regime_bad""]",0,1
593,2026-08-23T18:12:10.311497+00:00,UNIUSDT,BUY,DIP_BUY,4.5835,0.0,4.812675,5.271025,4.5199865,16.2,20.0,20.8,-5.91,0.641,0,9.7,54.2,76.0,RANGE,0.0,0,0,0,1,0.4385295080178953,0.835605977964428,-0.767,-0.554,0.316,0.603,,0.0,0,RS_OK,"[""shadow_rs_ok"", ""shadow_regime_bad""]",0,0
594,2026-08-23T18:48:59.656778+00:00,LINKUSDT,BUY,DIP_BUY,11.5695,0.0,12.147975,13.304925,11.420411,15.6,20.0,19.7,-4.67,0.612,0,9.4,54.2,76.0,RANGE,0.0,0,0,0,1,3.382168633043788,1.1556247028825728,2.029,1.575,2.625,0.897,,0.0,0,RS_OK,"[""shadow_rs_ok"", ""shadow_regime_bad""]",0,1
595,2026-08-23T18:49:18.759179+00:00,DOTUSDT,BUY,DIP_BUY,0.9283,0.0,0.974715,1.067545,0.9194795,15.6,24.0,24.8,-13.2,0.195,0,9.4,54.2,76.0,RANGE,0.0,0,0,0,1,0.11849617580523429,1.9713454702143685,-0.95,-1.0,0.125,2.075,,0.0,0,RS_LOW,"[""shadow_rs_low"", ""shadow_regime_bad""]",0,0
596,2026-08-23T18:49:53.241699+00:00,PORTALUSDT,BUY,VWAP_RECLAIM,0.01348,0.0,0.0139518,0.0145584,0.01330186,17.1,8.0,6.0,-38.62,-0.108,0,10.3,54.2,76.0,RANGE,0.0,0,0,0,1,0.5934718100890094,1.4836795252225559,-1.322,-1.0,0.449,1.123,,0.0,0,RS_LOW,"[""shadow_rs_low"", ""shadow_regime_bad""]",0,0
597,2026-08-23T19:13:22.014455+00:00,TRBUSDT,BUY,DIP_BUY,18.993,0.0,19.94265,21.84195,18.84729,38.7,30.7,20.8,-37.51,0.152,1,23.2,54.2,76.0,RANGE,0.0,0,0,0,1,3.6434475859527207,0.16848312536197563,2.812,3.665,4.749,0.22,,0.0,0,RS_LOW,"[""shadow_rs_low"", ""shadow_regime_bad"", ""shadow_hour_weak""]",0,1
598,2026-08-23T19:34:45.434265+00:00,KIIUSDT,BUY,DIP_BUY,0.06097,0.0,0.0640185,0.0701155,0.0600383,40.3,28.3,41.5,13.68,0.379,0,24.2,54.2,76.0,RANGE,0.0,0,0,0,1,0.016401508938816013,1.886173527964581,-1.528,-1.0,0.011,1.234,,0.0,0,RS_LOW,"[""shadow_rs_low"", ""shadow_regime_bad"", ""shadow_hour_weak""]",0,0
599,2026-08-23T20:03:14.773914+00:00,TRUMPUSDT,BUY,DIP_BUY,2.692,0.0,2.8266,3.0958,2.653665,43.2,24.6,37.1,67.82,0.331,0,25.9,54.2,76.0,RANGE,0.0,0,0,0,1,0.5572065378900326,1.48588410104012,-1.424,-1.0,0.391,1.043,,0.0,0,RS_LOW,"[""shadow_rs_low"", ""shadow_regime_bad""]",0,0
600,2026-08-23T20:04:53.738159+00:00,RSRUSDT,BUY,DIP_BUY,0.001506,0.0,0.0015813,0.0017319,0.00149449,61.1,33.5,45.6,72.31,0.241,1,53.8,54.2,76.0,RANGE,0.0,0,0,0,1,1.1952191235059764,0.597609561752981,0.455,0.595,1.564,0.782,,0.0,0,RS_LOW,"[""shadow_rs_low"", ""shadow_regime_bad""]",0,1
601,2026-08-23T20:05:02.026489+00:00,AEONUSDT,BUY,DIP_BUY,0.06054,0.0,0.063567,0.069621,0.05984925,36.1,22.4,42.7,12.13,0.406,0,21.7,54.2,76.0,RANGE,0.0,0,0,0,1,0.842418235877112,1.3214403700032957,-1.141,-1.0,0.738,1.158,,0.0,0,RS_LOW,"[""shadow_rs_low"", ""shadow_regime_bad""]",0,0
602,2026-08-23T20:35:52.698719+00:00,AVAXUSDT,BUY,DIP_BUY,7.565,0.0,7.94325,8.69975,7.47842,37.8,31.9,43.7,39.87,0.196,0,22.7,54.2,76.0,RANGE,0.0,0,0,0,1,1.4540647719761985,0.06609385327165607,0.531,0.464,1.27,0.058,,0.0,0,RS_LOW,"[""shadow_rs_low"", ""shadow_regime_bad""]",0,1
603,2026-08-23T20:56:05.731902+00:00,LITUSDT,BUY,VWAP_RECLAIM,3.315,0.0,3.431025,3.5802,3.28026306,39.7,12.3,36.0,26.56,-0.376,0,23.8,54.2,76.0,RANGE,0.0,0,1,0,1,3.9215686274509776,0.2413273001508298,3.105,2.963,3.742,0.23,,0.0,0,RS_LOW,"[""shadow_rs_low"", ""shadow_regime_bad""]",1,1
604,2026-08-23T20:56:12.861226+00:00,BOMEUSDT,BUY,DIP_BUY,0.0012014,0.0,0.00126147,0.00138161,0.00118763,42.9,35.0,37.8,248.2,0.41,0,25.7,54.2,76.0,RANGE,0.0,0,0,0,1,1.4566339270850623,0.19144331613118043,0.511,0.446,1.271,0.167,,0.0,0,RS_LOW,"[""shadow_rs_low"", ""shadow_regime_bad""]",0,1
605,2026-08-23T20:56:30.511209+00:00,EIGENUSDT,BUY,DIP_BUY,0.2336,0.0,0.24528,0.26864,0.228452,31.5,21.6,22.0,3.26,0.919,0,18.9,54.2,76.0,RANGE,0.0,0,0,0,1,1.498287671232878,1.3698630136986336,-0.526,-0.239,0.68,0.622,,0.0,0,RS_OK,"[""shadow_rs_ok"", ""shadow_regime_bad""]",0,0
606,2026-08-23T21:14:59.827362+00:00,STXUSDT,BUY,DIP_BUY,0.2365,0.0,0.248325,0.271975,0.229049,60.2,51.8,50.3,287.44,1.663,0,53.0,54.2,76.0,RANGE,0.0,0,0,0,1,0.12684989429176427,5.243128964059195,-3.151,-1.0,0.04,1.664,,0.0,0,RS_OK,"[""shadow_rs_ok"", ""shadow_regime_bad"", ""shadow_hour_weak""]",0,0
607,2026-08-23T21:16:34.599782+00:00,MELANIAUSDT,BUY,DIP_BUY,0.111,0.0,0.11655,0.12765,0.10979825,58.2,17.9,58.3,21.19,-0.135,1,51.2,54.2,76.0,RANGE,0.0,0,0,0,1,0.6126126126126127,1.1081081081081035,-1.083,-1.0,0.566,1.023,,0.0,0,RS_LOW,"[""shadow_rs_low"", ""shadow_regime_bad"", ""shadow_hour_weak""]",0,0
608,2026-08-23T21:56:51.039541+00:00,FILUSDT,BUY,DIP_BUY,0.7782,0.0,0.81711,0.89493,0.7708265,17.2,28.1,20.8,-69.45,0.285,0,10.3,58.7,76.0,RANGE,0.0,0,0,0,1,0.218452839886923,0.8352608583911527,-0.415,-0.438,0.231,0.882,,0.0,0,RS_LOW,"[""shadow_rs_low"", ""shadow_regime_bad"", ""shadow_hour_weak""]",0,0
609,2026-08-23T21:56:52.416588+00:00,ETCUSDT,BUY,DIP_BUY,7.9872,0.0,8.38656,9.18528,7.907066,22.8,30.0,20.0,-43.68,0.503,0,13.7,58.7,76.0,RANGE,0.0,0,0,0,1,0.3255208333333309,0.7912660256410164,-0.072,-0.072,0.324,0.789,,0.0,0,RS_OK,"[""shadow_rs_ok"", ""shadow_regime_bad"", ""shadow_hour_weak""]",0,0
610,2026-08-23T23:00:48.199740+00:00,RAYUSDT,BUY,DIP_BUY,0.7734,0.0,0.81207,0.88941,0.762966,53.5,57.7,43.7,971.85,0.727,0,47.1,54.2,76.0,RANGE,0.0,0,0,0,1,0.1292991983449704,2.0170674941815294,-0.982,-0.728,0.096,1.495,,0.0,0,RS_OK,"[""shadow_rs_ok"", ""shadow_regime_bad""]",0,0
611,2026-08-24T02:47:14.107811+00:00,GIGGLEUSDT,BUY,DIP_BUY,36.99,0.0,38.8395,42.5385,36.20805,51.9,36.8,28.7,347.42,0.844,0,45.7,60.1,83.0,RANGE,0.0,0,0,0,1,0.4055150040551462,1.7572316842389795,-0.334,-0.158,0.192,0.831,,0.0,0,RS_OK,"[""shadow_rs_ok"", ""shadow_regime_bad""]",0,0
612,2026-08-24T04:29:51.744107+00:00,UNIUSDT,BUY,DIP_BUY,4.5263,0.0,4.752615,5.205245,4.3838705,54.8,36.4,34.1,41.52,2.192,0,48.2,55.6,83.0,RANGE,0.0,0,0,0,1,0.12813998188365344,2.326403464198125,-1.948,-0.619,0.041,0.739,,0.0,0,RS_OK,"[""shadow_rs_ok"", ""shadow_regime_bad""]",0,0
613,2026-08-24T04:29:53.389385+00:00,ETHUSDT,BUY,DIP_BUY,2445.81,0.0,2568.1005,2812.6815,2416.22815,38.3,27.3,33.4,9.97,0.26,0,23.0,55.6,83.0,RANGE,0.0,0,0,0,1,1.1517656727219234,0.6979282936941203,0.416,0.344,0.952,0.577,,0.0,0,RS_LOW,"[""shadow_rs_low"", ""shadow_regime_bad""]",0,1
614,2026-08-24T04:29:55.877796+00:00,SOLUSDT,BUY,DIP_BUY,94.29,0.0,99.0045,108.4335,93.20165,21.4,43.0,41.5,-17.24,0.268,0,12.8,55.6,83.0,RANGE,0.0,0,0,0,1,1.2090359529112318,0.8590518612790352,0.307,0.266,1.047,0.744,,0.0,0,RS_LOW,"[""shadow_rs_low"", ""shadow_regime_bad""]",0,1
615,2026-08-24T04:29:57.508309+00:00,ZECUSDT,BUY,DIP_BUY,834.451,0.0,876.17355,959.61865,823.58737,14.2,20.0,17.5,-18.64,0.202,0,8.5,55.6,83.0,RANGE,0.0,0,0,0,1,1.611718363331095,1.110550529629667,0.079,0.061,1.238,0.853,,0.0,0,RS_LOW,"[""shadow_rs_low"", ""shadow_regime_bad""]",0,1
616,2026-08-24T04:30:01.161022+00:00,DOGEUSDT,BUY,DIP_BUY,0.09213,0.0,0.0967365,0.1059495,0.09069425,43.7,28.4,33.9,45.16,0.614,0,26.2,55.6,83.0,RANGE,0.0,0,0,0,1,1.0637143167263592,0.8574839900141095,-0.418,-0.268,0.683,0.55,,0.0,0,RS_OK,"[""shadow_rs_ok"", ""shadow_regime_bad""]",0,0
617,2026-08-24T04:31:03.515436+00:00,GRVTUSDT,BUY,DIP_BUY,0.2218,0.0,0.23289,0.25507,0.2178055,21.7,20.2,21.8,-15.0,-0.102,0,13.0,55.6,83.0,RANGE,0.0,0,0,0,1,0.0,1.3976555455365156,-1.092,-0.606,0.0,0.776,,0.0,0,RS_LOW,"[""shadow_rs_low"", ""shadow_regime_bad""]",0,0
618,2026-08-24T05:13:59.863674+00:00,TRUMPUSDT,BUY,DIP_BUY,2.513,0.0,2.63865,2.88995,2.462625,40.3,22.4,34.9,55.86,0.315,0,24.2,55.6,83.0,RANGE,0.0,0,0,0,1,0.31834460803820164,2.0692399522483105,-2.005,-1.0,0.159,1.032,,0.0,0,RS_LOW,"[""shadow_rs_low"", ""shadow_regime_bad""]",0,0
619,2026-08-24T05:14:01.350214+00:00,BNBUSDT,BUY,DIP_BUY,699.264,0.0,734.2272,804.1536,691.17277,37.1,26.2,44.8,9.05,0.094,0,22.3,55.6,83.0,RANGE,0.0,0,0,0,1,0.5501498718652726,0.4666334889255036,0.004,0.003,0.475,0.403,,0.0,0,RS_LOW,"[""shadow_rs_low"", ""shadow_regime_bad""]",0,1
620,2026-08-24T05:14:05.735578+00:00,SUIUSDT,BUY,DIP_BUY,0.8312,0.0,0.87276,0.95588,0.816696,40.4,33.9,47.3,17.13,0.053,0,24.2,55.6,83.0,RANGE,0.0,0,0,0,1,0.5654475457170267,1.7564966313763302,-1.745,-1.0,0.324,1.007,,0.0,0,RS_LOW,"[""shadow_rs_low"", ""shadow_regime_bad""]",0,0
621,2026-08-24T05:14:14.665835+00:00,NEARUSDT,BUY,DIP_BUY,2.0291,0.0,2.130555,2.333465,1.98204,20.1,20.0,22.5,-8.57,0.993,0,12.1,55.6,83.0,RANGE,0.0,0,0,0,1,0.3794785865654634,2.380365679365247,-2.319,-1.0,0.164,1.026,,0.0,0,RS_OK,"[""shadow_rs_ok"", ""shadow_regime_bad""]",0,0
622,2026-08-24T05:14:21.303106+00:00,AVAXUSDT,BUY,DIP_BUY,7.525,0.0,7.90125,8.65375,7.41872,20.1,29.7,24.5,0.2,-0.085,0,12.1,55.6,83.0,RANGE,0.0,0,0,0,1,0.0398671096345412,1.1428571428571468,-1.119,-0.792,0.028,0.809,,0.0,0,RS_LOW,"[""shadow_rs_low"", ""shadow_regime_bad""]",0,0
623,2026-08-24T05:14:24.270039+00:00,TAOUSDT,BUY,DIP_BUY,236.72,0.0,248.556,272.228,232.7504,46.3,26.4,36.8,44.4,0.404,0,27.8,55.6,83.0,RANGE,0.0,0,0,0,1,0.5533964177086863,1.6137208516390642,-1.365,-0.814,0.33,0.962,,0.0,0,RS_LOW,"[""shadow_rs_low"", ""shadow_regime_bad""]",0,0
624,2026-08-24T05:14:27.158773+00:00,BCHUSDT,BUY,DIP_BUY,270.38,0.0,283.899,310.937,267.058,47.0,35.1,34.5,214.57,0.34,0,28.2,55.6,83.0,RANGE,0.0,0,0,0,1,0.2477993934462667,1.4091278940750063,-0.788,-0.641,0.202,1.147,,0.0,0,RS_LOW,"[""shadow_rs_low"", ""shadow_regime_bad""]",0,0
625,2026-08-24T05:14:30.038101+00:00,ONDOUSDT,BUY,DIP_BUY,0.3752,0.0,0.39396,0.43148,0.36774205,48.3,29.2,37.5,70.86,0.638,0,29.0,55.6,83.0,RANGE,0.0,0,0,0,1,0.17324093816632183,1.4205756929637532,-0.746,-0.375,0.087,0.715,,0.0,0,RS_OK,"[""shadow_rs_ok"", ""shadow_regime_bad""]",0,0
626,2026-08-24T05:14:41.699343+00:00,DOTUSDT,BUY,DIP_BUY,0.9171,0.0,0.962955,1.054665,0.902266,46.7,35.3,38.8,33.99,0.462,0,28.0,55.6,83.0,RANGE,0.0,0,0,0,1,0.09813542688910826,1.6683022571148163,-1.617,-1.0,0.061,1.031,,0.0,0,RS_LOW,"[""shadow_rs_low"", ""shadow_regime_bad""]",0,0
627,2026-08-24T05:14:59.367367+00:00,BOMEUSDT,BUY,DIP_BUY,0.0011596,0.0,0.00121758,0.00133354,0.00114415,47.6,27.5,39.2,172.74,0.559,0,28.6,55.6,83.0,RANGE,0.0,0,0,0,1,0.2673335632976907,1.4056571231459045,-1.332,-1.0,0.201,1.055,,0.0,0,RS_OK,"[""shadow_rs_ok"", ""shadow_regime_bad""]",0,0
628,2026-08-24T05:15:04.151454+00:00,POLUSDT,BUY,DIP_BUY,0.1075,0.0,0.112875,0.123625,0.105669,25.9,20.0,26.7,-17.46,0.749,0,15.5,55.6,83.0,RANGE,0.0,0,0,0,1,2.325581395348839,0.9302325581395358,0.173,0.102,1.365,0.546,,0.0,0,RS_OK,"[""shadow_rs_ok"", ""shadow_regime_bad""]",0,1
629,2026-08-24T05:15:20.589579+00:00,ZORAUSDT,BUY,DIP_BUY,0.006818,0.0,0.0071589,0.0078407,0.00668839,50.3,33.2,37.2,229.65,0.842,0,44.3,55.6,83.0,RANGE,0.0,0,0,0,1,0.4400117336462253,1.1000293341155825,-0.996,-0.524,0.231,0.579,,0.0,0,RS_OK,"[""shadow_rs_ok"", ""shadow_regime_bad""]",0,0
630,2026-08-24T05:15:35.668563+00:00,ATOMUSDT,BUY,DIP_BUY,1.5824,0.0,1.66152,1.81976,1.56016,48.1,35.2,35.4,190.93,0.402,0,28.9,55.6,83.0,RANGE,0.0,0,0,0,1,0.0,0.7583417593528824,-0.716,-0.509,0.0,0.54,,0.0,0,RS_LOW,"[""shadow_rs_low"", ""shadow_regime_bad""]",0,0
631,2026-08-24T05:15:46.895784+00:00,MELANIAUSDT,BUY,DIP_BUY,0.10466,0.0,0.109893,0.120359,0.1031417,42.4,22.6,44.4,182.16,-0.122,0,25.4,55.6,83.0,RANGE,0.0,0,0,0,1,0.2961972100133679,1.4141028090961294,-0.65,-0.448,0.204,0.975,,0.0,0,RS_LOW,"[""shadow_rs_low"", ""shadow_regime_bad""]",0,0
632,2026-08-24T05:15:55.919681+00:00,SUSDT,BUY,DIP_BUY,0.02777,0.0,0.0291585,0.0319355,0.0273227,16.6,28.0,19.9,-62.74,0.04,0,10.0,55.6,83.0,RANGE,0.0,0,0,0,1,1.332373064458044,0.4321209938782808,0.026,0.016,0.827,0.268,,0.0,0,RS_LOW,"[""shadow_rs_low"", ""shadow_regime_bad""]",0,1
633,2026-08-24T06:41:26.974310+00:00,ACEUSDT,BUY,DIP_BUY,0.24036,0.0,0.252378,0.276414,0.238402,51.0,52.2,49.1,7361.71,0.209,0,44.9,55.6,83.0,RANGE,0.0,0,0,0,1,0.8071226493592933,1.8555500083208487,-0.815,-1.0,0.991,2.278,,0.0,0,RS_LOW,"[""shadow_rs_low"", ""shadow_regime_bad"", ""shadow_hour_weak""]",0,0
634,2026-08-24T06:41:54.562735+00:00,FFUSDT,BUY,DIP_BUY,0.0896,0.0,0.09408,0.10304,0.08860475,41.7,20.3,52.2,46.86,0.082,0,25.0,55.6,83.0,RANGE,0.0,0,0,0,1,2.2879464285714244,0.4352678571428588,1.604,1.444,2.06,0.392,,0.0,0,RS_LOW,"[""shadow_rs_low"", ""shadow_regime_bad"", ""shadow_hour_weak""]",0,1
635,2026-08-24T09:04:48.493504+00:00,BTCUSDT,BUY,DIP_BUY,77169.3,0.0,81027.765,88744.695,76456.2975,12.1,18.5,16.4,-63.42,0.0,0,7.3,55.6,83.0,RANGE,0.0,0,0,0,1,1.0764643452771985,0.0020733633711927163,0.617,0.668,1.165,0.002,,0.0,0,RS_LOW,"[""shadow_rs_low"", ""shadow_regime_bad"", ""shadow_hour_weak""]",0,1
636,2026-08-24T09:04:49.449577+00:00,ETHUSDT,BUY,DIP_BUY,2459.99,0.0,2582.9895,2828.9885,2424.0588,19.1,43.0,38.0,-32.87,0.005,0,11.5,55.6,83.0,RANGE,0.0,0,0,0,1,1.1597608120358296,0.2613831763543688,0.32,0.219,0.794,0.179,,0.0,0,RS_LOW,"[""shadow_rs_low"", ""shadow_regime_bad"", ""shadow_hour_weak""]",0,1
637,2026-08-24T09:04:51.942696+00:00,AAVEUSDT,BUY,DIP_BUY,139.576,0.0,146.5548,160.5124,136.497085,44.3,22.9,28.4,13.55,0.486,0,26.6,55.6,83.0,RANGE,0.0,0,0,0,1,1.4515389465237651,2.263999541468445,-2.206,-1.0,0.658,1.026,,0.0,0,RS_LOW,"[""shadow_rs_low"", ""shadow_regime_bad"", ""shadow_hour_weak""]",0,0
638,2026-08-24T09:04:53.511070+00:00,UNIUSDT,BUY,DIP_BUY,4.34,0.0,4.557,4.991,4.295415,21.8,43.0,35.1,-12.29,0.074,0,13.1,55.6,83.0,RANGE,0.0,0,0,0,1,1.0368663594470031,0.4423963133640475,-0.281,-0.274,1.009,0.431,,0.0,0,RS_LOW,"[""shadow_rs_low"", ""shadow_regime_bad"", ""shadow_hour_weak""]",0,0
639,2026-08-24T09:05:00.874368+00:00,TAOUSDT,BUY,DIP_BUY,233.64,0.0,245.322,268.686,229.845,22.6,34.7,19.8,-14.97,0.205,0,13.6,55.6,83.0,RANGE,0.0,0,0,0,1,2.465331278890609,0.0,1.09,0.671,1.518,0.0,,0.0,0,RS_LOW,"[""shadow_rs_low"", ""shadow_regime_bad"", ""shadow_hour_weak""]",0,1
640,2026-08-24T09:05:18.558906+00:00,FILUSDT,BUY,DIP_BUY,0.752,0.0,0.7896,0.8648,0.739484,58.9,30.2,49.4,63.1,0.186,1,51.8,55.6,83.0,RANGE,0.0,0,0,0,1,1.1436170212766026,0.0,0.528,0.317,0.687,0.0,,0.0,0,RS_LOW,"[""shadow_rs_low"", ""shadow_regime_bad"", ""shadow_hour_weak""]",0,1
641,2026-08-24T09:05:22.169073+00:00,BOMEUSDT,BUY,DIP_BUY,0.00115,0.0,0.0012075,0.0013225,0.00112972,22.0,18.1,13.6,-18.88,0.303,0,13.2,55.6,83.0,RANGE,0.0,0,0,0,1,1.0260869565217359,0.10434782608695906,0.301,0.171,0.582,0.059,,0.0,0,RS_LOW,"[""shadow_rs_low"", ""shadow_regime_bad"", ""shadow_hour_weak""]",0,1
642,2026-08-24T09:05:30.764920+00:00,JUPUSDT,BUY,DIP_BUY,0.2071,0.0,0.217455,0.238165,0.2028805,17.2,35.2,15.1,-84.46,0.303,0,10.3,55.6,83.0,RANGE,0.0,0,0,0,1,0.8208594881699696,0.19314340898117405,0.19,0.093,0.403,0.095,,0.0,0,RS_LOW,"[""shadow_rs_low"", ""shadow_regime_bad"", ""shadow_hour_weak""]",0,1
643,2026-08-24T09:05:53.263072+00:00,ZENUSDT,BUY,VWAP_RECLAIM,5.504,0.0,5.69664,5.94432,5.44745408,40.4,49.9,30.2,-78.59,0.635,1,24.2,55.6,83.0,RANGE,0.0,0,0,0,1,1.1446220930232671,0.0,0.167,0.163,1.114,0.0,,0.0,0,RS_OK,"[""shadow_rs_ok"", ""shadow_regime_bad"", ""shadow_hour_weak""]",0,1
644,2026-08-24T09:26:19.134133+00:00,BCHUSDT,BUY,DIP_BUY,269.53,0.0,283.0065,309.9595,264.44115,19.6,20.0,14.3,-63.19,0.63,0,11.8,55.6,83.0,RANGE,0.0,0,0,0,1,0.7717137238897492,0.0,0.171,0.091,0.409,0.0,,0.0,0,RS_OK,"[""shadow_rs_ok"", ""shadow_regime_bad"", ""shadow_hour_weak""]",0,1
645,2026-08-24T10:12:01.660354+00:00,ZORAUSDT,BUY,VWAP_RECLAIM,0.006811,0.0,0.00704939,0.00735588,0.00670977,39.0,20.8,46.5,36.43,0.766,0,23.4,55.6,83.0,RANGE,0.0,0,0,0,1,0.9690207018059035,1.4388489208633093,-0.645,-0.434,0.652,0.968,,0.0,0,RS_OK,"[""shadow_rs_ok"", ""shadow_regime_bad""]",0,0
646,2026-08-24T10:12:35.924457+00:00,IMXUSDT,BUY,DIP_BUY,0.1294,0.0,0.13587,0.14881,0.1282555,40.5,26.1,48.6,102.89,0.034,0,24.3,55.6,83.0,RANGE,0.0,0,0,0,1,0.0,1.081916537867067,-0.884,-0.999,0.0,1.223,,0.0,0,RS_LOW,"[""shadow_rs_low"", ""shadow_regime_bad""]",0,0
647,2026-08-24T10:55:00.916770+00:00,MELANIAUSDT,BUY,DIP_BUY,0.1081,0.0,0.113505,0.124315,0.1061466,16.8,21.5,27.4,-62.44,0.336,0,10.1,55.6,83.0,RANGE,0.0,0,0,0,1,1.9981498612395885,1.0453283996299778,0.361,0.2,1.106,0.578,,0.0,0,RS_LOW,"[""shadow_rs_low"", ""shadow_regime_bad""]",0,1
648,2026-08-24T11:18:02.817182+00:00,GRAMUSDT,BUY,DIP_BUY,1.472,0.0,1.5456,1.6928,1.459665,11.3,11.0,22.0,-42.3,-0.083,0,6.8,55.6,83.0,RANGE,0.0,0,0,0,1,1.2907608695652262,0.2038043478260796,0.505,0.603,1.54,0.243,,0.0,0,RS_LOW,"[""shadow_rs_low"", ""shadow_regime_bad"", ""shadow_hour_weak""]",0,1
649,2026-08-24T11:18:34.116276+00:00,FFUSDT,BUY,DIP_BUY,0.08866,0.0,0.093093,0.101959,0.0866048,31.4,18.9,17.0,1.02,1.512,0,18.8,55.6,83.0,RANGE,0.0,0,0,0,1,0.0,3.000225580870753,-2.318,-1.0,0.0,1.294,,0.0,0,RS_OK,"[""shadow_rs_ok"", ""shadow_regime_bad"", ""shadow_hour_weak""]",0,0
650,2026-08-24T11:47:54.296013+00:00,BOMEUSDT,BUY,DIP_BUY,0.0011615,0.0,0.00121958,0.00133572,0.00113231,24.9,38.0,39.1,-18.73,0.567,0,14.9,64.6,83.0,RANGE,0.0,0,0,0,1,0.24967714162719826,1.5669393026259062,-0.83,-0.33,0.099,0.624,,0.0,0,RS_OK,"[""shadow_rs_ok"", ""shadow_regime_bad"", ""shadow_hour_weak""]",0,0
651,2026-08-24T14:07:45.259094+00:00,PYTHUSDT,BUY,DIP_BUY,0.05,0.0,0.0525,0.0575,0.0490734,50.2,39.6,27.3,134.91,0.659,0,44.2,55.6,83.0,RANGE,0.0,0,0,0,1,2.819999999999989,0.0,1.821,0.983,1.522,0.0,,0.0,0,RS_OK,"[""shadow_rs_ok"", ""shadow_regime_bad""]",0,1
652,2026-08-24T14:08:22.556313+00:00,FILUSDT,BUY,DIP_BUY,0.7552,0.0,0.79296,0.86848,0.744061,42.7,20.3,43.0,14.61,-0.111,0,25.6,55.6,83.0,RANGE,0.0,0,0,0,1,2.2510593220339,0.0,1.198,0.812,1.526,0.0,,0.0,0,RS_LOW,"[""shadow_rs_low"", ""shadow_regime_bad""]",0,1
653,2026-08-24T14:09:03.199808+00:00,ZORAUSDT,BUY,DIP_BUY,0.006761,0.0,0.00709905,0.00777515,0.00661874,49.9,51.1,50.2,240.73,-0.117,0,29.9,55.6,83.0,RANGE,0.0,0,0,0,1,2.2629788492826557,0.0,1.342,0.638,1.076,0.0,,0.0,0,RS_LOW,"[""shadow_rs_low"", ""shadow_regime_bad""]",0,1
654,2026-08-24T14:57:31.985826+00:00,PAXGUSDT,BUY,DIP_BUY,4666.43,0.0,4899.7515,5366.3945,4628.63055,13.0,11.0,23.0,-28.22,-0.924,0,7.8,60.1,83.0,RANGE,0.0,0,0,0,1,0.13350677070050473,0.6163169703606444,-0.371,-0.458,0.165,0.761,,0.0,0,RS_LOW,"[""shadow_rs_low"", ""shadow_regime_bad""]",0,0
655,2026-08-24T16:08:47.913041+00:00,ZECUSDT,BUY,DIP_BUY,841.794,0.0,883.8837,968.0631,826.90868,15.5,20.0,11.9,-40.6,0.438,0,9.3,55.6,83.0,RANGE,0.0,0,0,0,1,0.5990776840889822,3.020810317013423,-1.768,-1.0,0.339,1.708,,0.0,0,RS_LOW,"[""shadow_rs_low"", ""shadow_regime_bad""]",0,0
656,2026-08-24T16:08:54.286074+00:00,AAVEUSDT,BUY,DIP_BUY,135.389,0.0,142.15845,155.69735,132.53201,36.4,21.5,26.3,13.63,0.142,0,21.8,55.6,83.0,RANGE,0.0,0,0,0,1,0.9624120127927654,2.0215822555746943,-1.102,-0.522,0.456,0.958,,0.0,0,RS_LOW,"[""shadow_rs_low"", ""shadow_regime_bad""]",0,0
657,2026-08-24T16:09:00.719709+00:00,UNIUSDT,BUY,DIP_BUY,4.3559,0.0,4.573695,5.009285,4.2778035,19.6,20.4,16.0,2.11,0.389,0,11.8,55.6,83.0,RANGE,0.0,0,0,0,1,0.4430772056291539,2.68371633875893,-1.793,-1.0,0.247,1.497,,0.0,0,RS_LOW,"[""shadow_rs_low"", ""shadow_regime_bad""]",0,0
658,2026-08-24T16:09:05.706794+00:00,TRXUSDT,BUY,DIP_BUY,0.3437,0.0,0.360885,0.395255,0.341484,10.3,10.0,11.0,-40.01,-0.336,0,6.2,55.6,83.0,RANGE,0.0,0,0,0,1,0.05819028222286238,0.37823683444865386,-0.303,-0.47,0.09,0.587,,0.0,0,RS_LOW,"[""shadow_rs_low"", ""shadow_regime_bad""]",0,0
659,2026-08-24T16:09:12.275050+00:00,BCHUSDT,BUY,DIP_BUY,275.89,0.0,289.6845,317.2735,271.5753,38.9,24.4,27.8,41.81,0.425,0,23.3,55.6,83.0,RANGE,0.0,0,0,0,1,0.4965747218094185,3.229548008264152,-1.564,-1.0,0.318,2.065,,0.0,0,RS_LOW,"[""shadow_rs_low"", ""shadow_regime_bad""]",0,0
660,2026-08-24T16:09:15.735442+00:00,ONDOUSDT,BUY,DIP_BUY,0.37949,0.0,0.3984645,0.4364135,0.37303545,28.6,19.1,21.1,4.74,0.296,0,17.2,55.6,83.0,RANGE,0.0,0,0,0,1,0.943371366834443,1.6100556009381022,-0.942,-0.554,0.555,0.947,,0.0,0,RS_LOW,"[""shadow_rs_low"", ""shadow_regime_bad""]",0,0
661,2026-08-24T16:09:27.027900+00:00,DOTUSDT,BUY,DIP_BUY,0.9132,0.0,0.95886,1.05018,0.8993805,35.9,21.6,27.7,13.0,0.335,0,21.5,55.6,83.0,RANGE,0.0,0,0,0,1,0.7008322382829567,1.8177836180464364,-1.513,-1.0,0.463,1.201,,0.0,0,RS_LOW,"[""shadow_rs_low"", ""shadow_regime_bad""]",0,0
662,2026-08-24T16:10:07.150739+00:00,JUPUSDT,BUY,DIP_BUY,0.2131,0.0,0.223755,0.245065,0.2096465,42.4,29.9,39.4,45.05,0.561,0,25.4,55.6,83.0,RANGE,0.0,0,0,0,1,0.4223369310182938,2.768653214453316,-1.621,-1.0,0.261,1.708,,0.0,0,RS_OK,"[""shadow_rs_ok"", ""shadow_regime_bad""]",0,0
663,2026-08-24T16:10:23.065963+00:00,ATOMUSDT,BUY,DIP_BUY,1.5638,0.0,1.64199,1.79837,1.544837,21.3,20.6,28.0,3.71,-0.032,0,12.8,55.6,83.0,RANGE,0.0,0,0,0,1,0.3964701368461429,1.285330604936693,-1.213,-1.0,0.327,1.06,,0.0,0,RS_LOW,"[""shadow_rs_low"", ""shadow_regime_bad""]",0,0
664,2026-08-24T18:20:46.553836+00:00,LINKUSDT,BUY,DIP_BUY,11.5717,0.0,12.150285,13.307455,11.364691,43.0,43.5,35.5,3.41,0.361,1,25.8,55.6,83.0,RANGE,0.0,0,0,0,1,0.9497308087834947,0.6109733228479862,0.136,0.076,0.531,0.342,,0.0,0,RS_LOW,"[""shadow_rs_low"", ""shadow_regime_bad""]",0,1
665,2026-08-24T19:09:05.712127+00:00,RSRUSDT,BUY,DIP_BUY,0.001458,0.0,0.0015309,0.0016767,0.00144574,46.2,33.7,44.3,176.22,0.298,0,27.7,55.6,83.0,RANGE,0.0,0,0,0,1,0.3429355281207142,0.6858710562414284,-0.216,-0.257,0.408,0.816,,0.0,0,RS_LOW,"[""shadow_rs_low"", ""shadow_regime_bad"", ""shadow_hour_weak""]",0,0
666,2026-08-24T19:40:17.178826+00:00,ETHUSDT,BUY,VWAP_RECLAIM,2473.82,0.0,2560.4037,2671.7256,2445.45355424,11.2,18.0,17.1,-53.67,0.059,0,6.7,55.6,83.0,RANGE,0.0,0,0,0,1,0.6540492032564954,0.3662352151732925,0.237,0.207,0.57,0.319,,0.0,0,RS_LOW,"[""shadow_rs_low"", ""shadow_regime_bad"", ""shadow_hour_weak""]",0,1
667,2026-08-24T19:40:30.572984+00:00,BCHUSDT,BUY,DIP_BUY,270.59,0.0,284.1195,311.1785,267.38635,49.5,40.0,37.3,628.21,0.625,0,29.7,55.6,83.0,RANGE,0.0,0,0,0,1,0.5395616985106754,0.7169518459662212,-0.027,-0.023,0.456,0.606,,0.0,0,RS_OK,"[""shadow_rs_ok"", ""shadow_regime_bad"", ""shadow_hour_weak""]",0,0
668,2026-08-24T19:41:03.228112+00:00,BOMEUSDT,BUY,DIP_BUY,0.001124,0.0,0.0011802,0.0012926,0.00110355,22.7,24.3,16.5,-35.28,0.89,0,13.6,55.6,83.0,RANGE,0.0,0,0,0,1,1.556939501779354,0.8007117437722324,1.035,0.569,0.856,0.44,,0.0,0,RS_OK,"[""shadow_rs_ok"", ""shadow_regime_bad"", ""shadow_hour_weak""]",0,1
669,2026-08-24T19:41:04.401035+00:00,JTOUSDT,BUY,DIP_BUY,0.56,0.0,0.588,0.644,0.550235,40.2,25.4,24.2,-11.45,0.577,1,24.1,55.6,83.0,RANGE,0.0,0,0,0,1,0.8928571428571237,0.35714285714285743,0.434,0.249,0.512,0.205,,0.0,0,RS_OK,"[""shadow_rs_ok"", ""shadow_regime_bad"", ""shadow_hour_weak""]",0,1
670,2026-08-24T19:41:07.986753+00:00,JUPUSDT,BUY,DIP_BUY,0.2054,0.0,0.21567,0.23621,0.2024825,46.9,29.3,43.2,119.91,0.527,0,28.1,55.6,83.0,RANGE,0.0,0,0,0,1,3.359298928919177,0.34079844206426785,2.66,1.873,2.365,0.24,,0.0,0,RS_OK,"[""shadow_rs_ok"", ""shadow_regime_bad"", ""shadow_hour_weak""]",0,1
671,2026-08-24T19:41:24.640823+00:00,EIGENUSDT,BUY,DIP_BUY,0.2224,0.0,0.23352,0.25576,0.2188005,15.4,18.0,13.6,-59.1,0.808,0,9.2,55.6,83.0,RANGE,0.0,0,0,0,1,1.079136690647488,0.5845323741007176,0.646,0.399,0.667,0.361,,0.0,0,RS_OK,"[""shadow_rs_ok"", ""shadow_regime_bad"", ""shadow_hour_weak""]",0,1
672,2026-08-24T19:41:25.831712+00:00,ENSUSDT,BUY,DIP_BUY,5.87,0.0,6.1635,6.7505,5.75309,49.9,32.8,41.1,161.18,0.932,0,29.9,55.6,83.0,RANGE,0.0,0,0,0,1,0.0,1.7035775127768402,-0.883,-0.443,0.0,0.855,,0.0,0,RS_OK,"[""shadow_rs_ok"", ""shadow_regime_bad"", ""shadow_hour_weak""]",0,0
673,2026-08-24T19:41:31.152801+00:00,MELANIAUSDT,BUY,DIP_BUY,0.10666,0.0,0.111993,0.122659,0.105072,18.2,18.0,13.0,-44.09,0.518,0,10.9,55.6,83.0,RANGE,0.0,0,0,0,1,2.2782673917119833,0.6375398462403901,1.342,0.901,1.53,0.428,,0.0,0,RS_OK,"[""shadow_rs_ok"", ""shadow_regime_bad"", ""shadow_hour_weak""]",0,1
674,2026-08-24T20:02:49.300362+00:00,NEARUSDT,BUY,DIP_BUY,1.9327,0.0,2.029335,2.222605,1.918161,36.1,22.9,36.7,35.44,0.343,0,21.7,55.6,83.0,RANGE,0.0,0,0,0,1,1.381487038857554,0.0,0.434,0.577,1.836,0.0,,0.0,0,RS_LOW,"[""shadow_rs_low"", ""shadow_regime_bad""]",0,1
675,2026-08-24T20:03:00.980046+00:00,PAXGUSDT,BUY,DIP_BUY,4647.7,0.0,4880.085,5344.855,4608.45195,16.7,35.0,33.8,-52.5,0.173,0,10.0,55.6,83.0,RANGE,0.0,0,0,0,1,0.051853605008926024,0.12952643242893316,-0.072,-0.085,0.061,0.153,,0.0,0,RS_LOW,"[""shadow_rs_low"", ""shadow_regime_bad""]",0,0
676,2026-08-24T20:04:06.591735+00:00,DOSUSDT,BUY,DIP_BUY,0.228,0.0,0.2394,0.2622,0.2255665,15.7,18.0,25.1,-3.56,0.459,0,9.4,55.6,83.0,RANGE,0.0,0,0,0,1,1.8421052631578867,0.043859649122814356,0.555,0.52,1.726,0.041,,0.0,0,RS_LOW,"[""shadow_rs_low"", ""shadow_regime_bad""]",0,1
677,2026-08-24T20:42:18.158069+00:00,PYTHUSDT,BUY,DIP_BUY,0.04935,0.0,0.0518175,0.0567525,0.04866545,34.3,9.4,37.0,17.13,-0.152,0,20.6,55.6,83.0,RANGE,0.0,0,0,0,1,1.195542046605877,0.4660587639311065,0.983,0.709,0.862,0.336,,0.0,0,RS_LOW,"[""shadow_rs_low"", ""shadow_regime_bad""]",0,1
678,2026-08-24T21:08:52.698024+00:00,SEIUSDT,BUY,DIP_BUY,0.04712,0.0,0.049476,0.054188,0.04633715,36.6,47.0,42.4,-20.32,0.261,1,22.0,55.6,83.0,RANGE,0.0,0,0,0,1,0.3395585738539907,0.3395585738539907,-0.306,-0.184,0.204,0.204,,0.0,0,RS_LOW,"[""shadow_rs_low"", ""shadow_regime_bad"", ""shadow_hour_weak""]",0,0
679,2026-08-24T21:42:02.994310+00:00,DOTUSDT,BUY,DIP_BUY,0.9053,0.0,0.950565,1.041095,0.899281,49.1,20.7,45.0,36.46,-0.018,1,29.5,55.6,83.0,RANGE,0.0,0,0,0,1,0.044184248315470666,0.6738097868110013,-0.665,-1.0,0.066,1.013,,0.0,0,RS_LOW,"[""shadow_rs_low"", ""shadow_regime_bad"", ""shadow_hour_weak""]",0,0
680,2026-08-24T21:44:07.682598+00:00,ATOMUSDT,BUY,DIP_BUY,1.547,0.0,1.62435,1.77905,1.529116,28.2,37.0,26.6,-43.73,0.556,0,16.9,55.6,83.0,RANGE,0.0,0,0,0,1,0.0,1.2217194570135692,-1.156,-1.0,0.0,1.057,,0.0,0,RS_OK,"[""shadow_rs_ok"", ""shadow_regime_bad"", ""shadow_hour_weak""]",0,0
681,2026-08-24T21:44:43.910977+00:00,ONGUSDT,BUY,DIP_BUY,0.071769,0.0,0.07535745,0.08253435,0.07038232,33.6,32.0,17.1,0.0,0.473,1,20.2,55.6,83.0,RANGE,0.0,0,1,1,1,16.285582911842166,0.0,12.725,6.586,8.429,0.0,,0.0,0,RS_LOW,"[""shadow_rs_low"", ""shadow_regime_bad"", ""shadow_hour_weak""]",1,1
682,2026-08-24T22:37:51.623792+00:00,JTOUSDT,BUY,DIP_BUY,0.566,0.0,0.5943,0.6509,0.55919,24.2,18.0,21.4,-37.75,0.873,0,14.5,55.6,83.0,RANGE,0.0,0,0,0,1,2.8268551236749144,0.3533568904593643,1.843,1.532,2.349,0.294,,0.0,0,RS_OK,"[""shadow_rs_ok"", ""shadow_regime_bad""]",0,1
683,2026-08-24T22:58:45.666757+00:00,POLUSDT,BUY,DIP_BUY,0.1132,0.0,0.11886,0.13018,0.111639,37.6,19.3,43.2,10.8,0.58,0,22.6,55.6,83.0,RANGE,0.0,0,0,0,1,3.180212014134281,0.5300353356890366,1.754,1.272,2.306,0.384,,0.0,0,RS_OK,"[""shadow_rs_ok"", ""shadow_regime_bad""]",0,1
684,2026-08-24T23:24:14.879621+00:00,BTCUSDT,BUY,DIP_BUY,78857.7,0.0,82800.585,90686.355,78236.253,39.0,28.5,55.4,10.17,0.0,0,23.4,55.6,83.0,RANGE,0.0,0,0,0,1,3.0582936098821003,0.1675169323984738,2.201,2.793,3.881,0.213,,0.0,0,RS_LOW,"[""shadow_rs_low"", ""shadow_regime_bad""]",0,1
685,2026-08-24T23:24:38.156578+00:00,FETUSDT,BUY,DIP_BUY,0.1727,0.0,0.181335,0.198605,0.1706425,20.2,40.0,38.1,-14.31,0.011,0,12.1,55.6,83.0,RANGE,0.0,0,0,0,1,3.3005211349160457,0.8106543138390184,1.96,1.645,2.77,0.68,,0.0,0,RS_LOW,"[""shadow_rs_low"", ""shadow_regime_bad""]",0,1
686,2026-08-24T23:24:40.136503+00:00,DOTUSDT,BUY,DIP_BUY,0.8963,0.0,0.941115,1.030745,0.885152,14.8,13.8,13.8,0.68,-0.053,0,8.9,55.6,83.0,RANGE,0.0,0,0,0,1,1.6177619100747596,0.25661050987392264,0.736,0.592,1.301,0.206,,0.0,0,RS_LOW,"[""shadow_rs_low"", ""shadow_regime_bad""]",0,1
687,2026-08-24T23:24:50.554242+00:00,FILUSDT,BUY,DIP_BUY,0.7516,0.0,0.78918,0.86434,0.744061,37.5,20.8,37.0,79.52,-0.008,0,22.5,55.6,83.0,RANGE,0.0,0,0,0,1,1.5832889835018509,0.399148483235764,0.657,0.655,1.578,0.398,,0.0,0,RS_LOW,"[""shadow_rs_low"", ""shadow_regime_bad""]",0,1
688,2026-08-24T23:25:00.729993+00:00,SUPERUSDT,BUY,DIP_BUY,0.1179,0.0,0.123795,0.135585,0.116415,23.6,19.0,16.9,-15.86,0.462,0,14.2,55.6,83.0,RANGE,0.0,0,1,0,1,5.682782018659879,0.5937234944868585,3.968,3.15,4.512,0.471,,0.0,0,RS_LOW,"[""shadow_rs_low"", ""shadow_regime_bad""]",1,1
689,2026-08-24T23:25:11.608699+00:00,JUPUSDT,BUY,VWAP_RECLAIM,0.2094,0.0,0.216729,0.226152,0.20724874,14.6,22.5,13.5,-29.96,-0.221,0,8.8,55.6,83.0,RANGE,0.0,0,1,0,1,6.064947468958925,0.09551098376313549,4.231,4.119,5.904,0.093,,0.0,0,RS_LOW,"[""shadow_rs_low"", ""shadow_regime_bad""]",1,1
690,2026-08-24T23:44:02.428292+00:00,LITUSDT,BUY,DIP_BUY,3.386,0.0,3.5553,3.8939,3.346185,31.3,15.0,24.0,-67.05,-0.275,1,18.8,55.6,83.0,RANGE,0.0,0,0,0,1,2.126402835203782,1.1222681630242248,0.032,0.027,1.808,0.954,,0.0,0,RS_LOW,"[""shadow_rs_low"", ""shadow_regime_bad""]",0,1
691,2026-08-24T23:44:13.847583+00:00,AVAXUSDT,BUY,DIP_BUY,7.545,0.0,7.92225,8.67675,7.4625,44.5,37.9,54.8,52.13,0.054,0,26.7,55.6,83.0,RANGE,0.0,0,0,0,1,2.4917163684559274,0.4373757455268437,1.478,1.352,2.279,0.4,,0.0,0,RS_LOW,"[""shadow_rs_low"", ""shadow_regime_bad""]",0,1
692,2026-08-24T23:44:28.811346+00:00,STORJUSDT,BUY,DIP_BUY,0.0523,0.0,0.054915,0.060145,0.051143,55.3,39.3,60.6,254.01,0.08,1,48.7,55.6,83.0,RANGE,0.0,0,1,1,1,27.724665391969406,0.0,19.485,8.808,12.533,0.0,,0.0,0,RS_LOW,"[""shadow_rs_low"", ""shadow_regime_bad""]",1,1
693,2026-08-24T23:45:13.409452+00:00,EIGENUSDT,BUY,DIP_BUY,0.2208,0.0,0.23184,0.25392,0.215915,18.6,20.8,19.3,-57.74,0.84,0,11.2,55.6,83.0,RANGE,0.0,0,0,0,1,1.8115942028985526,0.4981884057970969,0.696,0.315,0.819,0.225,,0.0,0,RS_OK,"[""shadow_rs_ok"", ""shadow_regime_bad""]",0,1
694,2026-08-25T00:01:08.822450+00:00,PROMUSDT,BUY,DIP_BUY,3.659,0.0,3.84195,4.20785,3.58996,43.9,26.5,38.8,5.06,0.257,1,26.3,55.8,84.0,RANGE,0.0,0,0,0,1,0.0,2.131729980869086,-1.887,-1.0,0.0,1.13,,0.0,0,RS_LOW,"[""shadow_rs_low"", ""shadow_regime_bad"", ""shadow_hour_weak""]",0,0
695,2026-08-25T00:02:15.017168+00:00,ETCUSDT,BUY,DIP_BUY,7.7612,0.0,8.14926,8.92538,7.65752,17.6,23.0,17.2,-35.17,0.099,0,10.6,55.8,84.0,RANGE,0.0,0,0,0,1,1.394114312219761,0.4934803896304638,0.667,0.499,1.044,0.369,,0.0,0,RS_LOW,"[""shadow_rs_low"", ""shadow_regime_bad"", ""shadow_hour_weak""]",0,1
696,2026-08-25T00:02:48.873422+00:00,STXUSDT,BUY,DIP_BUY,0.231,0.0,0.24255,0.26565,0.227855,13.8,20.7,21.2,-67.21,0.124,0,8.3,55.8,84.0,RANGE,0.0,0,1,0,1,5.454545454545454,0.08658008658008905,4.277,3.141,4.006,0.064,,0.0,0,RS_LOW,"[""shadow_rs_low"", ""shadow_regime_bad"", ""shadow_hour_weak""]",1,1
697,2026-08-25T00:03:12.099722+00:00,CAPUSDT,BUY,DIP_BUY,0.068993,0.0,0.07244265,0.07934195,0.06843511,48.7,50.2,41.0,648.07,0.056,0,29.2,55.8,84.0,RANGE,0.0,0,0,0,1,1.1551896569217255,0.4116359630687064,0.21,0.26,1.429,0.509,,0.0,0,RS_LOW,"[""shadow_rs_low"", ""shadow_regime_bad"", ""shadow_hour_weak""]",0,1
698,2026-08-25T02:47:28.421022+00:00,SEIUSDT,BUY,DIP_BUY,0.04802,0.0,0.050421,0.055223,0.04693415,20.0,28.8,20.8,-1.61,0.335,0,12.0,64.8,84.0,RANGE,0.0,0,0,0,1,2.165764264889628,0.6247396917950888,1.206,0.533,0.958,0.276,,0.0,0,RS_LOW,"[""shadow_rs_low"", ""shadow_regime_bad""]",0,1
699,2026-08-25T05:02:14.232219+00:00,CAPUSDT,BUY,DIP_BUY,0.068698,0.0,0.0721329,0.0790027,0.06795551,49.0,39.4,33.3,662.54,0.583,0,29.4,55.8,84.0,RANGE,0.0,0,0,0,1,0.23144778596175486,0.01892340388366346,0.128,0.118,0.214,0.018,,0.0,0,RS_OK,"[""shadow_rs_ok"", ""shadow_regime_bad""]",0,1
700,2026-08-25T05:37:00.220002+00:00,TRUMPUSDT,BUY,DIP_BUY,2.486,0.0,2.6103,2.8589,2.42979,45.8,34.5,40.8,142.52,0.765,0,27.5,60.3,84.0,RANGE,0.0,0,0,0,1,0.5229283990345897,3.2984714400643718,-1.402,-0.62,0.231,1.459,,0.0,0,RS_OK,"[""shadow_rs_ok"", ""shadow_regime_bad""]",0,0
701,2026-08-25T05:38:02.329685+00:00,ENSUSDT,BUY,DIP_BUY,6.003,0.0,6.30315,6.90345,5.879455,49.0,36.9,36.1,165.9,1.05,0,29.4,60.3,84.0,RANGE,0.0,0,0,0,1,0.0666333499916635,2.215558887223055,-2.058,-1.0,0.032,1.077,,0.0,0,RS_OK,"[""shadow_rs_ok"", ""shadow_regime_bad""]",0,0
702,2026-08-25T06:03:40.378843+00:00,AAVEUSDT,BUY,DIP_BUY,132.021,0.0,138.62205,151.82415,129.446515,17.3,40.1,18.7,0.09,0.177,0,10.4,55.8,84.0,RANGE,0.0,0,0,0,1,0.4650775255451817,1.670946288847978,-1.177,-0.604,0.238,0.857,,0.0,0,RS_LOW,"[""shadow_rs_low"", ""shadow_regime_bad"", ""shadow_hour_weak""]",0,0
703,2026-08-25T06:04:05.549330+00:00,DOTUSDT,BUY,DIP_BUY,0.9171,0.0,0.962955,1.054665,0.9113205,22.4,20.1,22.8,1.4,0.114,0,13.4,55.8,84.0,RANGE,0.0,0,0,0,1,0.23988659906225926,0.8396030967179194,-0.63,-1.0,0.381,1.332,,0.0,0,RS_LOW,"[""shadow_rs_low"", ""shadow_regime_bad"", ""shadow_hour_weak""]",0,0
704,2026-08-25T06:04:54.603056+00:00,GRTUSDT,BUY,DIP_BUY,0.01886,0.0,0.019803,0.021689,0.018706,17.6,33.0,28.6,-75.69,0.036,0,10.6,55.8,84.0,RANGE,0.0,0,0,0,1,2.2269353128313907,0.3711558854718831,1.216,1.489,2.727,0.455,,0.0,0,RS_LOW,"[""shadow_rs_low"", ""shadow_regime_bad"", ""shadow_hour_weak""]",0,1
705,2026-08-25T07:03:29.735489+00:00,SOLUSDT,BUY,DIP_BUY,101.12,0.0,106.176,116.288,99.94775,38.1,27.6,40.4,54.76,0.203,0,22.9,55.8,84.0,RANGE,0.0,0,0,0,1,0.8010284810126604,1.5624999999999982,-1.159,-1.0,0.691,1.348,,0.0,0,RS_LOW,"[""shadow_rs_low"", ""shadow_regime_bad""]",0,0
706,2026-08-25T07:03:52.995819+00:00,AVAXUSDT,BUY,DIP_BUY,7.607,0.0,7.98735,8.74805,7.54011,37.6,33.6,36.2,112.43,0.11,0,22.6,55.8,84.0,RANGE,0.0,0,0,0,1,0.21033258840541624,1.2619955304324975,-0.879,-1.0,0.239,1.435,,0.0,0,RS_LOW,"[""shadow_rs_low"", ""shadow_regime_bad""]",0,0
707,2026-08-25T07:03:57.183448+00:00,TAOUSDT,BUY,DIP_BUY,241.27,0.0,253.3335,277.4605,238.3622,12.2,18.1,18.0,-4.86,0.02,0,7.3,55.8,84.0,RANGE,0.0,0,0,0,1,0.4642102209143184,1.9231566295022233,-1.205,-1.0,0.385,1.596,,0.0,0,RS_LOW,"[""shadow_rs_low"", ""shadow_regime_bad""]",0,0
708,2026-08-25T07:04:10.309621+00:00,DGAIUSDT,BUY,DIP_BUY,0.7296,0.0,0.76608,0.83904,0.7175144,38.0,19.7,31.0,13.7,0.406,0,22.8,55.8,84.0,RANGE,0.0,0,0,0,1,0.3481359649122789,3.7198464912280773,-1.656,-1.0,0.21,2.246,,0.0,0,RS_LOW,"[""shadow_rs_low"", ""shadow_regime_bad""]",0,0
709,2026-08-25T07:04:15.637745+00:00,LITUSDT,BUY,DIP_BUY,3.423,0.0,3.59415,3.93645,3.39096,15.6,21.0,15.4,-59.11,0.198,0,9.4,55.8,84.0,RANGE,0.0,0,0,0,1,1.168565585743501,1.2562080046742667,-0.936,-1.0,1.248,1.342,,0.0,0,RS_LOW,"[""shadow_rs_low"", ""shadow_regime_bad""]",0,0
710,2026-08-25T07:04:25.174814+00:00,STORJUSDT,BUY,DIP_BUY,0.0498,0.0,0.05229,0.05727,0.0482575,45.2,23.9,53.5,20.32,0.249,0,27.1,55.8,84.0,RANGE,0.0,0,1,0,1,7.429718875502012,2.2088353413654556,1.0,0.323,2.399,0.713,,0.0,0,RS_LOW,"[""shadow_rs_low"", ""shadow_regime_bad""]",1,1
711,2026-08-25T07:04:35.580736+00:00,SUPERUSDT,BUY,DIP_BUY,0.1181,0.0,0.124005,0.135815,0.1153205,15.1,21.0,19.1,-62.78,0.357,0,9.1,55.8,84.0,RANGE,0.0,0,0,0,1,0.6773920406435301,2.4555461473327687,-2.354,-1.0,0.288,1.043,,0.0,0,RS_LOW,"[""shadow_rs_low"", ""shadow_regime_bad""]",0,0
712,2026-08-25T07:04:40.468987+00:00,JUPUSDT,BUY,DIP_BUY,0.221,0.0,0.23205,0.25415,0.2176065,42.1,22.9,27.4,52.48,0.713,0,25.3,55.8,84.0,RANGE,0.0,0,0,0,1,1.2669683257918538,1.7194570135746596,-1.536,-1.0,0.825,1.12,,0.0,0,RS_OK,"[""shadow_rs_ok"", ""shadow_regime_bad""]",0,0
713,2026-08-25T07:04:56.666589+00:00,GRVTUSDT,BUY,DIP_BUY,0.2069,0.0,0.217245,0.237935,0.2040745,28.1,17.3,37.7,-59.49,-0.057,1,16.9,55.8,84.0,RANGE,0.0,0,0,0,1,0.33832769453842737,1.643305944900925,-1.366,-1.0,0.248,1.203,,0.0,0,RS_LOW,"[""shadow_rs_low"", ""shadow_regime_bad""]",0,0
714,2026-08-25T07:05:14.069053+00:00,RAYUSDT,BUY,VWAP_RECLAIM,0.8238,0.0,0.852633,0.889704,0.80847343,17.4,18.0,12.5,-12.24,0.74,0,10.4,55.8,84.0,RANGE,0.0,0,0,0,1,0.5098324836125251,1.9543578538480217,-1.86,-1.0,0.274,1.05,,0.0,0,RS_OK,"[""shadow_rs_ok"", ""shadow_regime_bad""]",0,0
715,2026-08-25T07:53:21.338089+00:00,POLUSDT,BUY,DIP_BUY,0.1218,0.0,0.12789,0.14007,0.1194,50.2,27.1,47.4,13.82,2.484,0,44.2,46.8,84.0,RANGE,0.0,0,0,0,1,1.6420361247947355,0.7389162561576452,-0.135,-0.069,0.833,0.375,,0.0,0,RS_OK,"[""shadow_rs_ok"", ""shadow_regime_bad""]",0,0
716,2026-08-25T08:27:26.669618+00:00,AAVEUSDT,BUY,DIP_BUY,130.728,0.0,137.2644,150.3372,128.30525,32.5,27.7,27.0,-10.42,0.084,1,19.5,60.3,84.0,RANGE,0.0,0,0,0,1,0.5905391346918727,1.480937519123682,-1.23,-0.664,0.319,0.799,,0.0,0,RS_LOW,"[""shadow_rs_low"", ""shadow_regime_bad""]",0,0
717,2026-08-25T08:27:32.802496+00:00,NEARUSDT,BUY,DIP_BUY,1.9428,0.0,2.03994,2.23422,1.895475,34.3,34.9,26.0,-22.42,0.007,1,20.6,60.3,84.0,RANGE,0.0,0,0,0,1,0.0977969940292368,1.559604694255713,-0.831,-0.341,0.04,0.64,,0.0,0,RS_LOW,"[""shadow_rs_low"", ""shadow_regime_bad""]",0,0
718,2026-08-25T08:28:36.044881+00:00,GRASSUSDT,BUY,VWAP_RECLAIM,0.3631,0.0,0.3758085,0.392148,0.35931498,30.7,19.4,16.2,-41.04,1.45,0,18.4,60.3,84.0,RANGE,0.0,0,0,0,1,0.055081244836142525,1.349490498485255,-1.042,-1.0,0.053,1.295,,0.0,0,RS_OK,"[""shadow_rs_ok"", ""shadow_regime_bad""]",0,0
719,2026-08-25T08:28:37.594550+00:00,RAYUSDT,BUY,DIP_BUY,0.8118,0.0,0.85239,0.93357,0.796,42.6,22.5,30.1,9.23,0.052,0,25.6,60.3,84.0,RANGE,0.0,0,0,0,1,0.813008130081307,0.46809559004679907,-0.304,-0.156,0.418,0.241,,0.0,0,RS_LOW,"[""shadow_rs_low"", ""shadow_regime_bad""]",0,0
720,2026-08-25T09:09:30.527147+00:00,LINKUSDT,BUY,DIP_BUY,11.6183,0.0,12.199215,13.361045,11.5104585,18.6,23.1,26.8,2.07,0.309,0,11.2,55.8,84.0,RANGE,0.0,0,0,0,1,0.658444006438129,0.8193969857896608,-0.235,-0.253,0.709,0.883,,0.0,0,RS_LOW,"[""shadow_rs_low"", ""shadow_regime_bad"", ""shadow_hour_weak""]",0,0
721,2026-08-25T09:10:15.940660+00:00,SUPERUSDT,BUY,DIP_BUY,0.1136,0.0,0.11928,0.13064,0.112833,62.5,34.5,56.8,89.48,0.382,1,55.0,55.8,84.0,RANGE,0.0,0,0,0,1,1.8485915492957663,0.26408450704226105,1.151,1.705,2.738,0.391,,0.0,0,RS_LOW,"[""shadow_rs_low"", ""shadow_regime_bad"", ""shadow_hour_weak""]",0,1
722,2026-08-25T09:10:35.723871+00:00,GRVTUSDT,BUY,DIP_BUY,0.2053,0.0,0.215565,0.236095,0.2028805,17.0,19.0,19.4,-41.29,0.695,0,10.2,55.8,84.0,RANGE,0.0,0,0,0,1,1.3638577691183618,0.6332196785192515,0.612,0.519,1.157,0.537,,0.0,0,RS_OK,"[""shadow_rs_ok"", ""shadow_regime_bad"", ""shadow_hour_weak""]",0,1
723,2026-08-25T09:11:03.751391+00:00,MELANIAUSDT,BUY,DIP_BUY,0.10663,0.0,0.1119615,0.1226245,0.1051118,28.5,19.1,29.1,1.28,0.99,0,17.1,55.8,84.0,RANGE,0.0,0,0,0,1,0.0,1.4723811310137878,-1.424,-1.0,0.0,1.034,,0.0,0,RS_OK,"[""shadow_rs_ok"", ""shadow_regime_bad"", ""shadow_hour_weak""]",0,0
724,2026-08-25T09:50:35.099363+00:00,JTOUSDT,BUY,DIP_BUY,0.566,0.0,0.5943,0.6509,0.54924,28.7,19.3,15.7,-11.52,1.812,0,17.2,55.8,84.0,RANGE,0.0,0,0,0,1,0.0,1.943462897526484,-1.022,-0.345,0.0,0.656,,0.0,0,RS_OK,"[""shadow_rs_ok"", ""shadow_regime_bad"", ""shadow_hour_weak""]",0,0
725,2026-08-25T10:18:06.115805+00:00,PAXGUSDT,BUY,DIP_BUY,4629.04,0.0,4860.492,5323.396,4593.8752,53.5,24.3,47.5,125.5,-0.117,1,47.1,55.8,84.0,RANGE,0.0,0,0,0,1,0.2060902476539404,0.08317059260668225,0.021,0.028,0.271,0.109,,0.0,0,RS_LOW,"[""shadow_rs_low"", ""shadow_regime_bad""]",0,1
726,2026-08-25T10:19:01.059446+00:00,PYTHUSDT,BUY,DIP_BUY,0.05073,0.0,0.0532665,0.0583395,0.0499689,22.5,38.0,35.2,-52.86,0.883,0,13.5,55.8,84.0,RANGE,0.0,0,0,0,1,0.8870490833826257,0.19712201852946173,0.211,0.141,0.591,0.131,,0.0,0,RS_OK,"[""shadow_rs_ok"", ""shadow_regime_bad""]",0,1
727,2026-08-25T10:19:18.830303+00:00,AMPUSDT,BUY,DIP_BUY,0.000514,0.0,0.0005397,0.0005911,0.0004985,53.3,30.7,28.3,125.26,1.649,0,46.9,55.8,84.0,RANGE,0.0,0,0,0,1,1.5564202334630306,3.307392996108945,-3.016,-1.0,0.516,1.097,,0.0,0,RS_OK,"[""shadow_rs_ok"", ""shadow_regime_bad""]",0,0
728,2026-08-25T10:19:34.950515+00:00,ATOMUSDT,BUY,DIP_BUY,1.5499,0.0,1.627395,1.782385,1.519564,19.7,19.7,23.5,-47.49,1.075,0,11.8,55.8,84.0,RANGE,0.0,0,0,0,1,0.9484482869862529,0.28388928317955736,-0.154,-0.079,0.485,0.145,,0.0,0,RS_OK,"[""shadow_rs_ok"", ""shadow_regime_bad""]",0,0
729,2026-08-25T10:19:54.221269+00:00,KCSUSDT,BUY,DIP_BUY,7.303,0.0,7.66815,8.39845,7.2038,44.4,27.8,41.9,81.5,0.059,0,26.6,55.8,84.0,RANGE,0.0,0,0,0,1,1.1365192386690426,0.0,0.412,0.303,0.837,0.0,,0.0,0,RS_LOW,"[""shadow_rs_low"", ""shadow_regime_bad""]",0,1
730,2026-08-25T10:54:31.977326+00:00,BCHUSDT,BUY,DIP_BUY,270.99,0.0,284.5395,311.6385,268.02315,32.7,30.3,28.3,-63.89,0.177,1,19.6,55.8,84.0,RANGE,0.0,0,0,0,1,0.02214103841470249,1.2362079781541837,-1.095,-1.0,0.02,1.129,,0.0,0,RS_LOW,"[""shadow_rs_low"", ""shadow_regime_bad""]",0,0
731,2026-08-25T10:54:47.110617+00:00,ETHUSDT,BUY,DIP_BUY,2484.23,0.0,2608.4415,2856.8645,2461.79915,39.8,29.8,43.2,62.51,0.153,0,23.9,55.8,84.0,RANGE,0.0,0,0,0,1,0.05394025512936183,0.6907572970296572,-0.523,-0.579,0.06,0.765,,0.0,0,RS_LOW,"[""shadow_rs_low"", ""shadow_regime_bad""]",0,0
732,2026-08-25T10:54:52.833737+00:00,SUIUSDT,BUY,DIP_BUY,0.8022,0.0,0.84231,0.92253,0.7947065,50.8,17.7,44.0,13.71,-0.008,1,44.7,55.8,84.0,RANGE,0.0,0,0,0,1,0.36150585888805953,1.0845175766641786,-0.934,-1.0,0.387,1.161,,0.0,0,RS_LOW,"[""shadow_rs_low"", ""shadow_regime_bad""]",0,0
733,2026-08-25T10:56:13.982361+00:00,ENSUSDT,BUY,DIP_BUY,5.826,0.0,6.1173,6.6999,5.74911,18.1,23.2,17.0,-59.46,0.169,0,10.9,55.8,84.0,RANGE,0.0,0,0,0,1,0.3261242705115024,0.7895640233436214,-0.579,-0.439,0.247,0.598,,0.0,0,RS_LOW,"[""shadow_rs_low"", ""shadow_regime_bad""]",0,0
734,2026-08-25T11:18:12.644909+00:00,ETCUSDT,BUY,DIP_BUY,7.939,0.0,8.33595,9.12985,7.84856,16.3,20.0,20.2,-31.38,0.25,0,9.8,55.8,84.0,RANGE,0.0,0,0,0,1,1.6324474115127843,1.0605869756896342,0.204,0.179,1.433,0.931,,0.0,0,RS_LOW,"[""shadow_rs_low"", ""shadow_regime_bad"", ""shadow_hour_weak""]",0,1
735,2026-08-25T11:49:56.319279+00:00,UNIUSDT,BUY,DIP_BUY,4.3918,0.0,4.61139,5.05057,4.3267575,22.1,30.4,29.7,-10.99,0.882,0,13.3,55.8,84.0,RANGE,0.0,0,0,0,1,0.5214262944578514,1.4026139623844511,-1.144,-0.772,0.352,0.947,,0.0,0,RS_OK,"[""shadow_rs_ok"", ""shadow_regime_bad"", ""shadow_hour_weak""]",0,0
736,2026-08-25T11:49:57.846612+00:00,NEARUSDT,BUY,DIP_BUY,1.9231,0.0,2.019255,2.211565,1.8995545,14.8,20.9,18.5,-20.09,0.461,0,8.9,55.8,84.0,RANGE,0.0,0,0,0,1,0.6759918880973377,1.9083770994748042,-0.929,-0.759,0.552,1.559,,0.0,0,RS_LOW,"[""shadow_rs_low"", ""shadow_regime_bad"", ""shadow_hour_weak""]",0,0
737,2026-08-25T12:19:03.975522+00:00,STORJUSDT,BUY,DIP_BUY,0.0481,0.0,0.050505,0.055315,0.046765,26.5,22.0,22.3,-47.81,2.164,0,15.9,55.8,84.0,RANGE,0.0,0,0,0,1,1.8711018711018816,2.7027027027026937,-0.267,-0.096,0.674,0.974,,0.0,0,RS_OK,"[""shadow_rs_ok"", ""shadow_regime_bad""]",0,0
738,2026-08-25T12:19:18.320528+00:00,LINKUSDT,BUY,DIP_BUY,11.586,0.0,12.1653,13.3239,11.4350375,36.1,20.9,39.3,37.54,0.576,0,21.7,55.8,84.0,RANGE,0.0,0,0,0,1,0.5359917141377452,1.2377006732263054,-0.737,-0.566,0.411,0.95,,0.0,0,RS_OK,"[""shadow_rs_ok"", ""shadow_regime_bad""]",0,0
739,2026-08-25T14:08:41.159811+00:00,TRXUSDT,BUY,DIP_BUY,0.3423,0.0,0.359415,0.393645,0.3395935,46.3,37.7,38.7,191.67,-0.113,0,27.8,55.8,84.0,RANGE,0.0,0,0,0,1,0.05842827928718478,0.23371311714869047,-0.23,-0.291,0.074,0.296,,0.0,0,RS_LOW,"[""shadow_rs_low"", ""shadow_regime_bad""]",0,0
740,2026-08-25T14:09:08.663964+00:00,FETUSDT,BUY,DIP_BUY,0.1692,0.0,0.17766,0.19458,0.165767,50.5,49.9,31.0,109.6,0.277,0,44.4,55.8,84.0,RANGE,0.0,0,0,0,1,1.122931442080386,0.4137115839243371,-0.371,-0.183,0.553,0.204,,0.0,0,RS_LOW,"[""shadow_rs_low"", ""shadow_regime_bad""]",0,0
741,2026-08-25T14:09:43.914681+00:00,RAINUSDT,BUY,DIP_BUY,0.014474,0.0,0.0151977,0.0166451,0.01422452,53.0,18.9,48.1,13.61,-0.145,1,46.6,55.8,84.0,RANGE,0.0,0,1,1,1,23.200221086085392,0.0,15.347,8.904,13.46,0.0,,0.0,0,RS_LOW,"[""shadow_rs_low"", ""shadow_regime_bad""]",1,1
742,2026-08-25T14:10:02.012808+00:00,RAYUSDT,BUY,DIP_BUY,0.79,0.0,0.8295,0.9085,0.7718215,37.7,24.4,28.6,62.44,0.383,0,22.6,55.8,84.0,RANGE,0.0,0,0,0,1,1.126582278481015,0.34177215189873866,0.096,0.042,0.49,0.149,,0.0,0,RS_LOW,"[""shadow_rs_low"", ""shadow_regime_bad""]",0,1
743,2026-08-25T15:53:33.256415+00:00,ATOMUSDT,BUY,DIP_BUY,1.5398,0.0,1.61679,1.77077,1.52235,20.8,20.0,18.3,-20.81,0.159,0,12.5,55.8,84.0,RANGE,0.0,0,0,0,1,1.2988699831146913,0.7468502402909512,0.655,0.578,1.146,0.659,,0.0,0,RS_LOW,"[""shadow_rs_low"", ""shadow_regime_bad""]",0,1
744,2026-08-25T16:23:25.330110+00:00,PROMUSDT,BUY,DIP_BUY,4.146,0.0,4.3533,4.7679,4.054625,46.2,35.2,40.0,223.74,1.488,0,27.7,55.8,84.0,RANGE,0.0,0,0,0,1,1.0612638687892062,2.339604438012531,-2.204,-1.0,0.482,1.062,,0.0,0,RS_OK,"[""shadow_rs_ok"", ""shadow_regime_bad""]",0,0
745,2026-08-25T17:40:46.308633+00:00,BOMEUSDT,BUY,DIP_BUY,0.0010801,0.0,0.00113411,0.00124212,0.00106525,35.7,28.9,42.3,133.0,0.173,0,21.4,55.8,84.0,RANGE,0.0,0,0,0,1,0.4166280899916625,0.3610776779927822,0.063,0.046,0.303,0.263,,0.0,0,RS_LOW,"[""shadow_rs_low"", ""shadow_regime_bad""]",0,1
746,2026-08-25T18:03:44.112465+00:00,ETHUSDT,BUY,DIP_BUY,2473.7,0.0,2597.385,2844.755,2445.2523,36.2,45.0,42.0,-30.08,0.003,1,21.7,55.8,84.0,RANGE,0.0,0,0,0,1,0.03516998827668455,0.6686340299955518,-0.547,-0.476,0.031,0.581,,0.0,0,RS_LOW,"[""shadow_rs_low"", ""shadow_regime_bad""]",0,0
747,2026-08-25T18:03:45.784882+00:00,BTCUSDT,BUY,DIP_BUY,79312.8,0.0,83278.44,91209.72,78359.832,16.1,31.0,42.0,-27.66,0.0,0,9.7,55.8,84.0,RANGE,0.0,0,0,0,1,0.057619955417028634,0.49638898134979104,-0.402,-0.335,0.048,0.413,,0.0,0,RS_LOW,"[""shadow_rs_low"", ""shadow_regime_bad""]",0,0
748,2026-08-25T18:03:47.580650+00:00,SOLUSDT,BUY,DIP_BUY,98.22,0.0,103.131,112.953,97.0324,10.5,11.9,22.2,-13.41,-0.058,0,6.3,55.8,84.0,RANGE,0.0,0,0,0,1,0.6108735491753149,0.3359804520464246,-0.084,-0.069,0.505,0.278,,0.0,0,RS_LOW,"[""shadow_rs_low"", ""shadow_regime_bad""]",0,0
749,2026-08-25T18:03:58.316518+00:00,LINKUSDT,BUY,DIP_BUY,11.5421,0.0,12.119205,13.273415,11.3946405,26.0,10.4,35.8,7.6,-0.072,0,15.6,55.8,84.0,RANGE,0.0,0,0,0,1,0.3023713189107734,0.4843139463355836,-0.472,-0.369,0.237,0.379,,0.0,0,RS_LOW,"[""shadow_rs_low"", ""shadow_regime_bad""]",0,0
750,2026-08-25T18:04:17.892784+00:00,DGAIUSDT,BUY,DIP_BUY,0.7314,0.0,0.76797,0.84111,0.7145891,10.2,12.7,14.3,-19.88,-0.091,0,6.1,55.8,84.0,RANGE,0.0,0,0,0,1,0.4224774405250104,1.2291495761553257,-1.164,-0.506,0.184,0.535,,0.0,0,RS_LOW,"[""shadow_rs_low"", ""shadow_regime_bad""]",0,0
751,2026-08-25T18:04:36.500689+00:00,CASHCATUSDT,BUY,VWAP_RECLAIM,0.2012,0.0,0.208242,0.217296,0.19700445,41.3,33.1,30.5,1.56,0.998,1,24.8,55.8,84.0,RANGE,0.0,0,0,0,1,0.0,3.230616302186868,-2.085,-1.0,0.0,1.549,,0.0,0,RS_OK,"[""shadow_rs_ok"", ""shadow_regime_bad""]",0,0
752,2026-08-25T19:22:08.813603+00:00,LITUSDT,BUY,DIP_BUY,3.4,0.0,3.57,3.91,3.30539,34.2,22.0,24.4,2.91,1.222,0,20.5,55.8,84.0,RANGE,0.0,0,0,0,1,0.911764705882357,2.735294117647058,-1.2,-0.431,0.328,0.983,,0.0,0,RS_OK,"[""shadow_rs_ok"", ""shadow_regime_bad"", ""shadow_hour_weak""]",0,0
753,2026-08-25T21:12:57.443196+00:00,AAVEUSDT,BUY,DIP_BUY,125.671,0.0,131.95455,144.52165,123.73422,35.1,24.8,36.1,50.44,0.063,0,21.1,55.8,84.0,RANGE,0.0,0,0,0,1,1.285897303276014,0.0,0.66,0.428,0.834,0.0,,0.0,0,RS_LOW,"[""shadow_rs_low"", ""shadow_regime_bad"", ""shadow_hour_weak""]",0,1
754,2026-08-25T21:13:03.087118+00:00,NEARUSDT,BUY,DIP_BUY,1.8535,0.0,1.946175,2.131525,1.8219445,37.7,22.3,36.4,19.72,0.191,0,22.6,55.8,84.0,RANGE,0.0,0,0,0,1,1.9314809819260887,0.35068788777987325,1.12,0.658,1.134,0.206,,0.0,0,RS_LOW,"[""shadow_rs_low"", ""shadow_regime_bad"", ""shadow_hour_weak""]",0,1
755,2026-08-25T21:13:44.454968+00:00,JUPUSDT,BUY,DIP_BUY,0.2105,0.0,0.221025,0.242075,0.207159,47.2,43.9,42.9,333.15,0.385,0,28.3,55.8,84.0,RANGE,0.0,0,0,0,1,2.375296912114017,0.2850356294536767,1.591,1.002,1.497,0.18,,0.0,0,RS_LOW,"[""shadow_rs_low"", ""shadow_regime_bad"", ""shadow_hour_weak""]",0,1
756,2026-08-25T21:14:16.503008+00:00,KCSUSDT,BUY,DIP_BUY,7.199,0.0,7.55895,8.27885,7.113255,27.1,20.5,40.2,6.86,0.065,0,16.3,55.8,84.0,RANGE,0.0,0,0,0,1,1.2362828170579305,0.41672454507570844,0.343,0.288,1.038,0.35,,0.0,0,RS_LOW,"[""shadow_rs_low"", ""shadow_regime_bad"", ""shadow_hour_weak""]",0,1
757,2026-08-25T21:45:54.311488+00:00,STXUSDT,BUY,DIP_BUY,0.2592,0.0,0.27216,0.29808,0.2524315,25.9,43.0,42.7,-34.76,0.841,0,15.5,55.8,84.0,RANGE,0.0,0,0,0,1,1.851851851851862,0.3086419753086294,0.141,0.054,0.709,0.118,,0.0,0,RS_OK,"[""shadow_rs_ok"", ""shadow_regime_bad"", ""shadow_hour_weak""]",0,1
758,2026-08-25T21:46:37.760162+00:00,RAYUSDT,BUY,DIP_BUY,0.7931,0.0,0.832755,0.912065,0.773712,31.9,19.4,24.2,-44.76,-0.032,1,19.1,55.8,84.0,RANGE,0.0,0,0,0,1,0.7313075274240357,0.23956625898373632,0.277,0.113,0.299,0.098,,0.0,0,RS_LOW,"[""shadow_rs_low"", ""shadow_regime_bad"", ""shadow_hour_weak""]",0,1
759,2026-08-25T21:46:45.334316+00:00,CHZUSDT,BUY,DIP_BUY,0.01398,0.0,0.014679,0.016077,0.01364145,53.6,31.8,49.6,46.59,-0.057,1,47.2,55.8,84.0,RANGE,0.0,0,0,0,1,0.6437768240343333,0.5007153075822524,0.061,0.025,0.266,0.207,,0.0,0,RS_LOW,"[""shadow_rs_low"", ""shadow_regime_bad"", ""shadow_hour_weak""]",0,1
760,2026-08-25T21:46:51.989235+00:00,GRTUSDT,BUY,DIP_BUY,0.01767,0.0,0.0185535,0.0203205,0.01726325,19.8,11.6,12.4,-1.24,-0.033,0,11.9,55.8,84.0,RANGE,0.0,0,0,0,1,1.1318619128466256,0.33955857385399557,0.817,0.355,0.492,0.148,,0.0,0,RS_LOW,"[""shadow_rs_low"", ""shadow_regime_bad"", ""shadow_hour_weak""]",0,1
761,2026-08-25T22:02:32.708055+00:00,LITUSDT,BUY,DIP_BUY,3.283,0.0,3.44715,3.77545,3.190965,43.0,45.2,55.4,3.28,0.301,1,25.8,55.8,84.0,RANGE,0.0,0,0,0,1,1.4620773682607384,0.3045994517209804,0.268,0.096,0.522,0.109,,0.0,0,RS_LOW,"[""shadow_rs_low"", ""shadow_regime_bad""]",0,1
762,2026-08-25T22:39:14.151068+00:00,TUTUSDT,BUY,DIP_BUY,0.04641,0.0,0.0487305,0.0533715,0.04554115,45.0,29.4,49.2,1772.7,-0.137,0,27.0,55.8,84.0,RANGE,0.0,0,0,0,1,1.5944839474251187,3.964662788192203,-1.872,-1.0,0.852,2.118,,0.0,0,RS_LOW,"[""shadow_rs_low"", ""shadow_regime_bad""]",0,0
763,2026-08-25T23:34:07.233469+00:00,KIIUSDT,BUY,DIP_BUY,0.05509,0.0,0.0578445,0.0633535,0.0536902,41.1,20.2,32.9,23.74,1.44,0,24.7,55.8,84.0,RANGE,0.0,0,0,0,1,0.018152114721370596,2.559448175712473,-2.541,-1.0,0.007,1.007,,0.0,0,RS_OK,"[""shadow_rs_ok"", ""shadow_regime_bad""]",0,0
764,2026-08-26T00:27:53.121714+00:00,DOGEUSDT,BUY,DIP_BUY,0.08596,0.0,0.090258,0.098854,0.0850327,18.3,26.7,20.4,-21.12,0.332,0,11.0,54.0,75.0,RANGE,0.0,0,0,0,1,0.9190321079571884,0.22103303862261023,0.246,0.228,0.852,0.205,,0.0,0,RS_LOW,"[""shadow_rs_low"", ""shadow_regime_bad"", ""shadow_hour_weak""]",0,1
765,2026-08-26T00:28:03.324950+00:00,NEARUSDT,BUY,DIP_BUY,1.871,0.0,1.96455,2.15165,1.844531,29.9,22.2,33.5,6.68,0.557,0,17.9,54.0,75.0,RANGE,0.0,0,0,0,1,1.7744521646178457,0.09620523784072815,0.936,0.662,1.254,0.068,,0.0,0,RS_OK,"[""shadow_rs_ok"", ""shadow_regime_bad"", ""shadow_hour_weak""]",0,1
766,2026-08-26T00:29:01.925488+00:00,JASMYUSDT,BUY,DIP_BUY,0.004999,0.0,0.00524895,0.00574885,0.00488246,24.3,20.9,26.8,-31.87,1.197,0,14.6,54.0,75.0,RANGE,0.0,0,0,0,1,1.3802760552110347,1.2602520504100758,0.129,0.055,0.592,0.541,,0.0,0,RS_OK,"[""shadow_rs_ok"", ""shadow_regime_bad"", ""shadow_hour_weak""]",0,1
767,2026-08-26T00:29:15.251070+00:00,CHZUSDT,BUY,DIP_BUY,0.01404,0.0,0.014742,0.016146,0.0138703,19.8,28.2,21.4,-34.64,0.483,0,11.9,54.0,75.0,RANGE,0.0,0,0,0,1,1.1396011396011425,0.0,0.392,0.324,0.943,0.0,,0.0,0,RS_LOW,"[""shadow_rs_low"", ""shadow_regime_bad"", ""shadow_hour_weak""]",0,1
768,2026-08-26T00:29:32.327715+00:00,MELANIAUSDT,BUY,DIP_BUY,0.1045,0.0,0.109725,0.120175,0.10313175,46.1,50.8,32.5,-56.66,0.511,1,27.7,54.0,75.0,RANGE,0.0,0,0,0,1,2.239234449760774,0.0,1.702,1.3,1.71,0.0,,0.0,0,RS_OK,"[""shadow_rs_ok"", ""shadow_regime_bad"", ""shadow_hour_weak""]",0,1
769,2026-08-26T00:29:33.700732+00:00,ENSUSDT,BUY,DIP_BUY,5.632,0.0,5.9136,6.4768,5.559065,44.5,61.3,39.6,5365.75,0.374,0,26.7,54.0,75.0,RANGE,0.0,0,0,0,1,4.9893465909091015,0.0,3.67,2.834,3.853,0.0,,0.0,0,RS_LOW,"[""shadow_rs_low"", ""shadow_regime_bad"", ""shadow_hour_weak""]",0,1
770,2026-08-26T03:18:23.385901+00:00,TLMUSDT,BUY,DIP_BUY,0.001567,0.0,0.00164535,0.00180205,0.00154126,41.0,25.4,47.9,21.74,0.349,0,24.6,54.0,75.0,RANGE,0.0,0,0,0,1,0.0,1.6592214422463294,-1.643,-1.0,0.0,1.01,,0.0,0,RS_LOW,"[""shadow_rs_low"", ""shadow_regime_bad""]",0,0
771,2026-08-26T04:07:23.869594+00:00,ETHUSDT,BUY,DIP_BUY,2466.69,0.0,2590.0245,2836.6935,2446.31695,18.2,38.0,43.4,-32.23,0.077,0,10.9,54.0,75.0,RANGE,0.0,0,0,0,1,0.23391670619331903,0.6133725762053647,-0.465,-0.563,0.283,0.743,,0.0,0,RS_LOW,"[""shadow_rs_low"", ""shadow_regime_bad""]",0,0
772,2026-08-26T04:54:43.162058+00:00,MELANIAUSDT,BUY,VWAP_RECLAIM,0.10545,0.0,0.10914075,0.113886,0.10432644,12.9,18.0,19.3,-85.17,0.457,0,7.7,54.0,75.0,RANGE,0.0,0,0,0,1,1.4604077761972496,0.8914177335229932,0.932,0.875,1.371,0.837,,0.0,0,RS_LOW,"[""shadow_rs_low"", ""shadow_regime_bad""]",0,1
773,2026-08-26T05:22:52.430467+00:00,JTOUSDT,BUY,DIP_BUY,0.521,0.0,0.54705,0.59915,0.516405,38.9,22.0,41.4,31.46,0.166,0,23.3,54.0,75.0,RANGE,0.0,0,0,0,1,0.5758157389635321,0.5758157389635321,-0.37,-0.42,0.653,0.653,,0.0,0,RS_LOW,"[""shadow_rs_low"", ""shadow_regime_bad""]",0,0
774,2026-08-26T05:58:25.693456+00:00,AMPUSDT,BUY,DIP_BUY,0.000453,0.0,0.00047565,0.00052095,0.00044178,47.8,29.5,27.9,86.44,0.694,0,28.7,54.0,75.0,RANGE,0.0,0,0,0,1,0.4415011037527582,1.5452538631346595,-0.788,-0.318,0.178,0.624,,0.0,0,RS_OK,"[""shadow_rs_ok"", ""shadow_regime_bad""]",0,0
775,2026-08-26T06:39:40.735562+00:00,KCSUSDT,BUY,DIP_BUY,7.197,0.0,7.55685,8.27655,7.083405,20.3,19.0,24.4,-13.37,1.199,0,12.2,54.0,75.0,RANGE,0.0,0,0,0,1,1.1532583020703095,0.08336807002918198,0.54,0.342,0.731,0.053,,0.0,0,RS_OK,"[""shadow_rs_ok"", ""shadow_regime_bad"", ""shadow_hour_weak""]",0,1
776,2026-08-26T06:39:55.095342+00:00,JASMYUSDT,BUY,DIP_BUY,0.004907,0.0,0.00515235,0.00564305,0.0047959,44.7,36.5,38.7,116.81,1.562,0,26.8,54.0,75.0,RANGE,0.0,0,0,0,1,0.28530670470756314,3.0160994497656346,-2.264,-1.0,0.126,1.332,,0.0,0,RS_OK,"[""shadow_rs_ok"", ""shadow_regime_bad"", ""shadow_hour_weak""]",0,0
777,2026-08-26T07:32:33.023146+00:00,FFUSDT,BUY,DIP_BUY,0.10065,0.0,0.1056825,0.1157475,0.0978085,51.9,52.1,59.8,14.94,1.012,0,45.7,54.0,75.0,RANGE,0.0,0,0,0,1,2.1659215101838063,4.182811723795336,-2.823,-1.0,0.767,1.482,,0.0,0,RS_OK,"[""shadow_rs_ok"", ""shadow_regime_bad""]",0,0
778,2026-08-26T08:12:20.732471+00:00,TAOUSDT,BUY,DIP_BUY,234.9,0.0,246.645,270.135,231.88475,39.7,40.4,61.5,27.83,0.013,0,23.8,54.0,75.0,RANGE,0.0,0,0,0,1,0.48957002979991726,1.2260536398467412,-0.974,-0.759,0.381,0.955,,0.0,0,RS_LOW,"[""shadow_rs_low"", ""shadow_regime_bad""]",0,0
779,2026-08-26T08:12:26.159813+00:00,BCHUSDT,BUY,DIP_BUY,265.24,0.0,278.502,305.026,263.08795,24.9,10.8,27.8,5.6,-0.083,0,14.9,54.0,75.0,RANGE,0.0,0,0,0,1,0.8897602171618209,0.4411099381692113,-0.163,-0.201,1.097,0.544,,0.0,0,RS_LOW,"[""shadow_rs_low"", ""shadow_regime_bad""]",0,0
780,2026-08-26T08:12:41.507847+00:00,FILUSDT,BUY,VWAP_RECLAIM,0.7201,0.0,0.7453035,0.777708,0.71284547,17.8,25.0,30.7,-51.27,-0.059,0,10.7,54.0,75.0,RANGE,0.0,0,0,0,1,0.2360783224552194,1.4859047354533998,-1.007,-1.0,0.234,1.475,,0.0,0,RS_LOW,"[""shadow_rs_low"", ""shadow_regime_bad""]",0,0
781,2026-08-26T08:12:50.331495+00:00,ETHFIUSDT,BUY,VWAP_RECLAIM,0.5704,0.0,0.590364,0.616032,0.56459249,46.7,32.9,27.7,183.72,0.356,0,28.0,54.0,75.0,RANGE,0.0,0,0,0,1,2.2791023842917273,0.21037868162692477,0.645,0.634,2.239,0.207,,0.0,0,RS_LOW,"[""shadow_rs_low"", ""shadow_regime_bad""]",0,1
782,2026-08-26T08:13:38.954570+00:00,ENSUSDT,BUY,DIP_BUY,5.795,0.0,6.08475,6.66425,5.696375,46.1,39.3,40.1,252.98,0.767,0,27.7,54.0,75.0,RANGE,0.0,0,0,0,1,0.22433132010353582,1.829163071613458,-1.702,-1.0,0.132,1.075,,0.0,0,RS_OK,"[""shadow_rs_ok"", ""shadow_regime_bad""]",0,0
783,2026-08-26T09:02:19.112605+00:00,AVAXUSDT,BUY,DIP_BUY,7.379,0.0,7.74795,8.48585,7.318225,42.3,44.2,63.4,140.57,-0.094,0,25.4,54.0,75.0,RANGE,0.0,0,0,0,1,0.08131183087139487,0.8402222523377069,-0.824,-1.0,0.099,1.02,,0.0,0,RS_LOW,"[""shadow_rs_low"", ""shadow_regime_bad"", ""shadow_hour_weak""]",0,0
784,2026-08-26T09:02:25.964021+00:00,DOTUSDT,BUY,DIP_BUY,0.8529,0.0,0.895545,0.980835,0.846944,34.7,22.0,36.3,77.08,-0.051,0,20.8,54.0,75.0,RANGE,0.0,0,0,0,1,0.11724703951225242,0.7152069410247385,-0.698,-1.0,0.168,1.024,,0.0,0,RS_LOW,"[""shadow_rs_low"", ""shadow_regime_bad"", ""shadow_hour_weak""]",0,0
785,2026-08-26T09:02:28.184289+00:00,STXUSDT,BUY,DIP_BUY,0.2722,0.0,0.28581,0.31303,0.269645,40.4,31.0,44.3,101.88,0.063,0,24.2,54.0,75.0,RANGE,0.0,0,0,0,1,0.07347538574576708,1.1756061719323956,-0.939,-1.0,0.078,1.253,,0.0,0,RS_LOW,"[""shadow_rs_low"", ""shadow_regime_bad"", ""shadow_hour_weak""]",0,0
786,2026-08-26T09:03:06.110516+00:00,CHZUSDT,BUY,DIP_BUY,0.01408,0.0,0.014784,0.016192,0.0139698,34.6,20.6,38.4,138.1,-0.05,0,20.8,54.0,75.0,RANGE,0.0,0,0,0,1,0.07102272727272438,0.8522727272727295,-0.783,-1.0,0.091,1.089,,0.0,0,RS_LOW,"[""shadow_rs_low"", ""shadow_regime_bad"", ""shadow_hour_weak""]",0,0
787,2026-08-26T09:03:07.252902+00:00,HOLOUSDT,BUY,DIP_BUY,0.06669,0.0,0.0700245,0.0766935,0.0661675,20.6,18.4,11.5,-73.19,0.165,0,12.4,54.0,75.0,RANGE,0.0,0,0,0,1,0.14994751836857528,0.8097165991902817,-0.783,-0.999,0.191,1.033,,0.0,0,RS_LOW,"[""shadow_rs_low"", ""shadow_regime_bad"", ""shadow_hour_weak""]",0,0
788,2026-08-26T09:03:08.407454+00:00,SPXUSDT,BUY,DIP_BUY,0.5356,0.0,0.56238,0.61594,0.5304345,16.2,21.0,17.7,-41.26,0.348,0,9.7,54.0,75.0,RANGE,0.0,0,0,0,1,0.1867064973861092,1.0268857356235903,-0.964,-1.0,0.194,1.065,,0.0,0,RS_LOW,"[""shadow_rs_low"", ""shadow_regime_bad"", ""shadow_hour_weak""]",0,0
789,2026-08-26T09:03:10.660239+00:00,SEIUSDT,BUY,DIP_BUY,0.04627,0.0,0.0485835,0.0532105,0.0458695,38.3,33.2,36.2,113.47,0.052,0,23.0,54.0,75.0,RANGE,0.0,0,0,0,1,0.02161227577264548,1.0157769613140224,-0.866,-1.0,0.025,1.173,,0.0,0,RS_LOW,"[""shadow_rs_low"", ""shadow_regime_bad"", ""shadow_hour_weak""]",0,0
790,2026-08-26T10:23:14.426383+00:00,TRUMPUSDT,BUY,DIP_BUY,2.25,0.0,2.3625,2.5875,2.195965,49.5,63.5,47.7,223.77,1.106,0,29.7,54.0,75.0,RANGE,0.0,0,0,0,1,1.999999999999997,0.8444444444444501,0.403,0.168,0.833,0.352,,0.0,0,RS_OK,"[""shadow_rs_ok"", ""shadow_regime_bad""]",0,1
791,2026-08-26T10:23:32.562377+00:00,TAOUSDT,BUY,DIP_BUY,235.11,0.0,246.8655,270.3765,229.7654,31.2,29.8,32.7,4.33,1.149,0,18.7,54.0,75.0,RANGE,0.0,0,0,0,1,1.080345370252219,0.9655055080600612,-0.708,-0.311,0.475,0.425,,0.0,0,RS_OK,"[""shadow_rs_ok"", ""shadow_regime_bad""]",0,0
792,2026-08-26T10:24:06.476017+00:00,JTOUSDT,BUY,DIP_BUY,0.524,0.0,0.5502,0.6026,0.514415,52.5,50.6,37.1,354.93,0.66,0,46.2,54.0,75.0,RANGE,0.0,0,0,0,1,0.38167938931297746,0.7633587786259549,0.014,0.008,0.209,0.417,,0.0,0,RS_OK,"[""shadow_rs_ok"", ""shadow_regime_bad""]",0,1
793,2026-08-26T10:24:48.391942+00:00,HOLOUSDT,BUY,DIP_BUY,0.06678,0.0,0.070119,0.076797,0.06530185,26.6,19.9,15.4,-40.79,1.35,0,16.0,54.0,75.0,RANGE,0.0,0,0,0,1,1.123090745732256,0.5540581012279263,0.044,0.02,0.507,0.25,,0.0,0,RS_OK,"[""shadow_rs_ok"", ""shadow_regime_bad""]",0,1
794,2026-08-26T10:58:06.741840+00:00,BCHUSDT,BUY,DIP_BUY,267.51,0.0,280.8855,307.6365,262.3019,47.2,45.9,39.9,139.82,0.996,0,28.3,54.0,75.0,RANGE,0.0,0,0,0,1,0.17195618855371253,1.0392134873462573,-0.462,-0.237,0.088,0.534,,0.0,0,RS_OK,"[""shadow_rs_ok"", ""shadow_regime_bad""]",0,0
795,2026-08-26T11:30:03.829865+00:00,RAINUSDT,BUY,DIP_BUY,0.017571,0.0,0.01844955,0.02020665,0.0170145,45.3,39.2,47.2,13.98,0.846,0,27.2,54.0,75.0,RANGE,0.0,0,0,0,1,0.25610380740993627,1.7813442604291205,-1.444,-0.456,0.081,0.562,,0.0,0,RS_OK,"[""shadow_rs_ok"", ""shadow_regime_bad"", ""shadow_hour_weak""]",0,0
796,2026-08-26T12:49:43.826082+00:00,NEARUSDT,BUY,DIP_BUY,1.8506,0.0,1.94313,2.12819,1.8293075,37.7,33.9,39.1,10.13,0.337,0,22.6,54.0,75.0,RANGE,0.0,0,0,0,1,0.18912785042689173,1.2158218956014246,-1.151,-1.0,0.164,1.057,,0.0,0,RS_LOW,"[""shadow_rs_low"", ""shadow_regime_bad""]",0,0
797,2026-08-26T13:45:13.865083+00:00,STORJUSDT,BUY,DIP_BUY,0.0399,0.0,0.041895,0.045885,0.0393025,20.9,21.8,32.7,-77.83,0.348,0,12.5,54.0,75.0,RANGE,0.0,0,0,0,1,0.0,1.2531328320802015,-1.003,-0.67,0.0,0.837,,0.0,0,RS_LOW,"[""shadow_rs_low"", ""shadow_regime_bad"", ""shadow_hour_weak""]",0,0
798,2026-08-26T16:53:16.189090+00:00,JTOUSDT,BUY,DIP_BUY,0.516,0.0,0.5418,0.5934,0.50745,49.4,38.2,29.4,2410.48,0.69,0,29.6,54.0,75.0,RANGE,0.0,0,0,0,1,1.7441860465116292,0.0,1.412,0.852,1.053,0.0,,0.0,0,RS_OK,"[""shadow_rs_ok"", ""shadow_regime_bad""]",0,1
799,2026-08-26T21:03:36.666215+00:00,SUIUSDT,BUY,DIP_BUY,0.7415,0.0,0.778575,0.852725,0.7294345,13.8,25.2,25.0,-56.4,0.143,0,8.3,54.0,75.0,RANGE,0.0,0,0,0,1,2.117329737019546,0.0,1.083,0.666,1.301,0.0,,0.0,0,RS_LOW,"[""shadow_rs_low"", ""shadow_regime_bad"", ""shadow_hour_weak""]",0,1
800,2026-08-26T21:03:59.730290+00:00,BCHUSDT,BUY,DIP_BUY,263.32,0.0,276.486,302.818,259.08805,13.7,21.7,19.8,-18.02,0.307,0,8.2,54.0,75.0,RANGE,0.0,0,0,0,1,1.7393285735986572,0.0,1.212,0.754,1.082,0.0,,0.0,0,RS_LOW,"[""shadow_rs_low"", ""shadow_regime_bad"", ""shadow_hour_weak""]",0,1
801,2026-08-26T21:04:17.925935+00:00,TUTUSDT,BUY,DIP_BUY,0.05125,0.0,0.0538125,0.0589375,0.05055595,59.3,40.8,53.9,365.25,0.472,1,52.2,54.0,75.0,RANGE,0.0,0,0,0,1,0.0,1.5024390243902437,-1.354,-1.0,0.0,1.109,,0.0,0,RS_LOW,"[""shadow_rs_low"", ""shadow_regime_bad"", ""shadow_hour_weak""]",0,0
802,2026-08-26T21:04:23.211724+00:00,FILUSDT,BUY,DIP_BUY,0.6999,0.0,0.734895,0.804885,0.6842615,13.9,22.5,26.6,-86.89,0.207,0,8.3,54.0,75.0,RANGE,0.0,0,0,0,1,1.3430490070010108,0.0,0.767,0.343,0.601,0.0,,0.0,0,RS_LOW,"[""shadow_rs_low"", ""shadow_regime_bad"", ""shadow_hour_weak""]",0,1
803,2026-08-26T21:04:40.782836+00:00,JUPUSDT,BUY,DIP_BUY,0.2105,0.0,0.221025,0.242075,0.206761,26.6,23.0,17.0,-46.34,0.98,0,16.0,54.0,75.0,RANGE,0.0,0,0,0,1,4.798099762470308,0.1900237529691134,3.739,2.105,2.701,0.107,,0.0,0,RS_OK,"[""shadow_rs_ok"", ""shadow_regime_bad"", ""shadow_hour_weak""]",0,1
804,2026-08-27T10:32:44.991436+00:00,HEIUSDT,BUY,DIP_BUY,0.1404,0.0,0.14742,0.16146,0.1388025,25.3,28.7,30.6,-44.85,1.035,0,15.2,55.2,81.0,RANGE,0.0,0,1,0,1,9.045584045584059,0.0,6.727,5.912,7.95,0.0,,0.0,0,RS_OK,"[""shadow_rs_ok"", ""shadow_regime_bad""]",1,1
805,2026-08-27T20:43:33.456965+00:00,BTCUSDT,BUY,DIP_BUY,80036.4,0.0,84038.22,92041.86,79483.0875,26.4,15.4,20.1,-58.43,0.0,1,15.8,55.2,81.0,RANGE,0.0,0,0,0,1,0.4909016397539229,0.08383685423131385,0.184,0.266,0.71,0.121,,0.0,0,RS_LOW,"[""shadow_rs_low"", ""shadow_regime_bad""]",0,1
806,2026-08-27T20:43:37.897478+00:00,ETHUSDT,BUY,DIP_BUY,2506.57,0.0,2631.8985,2882.5555,2482.5847,33.7,27.3,21.8,-30.04,0.133,1,20.2,55.2,81.0,RANGE,0.0,0,0,0,1,0.42488340640794536,0.30160737581635244,0.125,0.131,0.444,0.315,,0.0,0,RS_LOW,"[""shadow_rs_low"", ""shadow_regime_bad""]",0,1
807,2026-08-27T20:43:49.010588+00:00,TAOUSDT,BUY,DIP_BUY,250.13,0.0,262.6365,287.6495,246.2426,14.9,18.5,12.6,-26.6,0.258,0,8.9,55.2,81.0,RANGE,0.0,0,0,0,1,1.9429896453844056,0.42777755567104836,1.182,0.761,1.25,0.275,,0.0,0,RS_LOW,"[""shadow_rs_low"", ""shadow_regime_bad""]",0,1
808,2026-08-27T20:44:37.069781+00:00,SEIUSDT,BUY,DIP_BUY,0.04802,0.0,0.050421,0.055223,0.04747145,15.1,21.6,13.7,-8.26,0.132,0,9.1,55.2,81.0,RANGE,0.0,0,0,0,1,1.10370678883799,0.24989587671803842,0.443,0.388,0.966,0.219,,0.0,0,RS_LOW,"[""shadow_rs_low"", ""shadow_regime_bad""]",0,1
809,2026-08-27T20:44:54.196570+00:00,TMXUSDT,BUY,VWAP_RECLAIM,0.13752,0.0,0.1423332,0.1485216,0.13575998,39.7,21.7,28.2,5.45,2.314,0,23.8,55.2,81.0,RANGE,0.0,0,0,0,1,0.13089005235601056,1.5634089586969262,-1.28,-1.0,0.102,1.222,,0.0,0,RS_OK,"[""shadow_rs_ok"", ""shadow_regime_bad""]",0,0
810,2026-08-28T04:31:56.494649+00:00,BCHUSDT,BUY,DIP_BUY,265.0,0.0,278.25,304.75,262.03325,18.2,39.6,15.3,-63.74,0.296,0,10.9,55.6,83.0,RANGE,0.0,0,0,0,1,0.0,1.1924528301886888,-1.12,-1.0,0.0,1.065,,0.0,0,RS_LOW,"[""shadow_rs_low"", ""shadow_regime_bad""]",0,0
811,2026-08-28T04:32:14.253068+00:00,JUPUSDT,BUY,DIP_BUY,0.2337,0.0,0.245385,0.268755,0.229049,44.9,20.1,33.2,16.4,0.608,0,26.9,55.6,83.0,RANGE,0.0,0,0,0,1,0.9841677364142049,0.7702182284980728,-0.428,-0.215,0.495,0.387,,0.0,0,RS_OK,"[""shadow_rs_ok"", ""shadow_regime_bad""]",0,0
812,2026-08-28T04:32:42.531755+00:00,BOMEUSDT,BUY,DIP_BUY,0.0010052,0.0,0.00105546,0.00115598,0.00098744,48.2,26.0,35.0,10.45,0.939,0,28.9,55.6,83.0,RANGE,0.0,0,0,0,1,0.0,1.4424990051730973,-0.764,-0.432,0.0,0.816,,0.0,0,RS_OK,"[""shadow_rs_ok"", ""shadow_regime_bad""]",0,0
813,2026-08-29T00:49:34.351970+00:00,COMPUSDT,BUY,DIP_BUY,18.24,0.0,19.152,20.976,18.0891,14.8,20.3,23.8,-8.95,0.292,0,8.9,54.6,78.0,RANGE,0.0,0,0,0,1,1.0416666666666736,0.3289473684210456,0.278,0.336,1.259,0.398,,0.0,0,RS_LOW,"[""shadow_rs_low"", ""shadow_regime_bad"", ""shadow_hour_weak""]",0,1
814,2026-08-29T13:19:56.141121+00:00,HNTUSDT,BUY,VWAP_RECLAIM,0.404,0.0,0.41814,0.43632,0.39740901,35.0,21.0,25.0,-14.21,5.171,0,21.0,54.6,78.0,RANGE,0.0,0,0,0,1,0.0,2.7227722772277247,-1.631,-1.0,0.0,1.669,,0.0,0,RS_OK,"[""shadow_rs_ok"", ""shadow_regime_bad"", ""shadow_hour_weak""]",0,0
815,2026-08-29T13:20:03.627185+00:00,TRUMPUSDT,BUY,DIP_BUY,2.703,0.0,2.83815,3.10845,2.64869,27.7,38.0,27.5,-5.5,0.565,0,16.6,54.6,78.0,RANGE,0.0,0,0,0,1,1.5538290788013414,0.9988901220865591,-0.182,-0.091,0.773,0.497,,0.0,0,RS_OK,"[""shadow_rs_ok"", ""shadow_regime_bad"", ""shadow_hour_weak""]",0,0
816,2026-08-29T13:20:32.037060+00:00,FETUSDT,BUY,DIP_BUY,0.147,0.0,0.15435,0.16905,0.1455685,43.1,40.4,39.1,158.9,0.167,0,25.9,54.6,78.0,RANGE,0.0,0,0,0,1,3.8095238095238244,0.0,2.6,2.67,3.912,0.0,,0.0,0,RS_LOW,"[""shadow_rs_low"", ""shadow_regime_bad"", ""shadow_hour_weak""]",0,1
817,2026-08-29T13:21:13.314379+00:00,ATOMUSDT,BUY,DIP_BUY,1.5071,0.0,1.582455,1.733165,1.493694,16.1,19.0,23.3,-45.93,0.1,0,9.7,54.6,78.0,RANGE,0.0,0,0,0,1,0.6303496781898906,0.13270519540840034,0.218,0.245,0.709,0.149,,0.0,0,RS_LOW,"[""shadow_rs_low"", ""shadow_regime_bad"", ""shadow_hour_weak""]",0,1
818,2026-08-29T13:21:21.256368+00:00,MELANIAUSDT,BUY,DIP_BUY,0.11357,0.0,0.1192485,0.1306055,0.1111216,48.7,37.8,33.9,562.85,0.523,0,29.2,54.6,78.0,RANGE,0.0,0,0,0,1,1.3031610460508893,0.5547239587919394,0.547,0.254,0.604,0.257,,0.0,0,RS_OK,"[""shadow_rs_ok"", ""shadow_regime_bad"", ""shadow_hour_weak""]",0,1
819,2026-08-29T17:14:12.286543+00:00,BTCUSDT,BUY,DIP_BUY,78032.3,0.0,81933.915,89737.145,77507.4155,34.2,14.7,47.7,12.34,0.0,0,20.5,54.6,78.0,RANGE,0.0,0,0,0,1,0.3829183556040292,0.16954517552347284,0.208,0.309,0.569,0.252,,0.0,0,RS_LOW,"[""shadow_rs_low"", ""shadow_regime_bad""]",0,1
820,2026-08-29T19:47:00.864455+00:00,NEARUSDT,BUY,DIP_BUY,1.8647,0.0,1.957935,2.144405,1.8398545,40.7,36.9,37.8,75.17,0.65,0,24.4,54.6,78.0,RANGE,0.0,0,0,0,1,1.142274896766229,0.5738188448543965,0.028,0.021,0.857,0.431,,0.0,0,RS_OK,"[""shadow_rs_ok"", ""shadow_regime_bad"", ""shadow_hour_weak""]",0,1
821,2026-08-29T19:48:06.483118+00:00,STXUSDT,BUY,VWAP_RECLAIM,0.2451,0.0,0.2536785,0.264708,0.24248295,14.1,21.0,17.7,-54.34,0.355,0,8.5,54.6,78.0,RANGE,0.0,0,0,0,1,0.8159934720522128,0.44879640962873013,0.318,0.298,0.764,0.42,,0.0,0,RS_LOW,"[""shadow_rs_low"", ""shadow_regime_bad"", ""shadow_hour_weak""]",0,1
822,2026-08-29T22:01:08.610739+00:00,LITUSDT,BUY,DIP_BUY,3.527,0.0,3.70335,4.05605,3.47653,19.9,18.0,21.7,-53.88,1.142,0,11.9,54.6,78.0,RANGE,0.0,0,0,0,1,1.275871845761268,0.5387014459880954,0.699,0.488,0.892,0.376,,0.0,0,RS_OK,"[""shadow_rs_ok"", ""shadow_regime_bad""]",0,1
823,2026-08-29T22:01:38.655282+00:00,SKRUSDT,BUY,DIP_BUY,0.010762,0.0,0.0113001,0.0123763,0.01064053,54.2,65.8,61.3,422.73,0.181,0,47.7,54.6,78.0,RANGE,0.0,0,0,0,1,0.0,1.9420182122282181,-1.129,-1.0,0.0,1.721,,0.0,0,RS_LOW,"[""shadow_rs_low"", ""shadow_regime_bad""]",0,0
824,2026-08-30T00:04:22.881918+00:00,DEXEUSDT,BUY,DIP_BUY,2.2511,0.0,2.363655,2.588765,2.22681,19.3,18.0,19.8,-38.13,0.306,0,11.6,54.8,79.0,RANGE,0.0,0,1,0,1,5.370707654035796,0.9373195326729207,4.411,4.088,4.977,0.869,,0.0,0,RS_LOW,"[""shadow_rs_low"", ""shadow_regime_bad"", ""shadow_hour_weak""]",1,1
825,2026-08-30T00:04:42.977075+00:00,BOMEUSDT,BUY,DIP_BUY,0.000996,0.0,0.0010458,0.0011454,0.00097301,18.8,26.1,11.6,-74.34,0.323,0,11.3,54.8,79.0,RANGE,0.0,0,0,0,1,0.2008032128514105,0.6425702811244919,-0.297,-0.129,0.087,0.278,,0.0,0,RS_LOW,"[""shadow_rs_low"", ""shadow_regime_bad"", ""shadow_hour_weak""]",0,0
826,2026-08-30T00:04:44.471724+00:00,GIGGLEUSDT,BUY,DIP_BUY,40.26,0.0,42.273,46.299,39.90945,59.7,27.3,44.5,11.96,0.195,1,52.5,54.8,79.0,RANGE,0.0,0,0,0,1,0.9687034277198227,1.4903129657228054,-0.871,-1.0,1.113,1.712,,0.0,0,RS_LOW,"[""shadow_rs_low"", ""shadow_regime_bad"", ""shadow_hour_weak""]",0,0
827,2026-08-30T00:04:53.556109+00:00,RAINUSDT,BUY,VWAP_RECLAIM,0.017627,0.0,0.01824394,0.01903716,0.01744942,44.2,32.2,33.1,121.01,0.032,0,26.5,54.8,79.0,RANGE,0.0,0,0,0,1,0.09076984172008086,0.555965280535547,-0.212,-0.21,0.09,0.552,,0.0,0,RS_LOW,"[""shadow_rs_low"", ""shadow_regime_bad"", ""shadow_hour_weak""]",0,0
828,2026-08-30T00:05:13.664318+00:00,CHIPUSDT,BUY,DIP_BUY,0.040311,0.0,0.04232655,0.04635765,0.0398597,15.5,18.0,17.1,-14.56,0.56,0,9.3,54.8,79.0,RANGE,0.0,0,0,0,1,1.0791099203691248,1.2353948053881036,-1.12,-1.0,0.964,1.104,,0.0,0,RS_OK,"[""shadow_rs_ok"", ""shadow_regime_bad"", ""shadow_hour_weak""]",0,0
829,2026-08-30T05:14:53.582526+00:00,TUTUSDT,BUY,VWAP_RECLAIM,0.03652,0.0,0.0377982,0.0394416,0.03599566,41.8,34.4,49.5,11.45,0.538,0,25.1,54.8,79.0,RANGE,0.0,0,1,0,1,4.0525739320920104,0.027382256297908334,0.7,0.488,2.823,0.019,,0.0,0,RS_OK,"[""shadow_rs_ok"", ""shadow_regime_bad""]",1,1
830,2026-08-30T05:15:32.690922+00:00,KNCUSDT,BUY,DIP_BUY,0.119,0.0,0.12495,0.13685,0.11741,22.0,21.0,18.8,-0.48,0.185,0,13.2,54.8,79.0,RANGE,0.0,0,0,0,1,1.0084033613445433,0.0,0.594,0.445,0.755,0.0,,0.0,0,RS_LOW,"[""shadow_rs_low"", ""shadow_regime_bad""]",0,1
831,2026-08-30T05:15:33.875169+00:00,ROBOUSDT,BUY,DIP_BUY,0.01305,0.0,0.0137025,0.0150075,0.0128753,59.1,52.8,56.8,515.44,0.317,1,52.0,54.8,79.0,RANGE,0.0,0,0,0,1,0.07662835249041833,0.7662835249042232,-0.137,-0.102,0.057,0.572,,0.0,0,RS_LOW,"[""shadow_rs_low"", ""shadow_regime_bad""]",0,0
832,2026-08-30T05:15:37.551915+00:00,STXUSDT,BUY,DIP_BUY,0.2457,0.0,0.257985,0.282555,0.2410885,42.7,37.0,49.3,287.14,0.877,0,25.6,54.8,79.0,RANGE,0.0,0,0,0,1,0.32560032560032365,0.9361009361009347,-0.18,-0.096,0.173,0.499,,0.0,0,RS_OK,"[""shadow_rs_ok"", ""shadow_regime_bad""]",0,0
833,2026-08-30T10:31:01.909621+00:00,ONDOUSDT,BUY,VWAP_RECLAIM,0.35347,0.0,0.36584145,0.3817476,0.34971727,12.6,18.0,12.4,-38.46,0.181,0,7.6,54.8,79.0,RANGE,0.0,0,0,0,1,1.41454720344018,0.0,0.883,0.832,1.332,0.0,,0.0,0,RS_LOW,"[""shadow_rs_low"", ""shadow_regime_bad""]",0,1
834,2026-08-30T14:25:15.775890+00:00,PROMUSDT,BUY,DIP_BUY,7.093,0.0,7.44765,8.15695,6.894355,46.1,39.6,52.3,158.78,0.388,0,27.7,54.8,79.0,RANGE,0.0,0,0,0,1,0.0,3.411814464965459,-2.801,-1.0,0.0,1.218,,0.0,0,RS_LOW,"[""shadow_rs_low"", ""shadow_regime_bad""]",0,0
835,2026-08-30T14:25:31.841334+00:00,BOMEUSDT,BUY,DIP_BUY,0.0009759,0.0,0.0010247,0.00112228,0.00096913,47.1,38.3,48.4,878.31,0.166,0,28.3,54.8,79.0,RANGE,0.0,0,0,0,1,0.0,0.8197561225535379,-0.694,-1.0,0.0,1.182,,0.0,0,RS_LOW,"[""shadow_rs_low"", ""shadow_regime_bad""]",0,0
836,2026-08-30T14:57:56.000253+00:00,FETUSDT,BUY,DIP_BUY,0.1549,0.0,0.162645,0.178135,0.153628,15.7,20.0,23.8,-27.36,0.396,0,9.4,54.8,79.0,RANGE,0.0,0,0,0,1,0.0,0.8392511297611512,-0.821,-1.0,0.0,1.022,,0.0,0,RS_LOW,"[""shadow_rs_low"", ""shadow_regime_bad""]",0,0
837,2026-08-30T14:58:31.268894+00:00,KCSUSDT,BUY,DIP_BUY,7.037,0.0,7.38885,8.09255,6.96898,35.5,13.5,41.1,37.1,0.414,0,21.3,54.8,79.0,RANGE,0.0,0,0,0,1,0.7815830609634746,0.4405286343612292,-0.062,-0.064,0.809,0.456,,0.0,0,RS_LOW,"[""shadow_rs_low"", ""shadow_regime_bad""]",0,0
838,2026-08-30T18:26:44.633286+00:00,JUPUSDT,BUY,VWAP_RECLAIM,0.2188,0.0,0.226458,0.236304,0.21622967,11.9,24.0,9.3,-43.4,0.021,0,7.1,54.8,79.0,RANGE,0.0,0,0,0,1,0.9597806215722207,0.685557586837295,0.392,0.334,0.817,0.584,,0.0,0,RS_LOW,"[""shadow_rs_low"", ""shadow_regime_bad""]",0,1
839,2026-08-31T05:32:34.239371+00:00,ZECUSDT,BUY,DIP_BUY,830.112,0.0,871.6176,954.6288,811.160815,53.3,45.1,37.5,217.18,0.773,0,46.9,53.4,72.0,RANGE,0.0,0,0,0,1,0.5084856019428708,0.8863864153270821,-0.541,-0.237,0.223,0.388,,0.0,0,RS_OK,"[""shadow_rs_ok"", ""shadow_regime_bad""]",0,0
840,2026-08-31T05:32:51.627440+00:00,AVAXUSDT,BUY,DIP_BUY,7.224,0.0,7.5852,8.3076,7.09435,44.2,44.7,41.5,342.05,0.591,0,26.5,53.4,72.0,RANGE,0.0,0,0,0,1,0.35991140642303154,0.35991140642303154,-0.079,-0.044,0.201,0.201,,0.0,0,RS_OK,"[""shadow_rs_ok"", ""shadow_regime_bad""]",0,0
841,2026-08-31T05:33:37.762535+00:00,CASHCATUSDT,BUY,VWAP_RECLAIM,0.2022,0.0,0.209277,0.218376,0.19984783,69.1,46.1,33.3,77.37,6.526,0,60.8,53.4,72.0,RANGE,0.0,0,1,0,1,3.907022749752729,0.1483679525222526,0.7,0.602,3.359,0.128,,0.0,0,RS_OK,"[""shadow_rs_ok"", ""shadow_regime_bad""]",1,1
842,2026-08-31T05:34:11.268435+00:00,CROUSDT,BUY,DIP_BUY,0.05653,0.0,0.0593565,0.0650095,0.05563045,51.0,43.5,37.2,1014.35,0.431,0,44.9,53.4,72.0,RANGE,0.0,0,0,0,1,1.0967627808243456,0.3537944454272047,0.608,0.382,0.689,0.222,,0.0,0,RS_LOW,"[""shadow_rs_low"", ""shadow_regime_bad""]",0,1
843,2026-08-31T07:01:53.424216+00:00,DGAIUSDT,BUY,DIP_BUY,0.6835,0.0,0.717675,0.786025,0.6721225,18.8,40.5,31.0,-4.84,0.126,0,11.3,53.4,72.0,RANGE,0.0,0,0,0,1,1.3299195318215131,0.8866130212143313,-0.776,-0.466,0.799,0.533,,0.0,0,RS_LOW,"[""shadow_rs_low"", ""shadow_regime_bad""]",0,0
844,2026-08-31T07:02:13.181070+00:00,FILUSDT,BUY,DIP_BUY,0.6782,0.0,0.71211,0.77993,0.672222,45.5,58.7,64.8,553.78,0.308,0,27.3,53.4,72.0,RANGE,0.0,0,0,0,1,0.05897965202004659,0.6782659982306175,-0.618,-0.701,0.067,0.769,,0.0,0,RS_LOW,"[""shadow_rs_low"", ""shadow_regime_bad""]",0,0
845,2026-08-31T07:03:02.586088+00:00,STRKUSDT,BUY,DIP_BUY,0.02571,0.0,0.0269955,0.0295665,0.02554165,16.3,21.0,23.0,-38.89,0.046,0,9.8,53.4,72.0,RANGE,0.0,0,0,0,1,0.5445352003111679,0.8168028004667517,-0.655,-1.0,0.832,1.247,,0.0,0,RS_LOW,"[""shadow_rs_low"", ""shadow_regime_bad""]",0,0
846,2026-08-31T07:38:01.350118+00:00,TMXUSDT,BUY,DIP_BUY,0.11951,0.0,0.1254855,0.1374365,0.11608665,42.5,19.8,26.9,10.72,1.382,0,25.5,53.4,72.0,RANGE,0.0,0,0,0,1,3.221487741611574,1.4643126098234471,-0.79,-0.276,1.125,0.511,,0.0,0,RS_OK,"[""shadow_rs_ok"", ""shadow_regime_bad""]",0,0
847,2026-08-31T09:04:43.549922+00:00,DOTUSDT,BUY,DIP_BUY,0.8291,0.0,0.870555,0.953465,0.822069,33.4,19.4,37.2,18.62,0.114,0,20.0,53.4,72.0,RANGE,0.0,0,0,0,1,0.9407791581232697,0.12061271257990604,0.132,0.156,1.109,0.142,,0.0,0,RS_LOW,"[""shadow_rs_low"", ""shadow_regime_bad"", ""shadow_hour_weak""]",0,1
848,2026-08-31T09:04:49.138111+00:00,POLUSDT,BUY,DIP_BUY,0.0944,0.0,0.09912,0.10856,0.093132,54.9,68.0,49.5,854.94,0.397,0,48.3,53.4,72.0,RANGE,0.0,0,0,0,1,0.9533898305084726,0.9533898305084726,-0.318,-0.237,0.71,0.71,,0.0,0,RS_LOW,"[""shadow_rs_low"", ""shadow_regime_bad"", ""shadow_hour_weak""]",0,0
849,2026-08-31T09:05:23.432499+00:00,ATOMUSDT,BUY,DIP_BUY,1.4809,0.0,1.554945,1.703035,1.4689185,40.4,45.0,34.6,-69.27,0.22,1,24.2,53.4,72.0,RANGE,0.0,0,0,0,1,0.18232156121277093,1.1749611722601174,-0.809,-1.0,0.225,1.452,,0.0,0,RS_LOW,"[""shadow_rs_low"", ""shadow_regime_bad"", ""shadow_hour_weak""]",0,0
850,2026-08-31T09:19:24.670035+00:00,BTCUSDT,BUY,DIP_BUY,78691.5,0.0,82626.075,90495.225,77689.998,37.0,31.8,47.6,45.7,0.0,0,22.2,53.4,72.0,RANGE,0.0,0,0,0,1,0.12466403614114083,0.4718425751192986,-0.284,-0.223,0.098,0.371,,0.0,0,RS_LOW,"[""shadow_rs_low"", ""shadow_regime_bad"", ""shadow_hour_weak""]",0,0
851,2026-08-31T09:19:37.914421+00:00,SUIUSDT,BUY,DIP_BUY,0.723,0.0,0.75915,0.83145,0.7164995,39.9,12.7,44.0,92.43,-0.13,0,23.9,53.4,72.0,RANGE,0.0,0,0,0,1,1.1065006915629334,0.6362378976486774,0.41,0.456,1.231,0.708,,0.0,0,RS_LOW,"[""shadow_rs_low"", ""shadow_regime_bad"", ""shadow_hour_weak""]",0,1
852,2026-08-31T09:20:03.419250+00:00,TAOUSDT,BUY,DIP_BUY,229.94,0.0,241.437,264.431,227.32765,38.0,20.8,38.1,27.39,0.027,0,22.8,53.4,72.0,RANGE,0.0,0,0,0,1,0.5523179959989607,0.3609637296686023,-0.141,-0.124,0.486,0.318,,0.0,0,RS_LOW,"[""shadow_rs_low"", ""shadow_regime_bad"", ""shadow_hour_weak""]",0,0
853,2026-08-31T09:20:14.715384+00:00,FETUSDT,BUY,VWAP_RECLAIM,0.1514,0.0,0.156699,0.163512,0.14986981,12.0,10.6,18.1,-43.11,-0.031,0,7.2,53.4,72.0,RANGE,0.0,0,0,0,1,1.2549537648612847,0.39630118890357807,0.477,0.472,1.242,0.392,,0.0,0,RS_LOW,"[""shadow_rs_low"", ""shadow_regime_bad"", ""shadow_hour_weak""]",0,1
854,2026-08-31T10:13:16.747620+00:00,CASHCATUSDT,BUY,DIP_BUY,0.211,0.0,0.22155,0.24265,0.2066615,14.4,18.0,20.0,-22.22,0.599,0,8.6,53.4,72.0,RANGE,0.0,0,0,0,1,0.18957345971564524,3.033175355450232,-2.056,-1.0,0.092,1.475,,0.0,0,RS_OK,"[""shadow_rs_ok"", ""shadow_regime_bad""]",0,0
855,2026-08-31T10:13:27.816471+00:00,DEXEUSDT,BUY,DIP_BUY,2.1221,0.0,2.228205,2.440415,2.1041265,35.9,20.4,33.5,45.07,0.189,0,21.5,53.4,72.0,RANGE,0.0,0,0,0,1,0.5466283398520358,0.6408746053437764,-0.459,-0.542,0.645,0.757,,0.0,0,RS_LOW,"[""shadow_rs_low"", ""shadow_regime_bad""]",0,0
856,2026-08-31T10:27:28.122175+00:00,TRXUSDT,BUY,DIP_BUY,0.3353,0.0,0.352065,0.385595,0.3326285,39.0,31.4,40.6,61.41,0.279,0,23.4,53.4,72.0,RANGE,0.0,0,0,0,1,0.2684163435729233,0.2684163435729233,-0.187,-0.235,0.337,0.337,,0.0,0,RS_LOW,"[""shadow_rs_low"", ""shadow_regime_bad""]",0,0
857,2026-08-31T15:12:45.652965+00:00,PAXGUSDT,BUY,DIP_BUY,4437.28,0.0,4659.144,5102.872,4396.5667,45.9,32.6,46.8,154.19,0.28,0,27.5,53.4,72.0,RANGE,0.0,0,0,0,1,0.0,6.1337125446219325,-0.918,-1.001,0.0,6.685,,0.0,0,RS_LOW,"[""shadow_rs_low"", ""shadow_regime_bad""]",0,0
858,2026-08-31T15:12:52.717675+00:00,POLUSDT,BUY,DIP_BUY,0.0884,0.0,0.09282,0.10166,0.085968,47.7,51.1,33.3,57.97,0.9,0,28.6,53.4,72.0,RANGE,0.0,0,1,0,0,28.84615384615384,0.0,24.077,8.752,10.485,0.0,,0.0,0,RS_OK,"[""shadow_rs_ok"", ""shadow_regime_bad""]",1,1
859,2026-10-01T12:47:07.240106+00:00,GRASSUSDT,BUY,VWAP_RECLAIM,0.6789782999999999,0.6795,0.6817,0.6831,0.6773,37.0,26.9,18.0,-4.62,0.0,1,22.2,50.0,50.0,,0.0,0,0,0,1,0.0,0.5270124244029484,-0.247,-0.999,0.0,2.132,,0.0,0,RS_LOW,"[""shadow_rs_low"", ""shadow_regime_bad""]",0,0
860,2026-10-01T12:48:42.731312+00:00,USELESSUSDT,BUY,VWAP_RECLAIM,0.22847825,0.2279,0.2309,0.2321,0.227,43.5,29.7,33.0,595.9,0.0,0,26.1,50.0,50.0,,0.0,0,0,0,1,0.11456232704863813,0.8964748285668336,-0.647,-1.0,0.177,1.386,,0.0,0,RS_LOW,"[""shadow_rs_low"", ""shadow_regime_bad""]",0,0
861,2026-10-01T12:48:47.506473+00:00,0GUSDT,BUY,VWAP_RECLAIM,0.29949919999999997,0.3004,0.3011,0.302,0.2985,50.3,16.7,47.0,23.62,0.0,1,44.3,50.0,50.0,,0.0,0,0,0,1,0.23399060832217816,0.43379080812234055,-0.334,-1.001,0.701,1.3,,0.0,0,RS_LOW,"[""shadow_rs_low"", ""shadow_regime_bad""]",0,0
862,2026-10-01T12:49:15.486967+00:00,SUSHIUSDT,BUY,VWAP_RECLAIM,0.26296269999999994,0.2632,0.264,0.2645,0.2624,33.2,13.7,21.0,74.26,0.0,0,19.9,50.0,50.0,,0.0,0,0,0,1,0.0,0.5182103773652839,-0.214,-1.0,0.0,2.422,,0.0,0,RS_LOW,"[""shadow_rs_low"", ""shadow_regime_bad""]",0,0
863,2026-10-01T13:02:28.696478+00:00,SOONUSDT,BUY,VWAP_RECLAIM,0.44454409999999994,0.446,0.4515,0.4549,0.4404,48.3,43.3,53.0,56.02,0.0,0,29.0,50.0,50.0,,0.0,0,0,0,1,0.08005954864772148,5.273739995649469,-0.932,-1.0,0.086,5.657,,0.0,0,RS_LOW,"[""shadow_rs_low"", ""shadow_regime_bad"", ""shadow_hour_weak""]",0,0
864,2026-10-01T13:04:08.415431+00:00,DGAIUSDT,BUY,VWAP_RECLAIM,0.9222112899999999,0.9259,0.925,0.9264,0.9205,8.7,5.0,8.0,-14.04,0.0,0,5.2,50.0,50.0,,0.0,0,0,0,1,0.11480124039688663,0.20508206964153292,-0.186,-1.002,0.619,1.105,,0.0,0,RS_LOW,"[""shadow_rs_low"", ""shadow_regime_bad"", ""shadow_hour_weak""]",0,0
865,2026-10-01T21:48:21.087297+00:00,STXUSDT,BUY,VWAP_RECLAIM,0.3791788,0.3773,0.3818,0.3831,0.3776,38.8,28.8,36.4,21.5,0.0,0,23.3,50.0,50.0,,0.0,0,0,0,1,0.3748099841024898,0.5746101839026815,-0.416,-0.999,0.9,1.38,,0.0,0,RS_LOW,"[""shadow_rs_low"", ""shadow_regime_bad"", ""shadow_hour_weak""]",0,0
866,2026-10-01T21:48:46.566573+00:00,ETCUSDT,BUY,VWAP_RECLAIM,8.789781,8.8094,8.8116,8.8225,8.7767,44.5,38.1,18.0,347.21,0.0,0,26.7,50.0,50.0,,0.0,0,1,1,1,0.7260590451571036,0.09307399126326854,0.51,3.427,4.879,0.625,,0.0,0,RS_LOW,"[""shadow_rs_low"", ""shadow_regime_bad"", ""shadow_hour_weak""]",1,1
867,2026-10-01T21:49:27.938237+00:00,TRBUSDT,BUY,VWAP_RECLAIM,21.025004,21.0151,21.1208,21.1687,20.9675,40.7,18.9,26.0,36.23,0.0,0,24.4,50.0,50.0,,0.0,0,1,1,1,0.8323232661453961,1.3365229324094274,0.228,0.834,3.043,4.887,,0.0,0,RS_LOW,"[""shadow_rs_low"", ""shadow_regime_bad"", ""shadow_hour_weak""]",1,1
868,2026-10-01T21:49:33.207820+00:00,PHAUSDT,BUY,VWAP_RECLAIM,0.0729729,0.0731,0.0734,0.0736,0.0727,43.6,29.5,35.0,433.89,0.0,0,26.2,50.0,50.0,,0.0,0,1,1,1,0.9963972926936006,0.0999000999000819,0.289,0.773,2.664,0.267,,0.0,0,RS_LOW,"[""shadow_rs_low"", ""shadow_regime_bad"", ""shadow_hour_weak""]",1,1
869,2026-10-02T01:29:57.281168+00:00,CAPUSDT,BUY,VWAP_RECLAIM,0.071138067,0.071,0.0746,0.0763,0.0691,59.5,58.0,40.0,1492.93,0.0,0,52.4,50.0,50.0,,0.0,0,1,1,1,8.69988918872368,0.3093519535750168,6.462,2.256,3.037,0.108,,0.0,0,RS_LOW,"[""shadow_rs_low"", ""shadow_regime_bad"", ""shadow_hour_weak""]",1,1
870,2026-10-02T01:31:46.264260+00:00,HUMAUSDT,BUY,VWAP_RECLAIM,0.03363359999999999,0.0337,0.0337,0.0337,0.0336,40.8,21.6,18.0,43.55,0.0,0,24.5,50.0,50.0,,0.0,0,1,1,1,0.8872080300651857,0.0,0.24,2.402,8.881,0.0,,0.0,0,RS_LOW,"[""shadow_rs_low"", ""shadow_regime_bad"", ""shadow_hour_weak""]",1,1
871,2026-10-02T08:15:55.485087+00:00,TRUMPUSDT,BUY,VWAP_RECLAIM,2.1021,2.0961,2.1135,2.1193,2.0952,11.2,11.6,4.9,-27.67,0.0,0,6.7,50.0,50.0,,0.0,0,1,0,1,0.5661005661005566,0.242614528328819,0.108,0.329,1.725,0.739,,0.0,0,RS_LOW,"[""shadow_rs_low"", ""shadow_regime_bad""]",1,1
872,2026-10-02T08:16:09.101188+00:00,PAXGUSDT,BUY,VWAP_RECLAIM,4197.03284,4191.8585,4205.4354,4209.6366,4191.9913,19.0,13.1,14.0,-9.5,0.0,0,11.4,50.0,50.0,,0.0,0,0,0,1,0.0,0.1871045640900813,-0.12,-0.999,0.0,1.558,,0.0,0,RS_LOW,"[""shadow_rs_low"", ""shadow_regime_bad""]",0,0
873,2026-10-02T08:17:24.820062+00:00,SUSDT,BUY,VWAP_RECLAIM,0.03925921999999999,0.0391,0.0395,0.0397,0.0391,13.3,8.0,8.0,-42.12,0.0,0,8.0,50.0,50.0,,0.0,0,1,1,1,2.421800535008114,0.25273044140966167,0.878,2.165,5.971,0.623,,0.0,0,RS_LOW,"[""shadow_rs_low"", ""shadow_regime_bad""]",1,1
874,2026-10-02T08:17:28.789788+00:00,SKYUSDT,BUY,VWAP_RECLAIM,0.08454445999999999,0.0846,0.0848,0.0849,0.0844,13.5,28.3,16.3,-17.89,0.0,0,8.1,50.0,50.0,,0.0,0,0,0,1,0.0,0.348290118595568,-0.171,-1.001,0.0,2.038,,0.0,0,RS_LOW,"[""shadow_rs_low"", ""shadow_regime_bad""]",0,0
875,2026-10-02T08:17:54.086223+00:00,METUSDT,BUY,VWAP_RECLAIM,0.3238235,0.3236,0.3253,0.326,0.323,25.9,15.6,16.1,-63.52,0.0,1,15.5,50.0,50.0,,0.0,0,0,0,1,0.3015531609040083,0.5939964208897647,-0.254,-0.999,1.186,2.336,,0.0,0,RS_LOW,"[""shadow_rs_low"", ""shadow_regime_bad""]",0,0
876,2026-10-02T15:39:43.735118+00:00,KASUSDT,BUY,VWAP_RECLAIM,0.04304299999999999,0.043,0.0436,0.0438,0.0427,40.9,21.2,45.1,47.27,0.0,0,24.5,50.0,50.0,,0.0,0,0,0,1,0.41121669028648217,0.9595056106683777,-0.797,-1.0,0.516,1.204,,0.0,0,RS_LOW,"[""shadow_rs_low"", ""shadow_regime_bad""]",0,0
877,2026-10-02T15:40:01.430695+00:00,CVXUSDT,BUY,VWAP_RECLAIM,2.3494471,2.3435,2.3734,2.3853,2.3351,50.8,47.8,50.0,107.24,0.0,0,44.7,50.0,50.0,,0.0,0,0,0,1,0.0,2.1046270843893473,-0.611,-1.0,0.0,3.446,,0.0,0,RS_LOW,"[""shadow_rs_low"", ""shadow_regime_bad""]",0,0
878,2026-10-03T00:21:59.602467+00:00,POLUSDT,BUY,VWAP_RECLAIM,0.10730719999999999,0.1068,0.1077,0.1079,0.1071,48.1,46.6,47.4,103.96,0.0,0,28.9,50.0,50.0,,0.0,0,1,1,1,0.8320038170784562,0.0,0.575,2.978,4.309,0.0,,0.0,0,RS_LOW,"[""shadow_rs_low"", ""shadow_regime_bad"", ""shadow_hour_weak""]",1,1
879,2026-10-03T00:22:48.499551+00:00,SOONUSDT,BUY,VWAP_RECLAIM,0.36886849999999993,0.3687,0.3726,0.3745,0.3666,38.4,20.7,48.0,33.03,0.0,0,23.0,50.0,50.0,,0.0,0,1,1,1,3.8310400589912335,0.28966962481207176,1.872,3.044,6.229,0.471,,0.0,0,RS_LOW,"[""shadow_rs_low"", ""shadow_regime_bad"", ""shadow_hour_weak""]",1,1
880,2026-10-03T06:19:02.097615+00:00,USELESSUSDT,BUY,VWAP_RECLAIM,0.21995973999999996,0.2201,0.2221,0.2231,0.2187,52.5,31.1,47.6,30.46,0.0,1,46.2,50.0,50.0,,0.0,0,0,0,1,0.5547651583876344,0.7318339256083731,-0.559,-0.976,0.969,1.278,,0.0,0,RS_LOW,"[""shadow_rs_low"", ""shadow_regime_bad"", ""shadow_hour_weak""]",0,0
881,2026-10-03T06:19:21.690920+00:00,PYTHUSDT,BUY,VWAP_RECLAIM,0.07888880999999999,0.0786,0.0793,0.0794,0.0787,10.8,16.1,13.3,-21.89,0.0,0,6.5,50.0,50.0,,0.0,0,0,0,1,0.0,0.4294778942666203,-0.239,-0.999,0.0,1.795,,0.0,0,RS_LOW,"[""shadow_rs_low"", ""shadow_regime_bad"", ""shadow_hour_weak""]",0,0
882,2026-10-03T06:19:51.711851+00:00,HUMAUSDT,BUY,VWAP_RECLAIM,0.033569536,0.0337,0.0337,0.0337,0.0335,20.1,22.4,3.0,0.0,0.0,0,12.1,50.0,50.0,,0.0,0,0,0,1,0.0,0.2637391234719484,-0.207,-1.0,0.0,1.273,,0.0,0,RS_LOW,"[""shadow_rs_low"", ""shadow_regime_bad"", ""shadow_hour_weak""]",0,0
883,2026-10-03T06:20:22.334292+00:00,CVXUSDT,BUY,VWAP_RECLAIM,2.2788766,2.2762,2.288,2.2925,2.2734,59.6,33.4,37.9,94.26,0.0,1,52.4,50.0,50.0,,0.0,0,0,0,1,0.0,0.5562653107237056,-0.24,-0.999,0.0,2.315,,0.0,0,RS_LOW,"[""shadow_rs_low"", ""shadow_regime_bad"", ""shadow_hour_weak""]",0,0
884,2026-10-03T12:24:14.365050+00:00,EIGENUSDT,BUY,VWAP_RECLAIM,0.2528526,0.2526,0.2536,0.254,0.2524,27.0,18.0,23.0,-47.67,0.0,1,16.2,50.0,50.0,,0.0,0,0,0,1,0.0,0.5349361643898389,-0.179,-1.0,0.0,2.988,,0.0,0,RS_LOW,"[""shadow_rs_low"", ""shadow_regime_bad""]",0,0
885,2026-10-03T12:24:31.882662+00:00,PAXGUSDT,BUY,VWAP_RECLAIM,4152.11797,4146.9046,4152.712,4153.009,4151.7615,35.3,24.0,39.1,549.9,0.0,0,21.2,50.0,50.0,,0.0,0,0,0,1,0.0,0.09965925895888449,-0.009,-1.047,0.0,11.588,,0.0,0,RS_LOW,"[""shadow_rs_low"", ""shadow_regime_bad""]",0,0
886,2026-10-03T12:24:45.352329+00:00,LITUSDT,BUY,VWAP_RECLAIM,3.5535499999999995,3.5374,3.5785,3.5909,3.5386,46.5,30.7,33.0,148.13,0.0,0,27.9,50.0,50.0,,0.0,0,0,0,1,0.0,0.6908584373373001,-0.421,-1.001,0.0,1.642,,0.0,0,RS_LOW,"[""shadow_rs_low"", ""shadow_regime_bad""]",0,0
887,2026-10-03T12:24:49.099214+00:00,MANAUSDT,BUY,VWAP_RECLAIM,0.10314303999999999,0.1034,0.1042,0.1047,0.1025,15.4,16.5,24.0,-6.81,0.0,0,9.2,50.0,50.0,,0.0,0,0,0,1,0.0,0.8658267198639849,-0.623,-0.999,0.0,1.389,,0.0,0,RS_LOW,"[""shadow_rs_low"", ""shadow_regime_bad""]",0,0
888,2026-10-03T12:25:29.258876+00:00,CHZUSDT,BUY,VWAP_RECLAIM,0.01727726,0.0173,0.0174,0.0174,0.0172,16.6,13.0,16.0,-21.35,0.0,0,10.0,50.0,50.0,,0.0,0,0,0,1,0.0,0.6786955802019389,-0.447,-1.0,0.0,1.518,,0.0,0,RS_LOW,"[""shadow_rs_low"", ""shadow_regime_bad""]",0,0
889,2026-10-03T12:25:45.063007+00:00,MARSCOINUSDT,BUY,VWAP_RECLAIM,0.11091079999999999,0.1113,0.1122,0.1128,0.1101,33.3,8.6,23.0,12.79,0.0,0,20.0,50.0,50.0,,0.0,0,0,0,1,0.0,0.8212004601896203,-0.731,-1.0,0.0,1.123,,0.0,0,RS_LOW,"[""shadow_rs_low"", ""shadow_regime_bad""]",0,0
890,2026-10-03T12:26:51.288470+00:00,DEXEUSDT,BUY,VWAP_RECLAIM,1.8885866999999998,1.8865,1.9026,1.9096,1.8802,46.3,39.3,45.0,40.74,0.0,0,27.8,50.0,50.0,,0.0,0,0,0,1,0.0,0.48643252650248364,-0.444,-1.0,0.0,1.095,,0.0,0,RS_LOW,"[""shadow_rs_low"", ""shadow_regime_bad""]",0,0
891,2026-10-03T17:10:22.030847+00:00,2ZUSDT,BUY,VWAP_RECLAIM,0.046746699999999995,0.0465,0.047,0.0472,0.0466,38.0,18.6,52.1,13.01,0.0,0,22.8,50.0,50.0,,0.0,0,0,0,1,0.007059321834492464,1.3406293920212422,-0.314,-1.001,0.022,4.272,,0.0,0,RS_LOW,"[""shadow_rs_low"", ""shadow_regime_bad""]",0,0
892,2026-10-03T17:11:21.973082+00:00,TRBUSDT,BUY,VWAP_RECLAIM,21.004984,20.8901,21.133,21.1969,20.9282,20.9,23.0,13.7,-60.66,0.0,0,12.5,50.0,50.0,,0.0,0,1,0,1,0.8094079005249438,0.1617901732274599,0.122,0.334,2.214,0.443,,0.0,0,RS_LOW,"[""shadow_rs_low"", ""shadow_regime_bad""]",1,1
893,2026-10-03T20:52:44.054678+00:00,STXUSDT,BUY,VWAP_RECLAIM,0.38558519999999996,0.384,0.3931,0.3968,0.3811,27.8,29.4,12.7,-29.77,0.0,0,16.7,50.0,50.0,,0.0,0,0,0,1,0.4447266129509163,0.46298457513410446,-0.072,-0.062,0.382,0.398,,0.0,0,RS_LOW,"[""shadow_rs_low"", ""shadow_regime_bad""]",0,0
894,2026-10-03T20:54:16.990553+00:00,IOUSDT,BUY,VWAP_RECLAIM,0.16816799999999998,0.1672,0.17,0.1709,0.1671,22.9,34.4,35.0,-44.83,0.0,0,13.7,50.0,50.0,,0.0,0,0,0,1,0.07849293563580526,0.6945435516863938,-0.635,-1.0,0.124,1.094,,0.0,0,RS_LOW,"[""shadow_rs_low"", ""shadow_regime_bad""]",0,0
895,2026-10-03T23:42:45.948032+00:00,FETUSDT,BUY,VWAP_RECLAIM,0.22652629999999999,0.2263,0.2275,0.228,0.2259,26.4,38.2,34.4,0.13,0.0,0,15.8,50.0,50.0,,0.0,0,0,0,1,0.0,0.3206250223483919,-0.276,-0.998,0.0,1.16,,0.0,0,RS_LOW,"[""shadow_rs_low"", ""shadow_regime_bad""]",0,0
896,2026-10-03T23:44:00.488680+00:00,IMXUSDT,BUY,VWAP_RECLAIM,0.18388369999999998,0.1834,0.1844,0.1847,0.1836,33.2,36.8,48.7,3.57,0.0,0,19.9,50.0,50.0,,0.0,0,0,0,1,0.008864298466924816,0.31742889663411855,-0.154,-0.998,0.057,2.057,,0.0,0,RS_LOW,"[""shadow_rs_low"", ""shadow_regime_bad""]",0,0
897,2026-10-03T23:44:35.485173+00:00,YFIUSDT,BUY,VWAP_RECLAIM,2623.3907699999995,2613.0041,2630.274,2633.7157,2619.2608,26.5,39.4,13.6,0.0,0.0,0,15.9,50.0,50.0,,0.0,0,1,1,1,0.6548483053479923,0.04157863222181492,0.505,3.208,4.16,0.264,,0.0,0,RS_LOW,"[""shadow_rs_low"", ""shadow_regime_bad""]",1,1
898,2026-10-03T23:44:43.962703+00:00,ORCAUSDT,BUY,VWAP_RECLAIM,1.8036017999999998,1.7994,1.8063,1.8076,1.802,32.0,29.7,33.7,-68.87,0.0,1,19.2,50.0,50.0,,0.0,0,1,0,1,0.30484555959082105,0.17197809405600625,0.03,0.338,3.433,1.937,,0.0,0,RS_LOW,"[""shadow_rs_low"", ""shadow_regime_bad""]",1,1
899,2026-10-04T05:18:11.835659+00:00,RAYUSDT,BUY,VWAP_RECLAIM,2.0678657999999994,2.0558,2.0745,2.0779,2.0639,40.8,18.0,43.0,318.99,0.0,0,24.5,50.0,50.0,,0.0,0,1,1,1,0.7270394432753111,0.012853832197394855,0.161,0.839,3.791,0.067,,0.0,0,RS_LOW,"[""shadow_rs_low"", ""shadow_regime_bad""]",1,1
900,2026-10-04T05:18:52.994328+00:00,ARUSDT,BUY,VWAP_RECLAIM,4.478473999999999,4.4715,4.4898,4.4954,4.4717,18.5,15.0,3.0,-60.31,0.0,0,11.1,50.0,50.0,,0.0,0,0,0,1,0.0,0.2785323750902475,-0.151,-0.998,0.0,1.841,,0.0,0,RS_LOW,"[""shadow_rs_low"", ""shadow_regime_bad""]",0,0
901,2026-10-04T12:07:21.953341+00:00,LITUSDT,BUY,VWAP_RECLAIM,3.6566529999999995,3.648,3.679,3.6901,3.6433,18.3,38.1,32.0,-19.83,0.0,0,11.0,50.0,50.0,,0.0,0,0,0,1,0.0,0.9203224916337228,-0.365,-0.999,0.0,2.52,,0.0,0,RS_LOW,"[""shadow_rs_low"", ""shadow_regime_bad""]",0,0
902,2026-10-04T12:07:51.595354+00:00,ETCUSDT,BUY,VWAP_RECLAIM,8.846537699999999,8.8306,8.8541,8.8578,8.842,18.7,14.0,19.0,-26.24,0.0,0,11.2,50.0,50.0,,0.0,0,0,0,1,0.0,0.0999000999000893,-0.051,-0.994,0.0,1.947,,0.0,0,RS_LOW,"[""shadow_rs_low"", ""shadow_regime_bad""]",0,0
903,2026-10-04T12:09:04.651051+00:00,ESPUSDT,BUY,VWAP_RECLAIM,0.10976965999999998,0.1098,0.1104,0.1108,0.1094,47.4,30.1,28.4,590.98,0.0,0,28.4,50.0,50.0,,0.0,0,0,0,1,0.0,0.7467090633240299,-0.337,-1.001,0.0,2.217,,0.0,0,RS_LOW,"[""shadow_rs_low"", ""shadow_regime_bad""]",0,0
904,2026-10-04T17:19:09.073130+00:00,POLUSDT,BUY,VWAP_RECLAIM,0.10870859999999999,0.1088,0.1091,0.1093,0.1085,42.9,27.0,33.0,590.65,0.0,0,25.7,50.0,50.0,,0.0,0,0,0,1,0.08407798463047576,0.1918891421653755,-0.192,-1.001,0.438,1.0,,0.0,0,RS_LOW,"[""shadow_rs_low"", ""shadow_regime_bad""]",0,0
905,2026-10-04T17:19:19.161745+00:00,RAYUSDT,BUY,VWAP_RECLAIM,2.0708688,2.0786,2.0778,2.0813,2.0667,44.7,37.2,26.0,716.1,0.0,0,26.8,50.0,50.0,,0.0,0,1,1,1,2.9471302093111813,0.09990009990009902,1.475,7.327,14.64,0.496,,0.0,0,RS_LOW,"[""shadow_rs_low"", ""shadow_regime_bad""]",1,1
906,2026-10-04T17:19:57.137996+00:00,MARSCOINUSDT,BUY,VWAP_RECLAIM,0.10840829999999999,0.1088,0.1093,0.1098,0.1079,11.3,11.0,16.0,-43.87,0.0,0,6.8,50.0,50.0,,0.0,0,0,0,1,0.0,0.5611193976844747,-0.469,-1.0,0.0,1.197,,0.0,0,RS_LOW,"[""shadow_rs_low"", ""shadow_regime_bad""]",0,0
907,2026-10-04T17:20:21.092698+00:00,SOONUSDT,BUY,VWAP_RECLAIM,0.3626623,0.3635,0.3643,0.3651,0.3617,42.8,22.2,37.0,222.95,0.0,0,25.7,50.0,50.0,,0.0,0,0,0,1,0.0,0.43078643685875717,-0.265,-0.999,0.0,1.624,,0.0,0,RS_LOW,"[""shadow_rs_low"", ""shadow_regime_bad""]",0,0
908,2026-10-04T21:09:13.831584+00:00,FILUSDT,BUY,VWAP_RECLAIM,1.0515504999999998,1.0522,1.0543,1.0556,1.0499,11.9,8.0,11.0,-15.15,0.0,0,7.1,50.0,50.0,,0.0,0,0,0,1,0.17588313637814443,0.48980053739690455,-0.157,-1.0,1.12,3.12,,0.0,0,RS_LOW,"[""shadow_rs_low"", ""shadow_regime_bad"", ""shadow_hour_weak""]",0,0
909,2026-10-04T21:09:41.277583+00:00,PAXGUSDT,BUY,VWAP_RECLAIM,4150.085939999999,4145.763,4150.449,4150.6305,4149.8681,46.2,38.6,44.5,290.06,0.0,0,27.7,50.0,50.0,,0.0,0,0,0,1,0.0,0.09990009990008614,-0.005,-0.962,0.0,19.212,,0.0,0,RS_LOW,"[""shadow_rs_low"", ""shadow_regime_bad"", ""shadow_hour_weak""]",0,0
910,2026-10-04T21:09:56.314240+00:00,GRASSUSDT,BUY,VWAP_RECLAIM,0.6977971,0.6964,0.702,0.704,0.6953,43.4,28.3,37.0,497.62,0.0,0,26.0,50.0,50.0,,0.0,0,0,0,1,0.38734755418159,0.5728169406264336,-0.358,-1.0,1.082,1.6,,0.0,0,RS_LOW,"[""shadow_rs_low"", ""shadow_regime_bad"", ""shadow_hour_weak""]",0,0
911,2026-10-04T21:10:02.884715+00:00,MANAUSDT,BUY,VWAP_RECLAIM,0.10318308,0.1033,0.1037,0.1039,0.1029,39.6,34.4,36.0,224.28,0.0,0,23.8,50.0,50.0,,0.0,0,0,0,1,0.24899431185811446,0.34218788584329113,-0.274,-0.999,0.908,1.247,,0.0,0,RS_LOW,"[""shadow_rs_low"", ""shadow_regime_bad"", ""shadow_hour_weak""]",0,0
912,2026-10-04T21:10:39.320517+00:00,PYTHUSDT,BUY,VWAP_RECLAIM,0.07786778999999999,0.0779,0.078,0.0781,0.0778,57.8,39.9,45.9,272.94,0.0,1,50.9,50.0,50.0,,0.0,0,1,0,1,0.20831463176238835,0.5493799169078735,0.034,0.39,2.392,6.307,,0.0,0,RS_LOW,"[""shadow_rs_low"", ""shadow_regime_bad"", ""shadow_hour_weak""]",1,1
913,2026-10-04T21:10:41.997978+00:00,ESPUSDT,BUY,VWAP_RECLAIM,0.10575564999999998,0.106,0.1059,0.1059,0.1057,25.9,47.9,6.2,0.0,0.0,0,15.5,50.0,50.0,,0.0,0,0,0,1,0.0,0.09990009990008565,-0.053,-1.008,0.0,1.899,,0.0,0,RS_LOW,"[""shadow_rs_low"", ""shadow_regime_bad"", ""shadow_hour_weak""]",0,0
914,2026-10-04T21:10:47.701909+00:00,APEUSDT,BUY,VWAP_RECLAIM,0.16706689999999996,0.1666,0.1681,0.1687,0.1664,35.4,20.4,39.1,26.74,0.0,0,21.2,50.0,50.0,,0.0,0,0,0,1,0.0,0.45903766694657017,-0.399,-0.999,0.0,1.15,,0.0,0,RS_LOW,"[""shadow_rs_low"", ""shadow_regime_bad"", ""shadow_hour_weak""]",0,0
